Sample #,Premium USD,Claim,AgeClass,Gender,Car Power,Rating Class,Branch,Zone,Region,City
1,1508.82,N,Elder,F,16,D,MAGENTA,S,SW,N
2,869.69,N,Elder,F,19,B,BROWN,M,MW,Y
3,572.72,N,Elder,M,19,A,INDIGO,S,SE,N
4,544.29,N,Elder,F,12,B,BROWN,M,MW,Y
5,785.53,N,Young,M,16,B,BROWN,M,MW,Y
6,842.9,N,Elder,M,17,B,MAGENTA,M,MW,N
7,387.84,N,Elder,M,16,A,BROWN,M,MW,Y
8,597.36,N,Elder,F,14,B,BROWN,M,MW,Y
9,338.82,N,Elder,F,12,A,BROWN,M,ME,Y
10,148.08,N,Elder,F,10,A,BROWN,S,SW,Y
11,1148.83,N,Elder,M,15,C,INDIGO,M,ME,N
12,1066.71,N,Elder,F,18,B,INDIGO,M,MW,Y
13,773.67,N,Elder,F,12,B,MAGENTA,S,SE,N
14,1276.35,N,Elder,F,17,C,MAGENTA,M,MW,Y
15,1416.06,N,Elder,M,17,D,BROWN,S,SW,Y
16,610.16,N,Elder,M,12,B,INDIGO,S,SE,Y
17,409.58,N,Elder,M,13,A,INDIGO,N,NE,Y
18,1107.91,N,Elder,F,15,B,INDIGO,S,SW,N
19,954.51,N,Elder,F,19,A,MAGENTA,S,SW,N
20,1661.5,N,Elder,F,20,B,INDIGO,N,NW,N
21,493.01,N,Elder,M,13,B,PURPLE,N,NE,N
22,958.36,N,Elder,F,19,A,BROWN,M,ME,Y
23,607.24,N,Elder,F,14,B,BROWN,N,NW,Y
24,900.79,N,Elder,M,15,C,INDIGO,M,MW,N
25,839.51,N,Elder,M,12,C,INDIGO,M,MW,Y
26,589.68,N,Elder,F,14,B,MAGENTA,S,SW,N
27,342.98,N,Elder,F,14,A,BROWN,S,SW,Y
28,268.84,N,Elder,M,12,A,INDIGO,M,MW,Y
29,371.94,N,Elder,F,13,A,BROWN,N,NW,N
30,388.72,N,Young,M,14,A,INDIGO,S,SE,Y
31,961.32,N,Elder,M,14,B,MAGENTA,M,ME,N
32,981.1,N,Elder,M,17,B,MAGENTA,N,NW,N
33,527.89,N,Elder,M,12,B,BROWN,N,NE,Y
34,256.22,N,Young,F,13,A,INDIGO,M,ME,Y
35,959.85,N,Elder,F,17,B,INDIGO,S,SW,N
36,1096.81,N,Young,M,15,C,INDIGO,M,ME,Y
37,1290.7,N,Elder,M,14,B,BROWN,S,SW,N
38,1018.58,N,Elder,M,16,C,BROWN,M,MW,Y
39,1409.05,N,Elder,M,17,B,BROWN,N,NW,Y
40,1045.04,N,Elder,F,13,D,BROWN,S,SE,Y
41,799.59,N,Elder,F,18,B,INDIGO,N,NE,N
42,1046.44,N,Elder,M,16,C,BROWN,N,NE,Y
43,510.47,N,Elder,M,13,B,BROWN,N,NE,Y
44,1723.85,Y,Elder,M,19,B,BROWN,N,NW,Y
45,675.55,N,Young,M,16,B,INDIGO,S,SW,N
46,896.77,N,Elder,M,19,B,BROWN,S,SE,Y
47,1360.57,N,Elder,M,21,C,BROWN,M,ME,N
48,1297.96,N,Elder,M,19,B,BROWN,M,MW,Y
49,173.53,N,Young,M,11,A,MAGENTA,N,NW,Y
50,561.79,N,Elder,F,18,A,INDIGO,M,ME,Y
51,941.49,Y,Elder,M,19,B,INDIGO,M,MW,Y
52,1195.51,N,Elder,F,17,B,BROWN,S,SW,Y
53,1072.9,N,Elder,M,18,C,INDIGO,M,ME,N
54,701.82,N,Elder,F,16,B,BROWN,M,MW,Y
55,508.15,N,Elder,F,11,A,BROWN,S,SE,Y
56,982.53,N,Elder,M,19,B,INDIGO,M,MW,Y
57,1833.23,N,Elder,M,13,C,INDIGO,N,NW,N
58,609.62,N,Elder,M,20,A,MAGENTA,S,SW,N
59,1296.72,N,Elder,F,19,B,BROWN,M,ME,Y
60,2147.45,N,Elder,M,18,C,INDIGO,M,MW,N
61,870.11,Y,Elder,M,14,C,BROWN,N,NW,Y
62,635.87,N,Elder,F,13,B,BROWN,N,NW,Y
63,881.14,N,Elder,M,20,B,PURPLE,N,NW,N
64,660.08,N,Elder,F,16,B,MAGENTA,M,ME,N
65,446.13,N,Elder,M,17,A,BROWN,M,MW,N
66,1049.2,N,Elder,M,20,B,BROWN,M,ME,Y
67,733.67,N,Elder,F,19,A,BROWN,N,NW,N
68,1119.13,N,Elder,F,13,C,BROWN,S,SW,Y
69,1106.82,Y,Elder,M,16,C,INDIGO,M,MW,Y
70,384.67,N,Elder,F,16,A,INDIGO,N,NW,N
71,419.2,Y,Elder,M,16,A,INDIGO,S,SW,Y
72,1061.7,Y,Elder,M,16,C,BROWN,N,NW,Y
73,850.75,N,Elder,M,14,C,INDIGO,M,ME,Y
74,781.56,N,Elder,M,18,B,BROWN,N,NE,Y
75,804.67,N,Elder,M,16,B,BROWN,N,NW,Y
76,360.23,N,Elder,F,15,A,INDIGO,N,NE,N
77,352.65,N,Elder,M,13,A,INDIGO,N,NE,N
78,726.41,N,Elder,F,14,B,BROWN,M,ME,Y
79,776.37,N,Elder,M,18,B,INDIGO,N,NE,Y
80,366.87,N,Elder,F,15,A,INDIGO,N,NW,N
81,1273.78,N,Young,M,13,C,MAGENTA,M,ME,Y
82,509.65,N,Elder,M,18,A,BROWN,N,NE,Y
83,944.05,N,Elder,F,18,A,BROWN,S,SE,Y
84,66.72,N,Elder,M,10,A,INDIGO,S,SE,N
85,1017.97,N,Elder,F,16,C,MAGENTA,M,ME,Y
86,624.97,N,Elder,M,15,B,BROWN,S,SE,Y
87,661.4,N,Elder,M,16,B,INDIGO,S,SW,Y
88,270.74,N,Elder,M,13,A,INDIGO,M,ME,N
89,435.43,Y,Elder,F,13,A,BROWN,N,NE,Y
90,684.41,N,Elder,M,18,A,INDIGO,S,SE,Y
91,1955.21,N,Elder,M,17,C,INDIGO,M,MW,Y
92,986.43,N,Elder,M,22,B,BROWN,M,ME,N
93,1052.89,Y,Elder,F,13,B,BROWN,S,SW,Y
94,1051.62,N,Young,F,14,C,INDIGO,S,SW,Y
95,183.87,N,Young,M,12,A,BROWN,M,MW,N
96,913.54,N,Elder,M,16,B,MAGENTA,S,SE,N
97,811.04,N,Elder,F,18,B,BROWN,M,MW,Y
98,966.74,N,Elder,F,15,C,MAGENTA,S,SE,N
99,1024.84,Y,Elder,M,16,C,MAGENTA,M,MW,N
100,1663.19,N,Elder,M,21,D,INDIGO,M,MW,Y
101,793.81,N,Elder,F,17,B,MAGENTA,S,SE,N
102,1076.86,N,Elder,F,15,C,BROWN,N,NW,Y
103,599.93,N,Elder,M,17,A,MAGENTA,N,NW,N
104,712.29,N,Elder,F,15,A,BROWN,M,MW,Y
105,583.88,Y,Young,M,13,B,INDIGO,N,NW,Y
106,664.87,N,Elder,M,16,B,BROWN,N,NW,Y
107,653.29,Y,Young,M,14,B,BROWN,N,NW,N
108,1075.48,N,Elder,M,17,C,INDIGO,N,NE,N
109,1319.01,N,Elder,M,15,A,INDIGO,N,NE,N
110,790.91,N,Elder,M,16,B,INDIGO,M,ME,N
111,418.86,N,Elder,F,16,A,PURPLE,N,NW,N
112,567.8,N,Elder,F,14,B,BROWN,N,NE,Y
113,1164.97,N,Elder,F,15,B,INDIGO,S,SW,N
114,526.78,N,Elder,F,13,B,MAGENTA,N,NW,N
115,925.66,N,Elder,F,13,A,BROWN,S,SW,Y
116,723.88,N,Elder,F,15,A,PURPLE,N,NW,N
117,740.69,N,Young,F,11,C,MAGENTA,N,NW,N
118,394.51,N,Elder,M,16,A,INDIGO,S,SW,Y
119,759.55,N,Elder,M,18,A,MAGENTA,N,NW,N
120,469.14,N,Elder,F,11,B,BROWN,N,NE,Y
121,1153.49,N,Elder,F,20,C,MAGENTA,M,ME,N
122,1016.14,N,Elder,F,15,C,BROWN,S,SW,Y
123,878.11,N,Elder,M,18,B,MAGENTA,S,SW,N
124,662.04,Y,Young,M,13,B,BROWN,N,NW,Y
125,932.04,N,Elder,F,20,B,BROWN,M,ME,N
126,659.61,N,Elder,M,11,C,MAGENTA,N,NW,N
127,786.82,N,Elder,M,18,A,MAGENTA,M,ME,N
128,1864.8,N,Elder,M,16,D,PURPLE,M,MW,N
129,1035.9,N,Elder,M,16,C,INDIGO,N,NE,Y
130,514.81,N,Elder,F,13,B,INDIGO,M,MW,N
131,1143.75,N,Elder,F,20,C,MAGENTA,S,SE,Y
132,1339.47,N,Elder,M,19,C,BROWN,M,MW,Y
133,1973.68,N,Elder,M,16,C,INDIGO,M,ME,Y
134,450.98,N,Elder,F,12,B,MAGENTA,N,NE,Y
135,607.73,N,Elder,M,15,B,MAGENTA,N,NW,N
136,794.46,N,Elder,M,16,B,BROWN,N,NW,Y
137,716.89,Y,Elder,M,12,C,BROWN,N,NE,Y
138,1054.87,N,Elder,F,17,C,BROWN,N,NE,Y
139,995.51,Y,Elder,F,12,D,BROWN,M,MW,Y
140,1012.63,N,Elder,F,13,B,BROWN,N,NW,N
141,932.54,N,Elder,F,16,C,MAGENTA,S,SE,Y
142,457.04,Y,Elder,M,17,A,BROWN,M,ME,Y
143,439.63,N,Elder,F,16,A,BROWN,N,NW,Y
144,1246.06,N,Elder,F,18,C,BROWN,M,MW,Y
145,337.43,N,Young,F,12,A,BROWN,M,ME,N
146,442.3,N,Elder,M,17,A,INDIGO,M,ME,N
147,1481.33,N,Elder,M,19,D,INDIGO,M,MW,N
148,659.08,N,Elder,F,16,B,PURPLE,S,SW,N
149,819.64,N,Elder,F,16,B,BROWN,N,NW,N
150,882.97,N,Elder,F,15,B,BROWN,N,NE,Y
151,741.2,N,Elder,F,12,C,PURPLE,S,SW,N
152,231.79,N,Elder,M,13,A,BROWN,N,NW,N
153,1339.7,N,Elder,F,16,C,PURPLE,N,NE,N
154,987.19,N,Elder,M,17,C,INDIGO,N,NE,N
155,845.44,N,Elder,F,14,C,BROWN,S,SE,Y
156,390.99,N,Elder,M,16,A,BROWN,M,MW,Y
157,661.52,Y,Young,F,13,B,INDIGO,S,SW,N
158,674.81,N,Elder,M,21,A,INDIGO,S,SW,N
159,506.17,N,Elder,M,13,B,BROWN,M,MW,N
160,710.72,N,Elder,M,17,A,INDIGO,S,SW,Y
161,315.2,N,Elder,M,13,A,MAGENTA,S,SE,N
162,805.42,N,Elder,M,17,B,INDIGO,S,SW,N
163,540.66,N,Elder,F,17,A,BROWN,M,MW,Y
164,1078.04,N,Elder,F,19,A,INDIGO,N,NE,Y
165,1003.63,N,Elder,M,18,B,MAGENTA,N,NW,N
166,715,N,Elder,M,20,A,BROWN,S,SE,Y
167,714.78,N,Elder,F,16,B,INDIGO,N,NE,Y
168,723.94,N,Elder,M,17,B,BROWN,S,SE,Y
169,663.61,N,Elder,M,16,B,BROWN,N,NE,Y
170,1025.76,N,Elder,M,16,C,INDIGO,M,MW,N
171,530.15,N,Elder,F,18,A,BROWN,S,SE,N
172,540.79,Y,Elder,F,18,A,INDIGO,S,SE,Y
173,904.34,N,Elder,M,18,B,INDIGO,N,NE,N
174,539.92,N,Elder,F,14,B,BROWN,N,NW,Y
175,183.1,N,Elder,M,12,A,MAGENTA,N,NE,N
176,807.65,N,Elder,M,16,B,BROWN,M,MW,N
177,366.79,N,Elder,M,15,A,BROWN,N,NE,N
178,324.04,N,Elder,M,14,A,INDIGO,N,NW,Y
179,445.66,N,Elder,M,16,A,INDIGO,N,NE,Y
180,219.31,N,Elder,F,13,A,INDIGO,N,NW,N
181,788.2,N,Elder,M,16,B,MAGENTA,S,SW,Y
182,694.15,N,Elder,M,16,B,BROWN,N,NW,Y
183,849.15,N,Elder,M,18,B,INDIGO,S,SW,N
184,1362.52,N,Elder,M,17,C,BROWN,N,NE,Y
185,1992.1,N,Elder,M,17,A,BROWN,N,NW,Y
186,637.67,N,Elder,F,15,B,INDIGO,N,NW,Y
187,848.68,N,Elder,F,15,B,MAGENTA,M,MW,N
188,618.46,N,Elder,F,14,B,INDIGO,N,NW,N
189,805.41,N,Elder,F,14,B,BROWN,S,SE,Y
190,678.11,Y,Elder,M,19,A,BROWN,N,NW,Y
191,656.89,N,Elder,F,16,B,INDIGO,M,MW,Y
192,1047.97,N,Elder,F,12,C,INDIGO,M,MW,Y
193,801.79,N,Elder,F,18,B,BROWN,N,NW,Y
194,1030.81,Y,Elder,M,15,B,BROWN,M,MW,Y
195,1237.37,N,Elder,M,19,B,MAGENTA,N,NW,Y
196,554.7,N,Elder,F,13,B,INDIGO,M,MW,N
197,663.91,N,Elder,M,16,B,PURPLE,N,NE,N
198,1166.67,N,Elder,F,17,C,BROWN,N,NE,Y
199,720.36,N,Elder,F,17,B,BROWN,M,ME,Y
200,880.75,N,Elder,M,15,B,BROWN,M,MW,Y
201,833.37,N,Elder,F,15,B,PURPLE,S,SW,N
202,987.58,Y,Elder,F,19,B,BROWN,M,ME,Y
203,890.16,Y,Elder,M,14,C,INDIGO,N,NE,Y
204,1126.64,N,Elder,M,18,B,MAGENTA,M,ME,N
205,716.11,N,Elder,M,12,C,BROWN,S,SE,Y
206,445.44,N,Young,F,12,B,MAGENTA,N,NW,N
207,1131.05,N,Elder,F,16,A,MAGENTA,N,NW,Y
208,631.06,N,Elder,M,15,B,PURPLE,M,MW,N
209,1063.45,N,Elder,M,18,C,BROWN,M,MW,Y
210,1078.04,N,Elder,F,12,D,BROWN,S,SE,Y
211,736.09,N,Elder,M,16,A,BROWN,M,MW,Y
212,916.05,N,Elder,F,13,C,INDIGO,S,SE,N
213,1996.95,N,Elder,M,16,D,INDIGO,S,SW,Y
214,387.73,N,Elder,M,14,A,MAGENTA,M,MW,N
215,660.15,Y,Young,M,15,B,BROWN,S,SW,N
216,941.3,N,Elder,M,21,B,BROWN,N,NE,N
217,472.75,N,Elder,M,17,A,BROWN,M,MW,N
218,1106.2,N,Elder,F,20,B,MAGENTA,S,SW,N
219,660.36,N,Elder,F,19,A,INDIGO,S,SE,Y
220,920,N,Elder,M,17,B,BROWN,N,NW,Y
221,1051.03,N,Elder,M,16,C,INDIGO,M,ME,N
222,1107.09,N,Elder,M,20,B,BROWN,N,NW,N
223,739.11,N,Elder,F,15,B,BROWN,M,ME,N
224,799.66,N,Elder,M,16,B,INDIGO,S,SE,N
225,587.86,N,Elder,F,14,B,BROWN,N,NE,Y
226,1032.67,N,Elder,F,19,B,BROWN,M,ME,N
227,1086.51,N,Elder,F,20,B,PURPLE,S,SW,N
228,1438.45,N,Elder,F,18,B,MAGENTA,M,ME,N
229,716.9,N,Elder,M,17,B,BROWN,N,NE,Y
230,565.26,N,Elder,F,19,A,INDIGO,N,NE,N
231,1207.8,N,Elder,M,17,B,MAGENTA,M,MW,N
232,720.27,N,Elder,F,17,B,BROWN,N,NE,Y
233,885.44,N,Elder,F,15,C,BROWN,M,MW,N
234,885.71,Y,Elder,M,15,C,BROWN,M,MW,Y
235,565.54,N,Elder,F,14,B,MAGENTA,S,SW,N
236,869.76,N,Elder,M,17,B,INDIGO,N,NW,N
237,1616.67,Y,Elder,F,17,C,BROWN,N,NW,Y
238,784.83,N,Elder,F,18,A,MAGENTA,N,NE,N
239,431.94,N,Elder,F,15,A,MAGENTA,M,ME,Y
240,815.27,N,Elder,F,14,C,PURPLE,M,MW,N
241,1265.87,N,Elder,F,19,C,INDIGO,N,NW,N
242,403.47,N,Elder,F,15,A,INDIGO,N,NW,Y
243,840.98,N,Elder,M,18,A,INDIGO,N,NW,Y
244,493.39,N,Elder,F,12,B,BROWN,M,ME,N
245,697.58,N,Elder,M,16,B,BROWN,S,SE,Y
246,1512,N,Elder,M,17,A,MAGENTA,N,NW,N
247,750.12,N,Elder,M,19,A,MAGENTA,N,NE,Y
248,926.58,N,Elder,F,19,B,MAGENTA,M,MW,Y
249,367.64,Y,Young,F,15,A,BROWN,M,ME,Y
250,944.05,N,Elder,M,16,B,MAGENTA,M,MW,N
251,1036.52,N,Elder,F,17,B,PURPLE,S,SW,N
252,1214.39,N,Elder,F,18,C,BROWN,N,NW,Y
253,907.43,N,Young,M,19,B,BROWN,S,SE,N
254,829.09,N,Elder,M,18,B,BROWN,N,NW,N
255,1568.27,N,Elder,M,18,C,BROWN,N,NE,N
256,1247.94,N,Elder,M,13,D,MAGENTA,M,ME,N
257,832.84,N,Elder,M,19,B,MAGENTA,M,MW,N
258,762.97,N,Elder,F,16,B,PURPLE,N,NW,N
259,669.51,N,Elder,F,17,A,BROWN,S,SW,N
260,1193.45,Y,Elder,M,16,C,INDIGO,N,NW,N
261,1344.97,N,Elder,M,16,D,BROWN,N,NW,Y
262,457.8,N,Elder,M,16,A,INDIGO,N,NW,Y
263,881.62,N,Elder,M,20,B,BROWN,M,MW,Y
264,1131.48,N,Elder,M,18,C,MAGENTA,N,NW,N
265,1187.86,N,Elder,F,16,B,BROWN,S,SE,Y
266,646.96,N,Young,F,12,A,MAGENTA,S,SW,Y
267,600.82,N,Elder,F,20,A,INDIGO,M,MW,Y
268,697.91,N,Elder,F,16,B,MAGENTA,N,NE,Y
269,321.22,N,Elder,F,14,A,MAGENTA,N,NW,N
270,774.11,N,Elder,F,15,B,MAGENTA,N,NW,N
271,1113.27,N,Elder,F,19,B,INDIGO,S,SW,Y
272,697.1,N,Elder,F,15,B,MAGENTA,M,ME,N
273,850.2,N,Elder,F,16,A,INDIGO,M,MW,Y
274,724.03,N,Elder,M,17,B,MAGENTA,N,NW,N
275,1022.56,N,Elder,F,15,B,BROWN,M,MW,Y
276,646.89,N,Elder,M,15,B,MAGENTA,N,NW,N
277,493.85,Y,Elder,M,17,A,MAGENTA,M,ME,Y
278,1245.32,N,Elder,M,15,C,MAGENTA,N,NW,Y
279,943.28,N,Elder,F,18,B,INDIGO,S,SW,Y
280,1178.24,N,Elder,M,18,B,MAGENTA,N,NW,N
281,549.47,N,Elder,M,16,A,PURPLE,S,SW,N
282,455.73,N,Elder,F,15,A,INDIGO,N,NW,N
283,1035.78,N,Elder,M,22,B,BROWN,N,NE,Y
284,888.23,Y,Elder,M,15,B,BROWN,N,NW,Y
285,736.82,N,Elder,M,17,B,INDIGO,N,NE,N
286,696.25,N,Elder,M,16,B,INDIGO,N,NW,N
287,1126.43,Y,Elder,F,19,C,BROWN,S,SE,Y
288,1871.69,N,Elder,F,18,C,BROWN,S,SW,Y
289,657.34,N,Elder,M,16,B,INDIGO,M,MW,Y
290,756.7,N,Elder,F,12,C,BROWN,S,SW,N
291,813.97,N,Elder,M,18,B,BROWN,N,NE,Y
292,1188.66,N,Elder,M,15,C,INDIGO,N,NE,Y
293,709.8,N,Elder,F,17,B,BROWN,M,MW,N
294,1047.12,N,Elder,M,21,B,BROWN,N,NE,Y
295,532.25,N,Elder,M,18,A,MAGENTA,S,SE,Y
296,956.1,N,Elder,M,15,C,INDIGO,N,NE,N
297,1816.21,N,Elder,M,19,C,MAGENTA,S,SW,N
298,487.85,N,Elder,M,14,A,BROWN,S,SE,Y
299,1865.09,N,Elder,M,17,D,BROWN,S,SE,Y
300,641.43,N,Elder,M,14,B,INDIGO,N,NE,N
301,774.75,N,Elder,M,12,B,INDIGO,M,ME,Y
302,594.91,N,Elder,F,13,B,INDIGO,N,NE,Y
303,729.19,N,Elder,M,22,A,INDIGO,S,SW,N
304,993.51,N,Elder,F,17,C,PURPLE,N,NW,N
305,1341.35,N,Elder,F,17,C,MAGENTA,M,MW,N
306,703.42,N,Elder,F,12,B,BROWN,N,NW,Y
307,560.38,N,Elder,F,13,B,BROWN,N,NW,Y
308,1221.48,N,Elder,F,21,C,MAGENTA,S,SE,N
309,974.47,N,Elder,M,17,C,MAGENTA,M,ME,N
310,922.59,N,Elder,M,19,B,BROWN,S,SW,Y
311,898.75,N,Elder,F,15,C,INDIGO,S,SE,Y
312,602.54,N,Elder,M,15,B,INDIGO,M,MW,Y
313,733.33,N,Elder,F,17,B,PURPLE,S,SW,N
314,616.61,N,Elder,F,15,B,BROWN,N,NW,Y
315,397.78,N,Elder,M,16,A,BROWN,S,SW,Y
316,967.53,N,Elder,M,15,B,BROWN,S,SE,Y
317,331.7,N,Elder,F,15,A,BROWN,N,NW,N
318,558.82,Y,Elder,M,19,A,INDIGO,M,ME,Y
319,701.61,N,Elder,M,13,B,BROWN,N,NE,Y
320,766,Y,Young,M,16,B,BROWN,N,NE,Y
321,1313.77,N,Elder,M,16,C,INDIGO,M,MW,Y
322,996.5,Y,Young,F,17,C,INDIGO,N,NW,Y
323,850.14,N,Elder,F,17,B,BROWN,N,NE,Y
324,569.11,N,Elder,F,14,B,PURPLE,N,NE,N
325,1104.39,N,Elder,M,16,C,INDIGO,M,MW,N
326,779.03,N,Elder,M,13,B,BROWN,M,MW,N
327,689.06,N,Elder,M,16,B,BROWN,M,MW,Y
328,570.53,N,Elder,F,19,A,BROWN,M,MW,Y
329,555.52,N,Elder,M,17,A,BROWN,N,NW,N
330,367.71,N,Elder,F,15,A,BROWN,M,MW,Y
331,441.16,N,Elder,M,17,A,MAGENTA,N,NE,N
332,711.05,N,Elder,M,17,B,INDIGO,M,ME,N
333,1048.23,Y,Elder,M,16,B,INDIGO,M,ME,Y
334,1199.05,N,Elder,M,14,B,INDIGO,N,NW,Y
335,866.68,Y,Elder,M,19,B,MAGENTA,S,SW,N
336,1810.36,N,Elder,M,19,D,INDIGO,M,ME,Y
337,1133.12,N,Elder,F,16,C,BROWN,S,SW,Y
338,216,N,Elder,F,12,A,BROWN,M,MW,N
339,650.11,N,Elder,F,14,A,PURPLE,M,MW,N
340,705.58,N,Elder,M,18,A,MAGENTA,M,MW,N
341,916.18,N,Elder,M,17,A,BROWN,M,MW,Y
342,573.29,N,Elder,M,19,A,INDIGO,M,ME,Y
343,802.32,Y,Elder,M,16,B,BROWN,S,SW,Y
344,1130.56,Y,Elder,M,16,C,BROWN,M,MW,Y
345,882.79,Y,Elder,M,15,C,INDIGO,S,SW,Y
346,886.13,N,Elder,F,20,B,BROWN,M,MW,Y
347,1455.81,N,Elder,F,17,C,BROWN,N,NW,Y
348,580.11,N,Elder,M,13,A,BROWN,N,NE,Y
349,530.01,N,Elder,M,18,A,PURPLE,N,NW,N
350,982.71,N,Elder,M,16,C,BROWN,N,NE,Y
351,1087,Y,Young,M,18,C,BROWN,N,NW,Y
352,1070.3,N,Elder,F,16,C,BROWN,S,SW,Y
353,955.54,N,Elder,M,16,C,BROWN,S,SE,Y
354,866.92,N,Elder,M,15,B,BROWN,N,NW,Y
355,915.43,N,Elder,F,13,B,BROWN,S,SE,Y
356,886.8,N,Elder,M,20,B,MAGENTA,S,SE,N
357,825.16,N,Elder,F,18,B,INDIGO,M,ME,Y
358,419.95,Y,Young,F,11,B,INDIGO,N,NW,Y
359,1086.32,N,Young,M,15,C,BROWN,S,SW,Y
360,446.78,N,Elder,M,15,A,INDIGO,N,NW,Y
361,787.82,N,Elder,M,17,B,BROWN,S,SE,N
362,297.08,N,Elder,M,14,A,MAGENTA,M,MW,Y
363,591.17,N,Elder,F,14,B,INDIGO,S,SW,Y
364,383.86,N,Elder,F,16,A,BROWN,N,NE,N
365,1252.28,N,Young,F,16,B,INDIGO,M,MW,Y
366,1119.27,N,Elder,M,19,C,MAGENTA,N,NE,N
367,601.52,N,Elder,M,14,B,BROWN,N,NW,Y
368,942.31,N,Elder,M,15,C,BROWN,S,SW,N
369,1067.01,N,Elder,M,14,C,INDIGO,N,NE,N
370,1600.29,N,Elder,M,20,D,BROWN,S,SE,Y
371,1829.92,N,Elder,F,17,C,INDIGO,N,NW,Y
372,587.31,Y,Elder,M,17,A,BROWN,N,NE,Y
373,578.83,N,Elder,M,14,B,INDIGO,M,MW,Y
374,1080.08,N,Elder,M,17,C,BROWN,M,MW,Y
375,759.46,N,Young,F,15,B,BROWN,S,SW,Y
376,1017.15,Y,Elder,M,18,A,BROWN,M,MW,Y
377,748.98,N,Elder,F,13,B,INDIGO,N,NE,Y
378,329.04,Y,Elder,M,14,A,BROWN,S,SE,Y
379,789.6,N,Elder,M,14,B,INDIGO,N,NW,N
380,947.13,N,Elder,M,17,B,INDIGO,N,NE,N
381,1499.25,Y,Elder,M,17,D,BROWN,S,SE,N
382,927.86,N,Elder,M,18,A,MAGENTA,M,MW,N
383,1388.8,N,Elder,M,17,C,MAGENTA,S,SE,N
384,1388.07,N,Elder,M,17,C,INDIGO,S,SE,Y
385,778.4,N,Elder,M,14,B,INDIGO,N,NW,N
386,1003.09,N,Elder,F,15,B,BROWN,S,SW,Y
387,654.13,N,Elder,M,15,B,INDIGO,M,MW,Y
388,666.22,N,Elder,F,16,B,INDIGO,M,ME,Y
389,303.96,Y,Elder,F,14,A,INDIGO,M,ME,Y
390,905.67,N,Elder,M,13,A,INDIGO,N,NE,N
391,748.28,N,Elder,M,16,B,BROWN,N,NW,Y
392,798.63,N,Young,F,15,A,BROWN,M,MW,Y
393,756.26,N,Elder,M,16,B,INDIGO,N,NW,Y
394,944.57,N,Elder,M,13,C,MAGENTA,M,MW,N
395,674.54,N,Elder,F,15,B,MAGENTA,N,NE,Y
396,916.45,N,Elder,M,18,B,BROWN,N,NW,N
397,693.49,N,Elder,M,15,B,INDIGO,S,SE,Y
398,1579.28,N,Elder,F,16,D,MAGENTA,M,MW,N
399,983.85,Y,Elder,F,15,B,BROWN,N,NW,Y
400,946.99,N,Elder,M,19,B,INDIGO,N,NW,Y
401,1287.51,N,Elder,M,17,C,INDIGO,S,SE,N
402,675.25,N,Elder,F,16,B,BROWN,S,SE,N
403,805.62,Y,Young,F,16,B,MAGENTA,S,SE,N
404,1053.08,N,Elder,F,17,C,MAGENTA,N,NE,N
405,653.54,N,Elder,F,15,B,BROWN,M,ME,Y
406,874.85,N,Young,M,13,B,BROWN,N,NE,Y
407,487.84,N,Elder,F,15,A,BROWN,N,NW,N
408,467.82,Y,Elder,F,17,A,BROWN,N,NW,Y
409,402.79,N,Elder,M,11,B,INDIGO,S,SE,Y
410,2075.15,N,Elder,F,17,B,MAGENTA,N,NW,N
411,758.58,N,Elder,F,15,A,INDIGO,M,MW,Y
412,551.97,N,Elder,M,14,B,BROWN,S,SW,Y
413,460.32,N,Elder,M,17,A,BROWN,S,SE,Y
414,1212.91,N,Elder,F,13,B,MAGENTA,M,MW,Y
415,376.54,N,Elder,F,15,A,INDIGO,S,SW,Y
416,805.81,N,Elder,M,17,A,BROWN,N,NE,Y
417,488.94,N,Elder,M,17,A,INDIGO,S,SE,Y
418,669.11,N,Elder,M,15,B,INDIGO,S,SW,N
419,866.34,Y,Elder,M,17,B,BROWN,S,SW,Y
420,699.03,N,Young,M,15,B,MAGENTA,M,MW,N
421,453.66,N,Elder,M,17,A,MAGENTA,M,ME,N
422,399.83,N,Elder,F,15,A,BROWN,S,SW,Y
423,849.44,Y,Elder,M,14,B,BROWN,S,SE,Y
424,980.6,N,Elder,M,16,C,MAGENTA,N,NW,N
425,1475.38,N,Elder,M,16,D,BROWN,N,NW,N
426,390.29,N,Elder,F,14,A,MAGENTA,S,SW,Y
427,1464.77,N,Elder,M,17,C,MAGENTA,S,SW,N
428,632.91,N,Elder,F,15,B,INDIGO,M,MW,N
429,1164.32,N,Elder,M,20,C,BROWN,M,MW,Y
430,955.13,N,Young,M,15,B,MAGENTA,N,NE,N
431,546,N,Elder,F,19,A,INDIGO,N,NE,Y
432,552.12,N,Elder,M,14,B,BROWN,M,ME,Y
433,584.37,N,Young,M,13,A,INDIGO,M,MW,N
434,444.36,N,Elder,M,15,A,BROWN,S,SE,Y
435,914.17,N,Elder,F,16,B,INDIGO,S,SW,Y
436,720.82,N,Elder,F,12,C,INDIGO,S,SW,N
437,1153.36,N,Elder,M,18,C,PURPLE,M,MW,N
438,661.08,N,Elder,M,16,B,BROWN,N,NW,N
439,969.51,N,Elder,M,15,C,BROWN,N,NW,Y
440,544.48,N,Elder,F,14,B,BROWN,M,MW,Y
441,683.74,N,Young,M,15,B,INDIGO,S,SE,N
442,1139.81,N,Elder,F,18,C,INDIGO,N,NE,N
443,314.52,N,Elder,M,13,A,BROWN,N,NE,Y
444,696.26,N,Elder,F,12,B,MAGENTA,N,NW,N
445,461.12,N,Elder,M,16,A,BROWN,N,NW,Y
446,760.02,N,Elder,F,16,B,MAGENTA,N,NW,N
447,1549.25,N,Elder,F,17,D,MAGENTA,S,SW,N
448,614.01,N,Elder,M,17,A,PURPLE,M,MW,N
449,624.01,N,Elder,F,19,A,BROWN,S,SW,Y
450,764.38,N,Elder,M,20,A,MAGENTA,M,MW,N
451,1674.6,N,Elder,F,17,D,MAGENTA,S,SW,Y
452,298.57,N,Elder,F,14,A,BROWN,N,NE,Y
453,634.98,N,Elder,M,15,B,MAGENTA,N,NW,N
454,714.57,N,Elder,M,21,A,BROWN,M,ME,N
455,853.99,N,Elder,F,13,B,INDIGO,S,SW,Y
456,623.95,N,Elder,M,15,B,INDIGO,S,SE,N
457,1048.02,N,Elder,M,16,B,BROWN,S,SE,Y
458,1047.91,N,Elder,F,15,C,MAGENTA,M,MW,N
459,1272.27,N,Elder,M,20,C,MAGENTA,S,SW,N
460,793.4,N,Elder,M,16,A,INDIGO,M,MW,Y
461,367.2,N,Elder,F,9,B,INDIGO,S,SW,N
462,1147.07,N,Elder,M,19,C,INDIGO,M,MW,Y
463,669.07,N,Elder,F,11,C,INDIGO,S,SW,Y
464,1314.59,N,Elder,F,18,D,MAGENTA,S,SE,Y
465,1165.1,N,Elder,F,16,C,MAGENTA,S,SE,Y
466,361.12,N,Elder,F,15,A,INDIGO,N,NE,Y
467,655.69,N,Elder,F,14,B,BROWN,M,ME,Y
468,1291.11,N,Elder,F,24,A,INDIGO,M,MW,Y
469,241.74,Y,Elder,M,12,A,INDIGO,M,ME,Y
470,692.51,N,Elder,M,16,B,MAGENTA,M,ME,N
471,862.28,N,Elder,F,13,C,INDIGO,N,NW,N
472,1947.51,Y,Elder,M,20,D,BROWN,S,SW,Y
473,1544.19,N,Elder,F,18,C,MAGENTA,S,SE,N
474,1057.79,N,Elder,F,16,C,INDIGO,M,ME,Y
475,455.06,N,Elder,M,17,A,MAGENTA,M,ME,N
476,887.5,N,Elder,F,17,A,BROWN,S,SE,Y
477,1122.67,N,Elder,M,18,C,BROWN,N,NE,Y
478,549.91,N,Elder,M,14,B,INDIGO,N,NW,N
479,1089.04,N,Elder,M,20,A,BROWN,M,ME,Y
480,448.71,N,Elder,M,16,A,BROWN,M,ME,Y
481,1357.02,N,Elder,M,16,A,INDIGO,N,NE,Y
482,1077.13,N,Elder,M,17,A,MAGENTA,S,SE,N
483,733.47,N,Young,M,17,B,MAGENTA,M,ME,N
484,557.41,N,Elder,F,16,A,BROWN,S,SW,N
485,1225.02,Y,Young,M,14,B,INDIGO,S,SE,N
486,1030.26,N,Elder,M,18,B,INDIGO,M,ME,N
487,831.68,N,Elder,F,19,B,BROWN,N,NW,Y
488,1227.94,N,Elder,F,19,C,MAGENTA,N,NE,N
489,1482.61,N,Elder,M,18,D,INDIGO,N,NW,Y
490,557.63,N,Elder,M,14,B,INDIGO,S,SE,Y
491,834.03,N,Elder,M,22,A,BROWN,S,SW,Y
492,1089.59,N,Elder,M,17,B,INDIGO,S,SW,N
493,1186.9,N,Elder,M,20,C,MAGENTA,N,NW,Y
494,529.87,N,Elder,F,17,A,MAGENTA,N,NW,N
495,1204.5,N,Elder,M,19,C,BROWN,N,NE,Y
496,192.54,N,Elder,F,12,A,PURPLE,M,ME,N
497,770.33,N,Elder,F,15,A,INDIGO,S,SE,Y
498,1310.32,Y,Elder,M,16,D,BROWN,N,NW,Y
499,1123.49,N,Elder,M,18,C,BROWN,S,SW,Y
500,820.99,N,Elder,F,14,C,INDIGO,N,NW,N
501,1523.35,N,Elder,M,22,D,BROWN,N,NE,Y
502,609.03,N,Elder,F,15,B,MAGENTA,M,MW,N
503,959.66,N,Elder,M,15,C,BROWN,S,SW,N
504,551.98,N,Elder,F,14,B,MAGENTA,N,NE,N
505,922.92,N,Elder,F,17,B,MAGENTA,M,MW,N
506,281.73,N,Elder,M,14,A,PURPLE,S,SW,N
507,635.63,N,Elder,M,20,A,INDIGO,N,NW,N
508,761.11,Y,Elder,M,14,B,INDIGO,M,MW,Y
509,525.74,N,Young,M,18,A,INDIGO,M,ME,N
510,374.15,Y,Elder,M,14,A,INDIGO,M,MW,N
511,768.76,N,Elder,F,15,B,MAGENTA,M,ME,N
512,1184.76,N,Elder,M,18,B,BROWN,N,NW,Y
513,934.58,N,Elder,M,16,C,MAGENTA,M,ME,N
514,1674.47,N,Elder,M,23,D,BROWN,M,ME,N
515,784.54,N,Elder,M,17,B,BROWN,S,SW,N
516,859.52,N,Elder,M,23,A,INDIGO,N,NW,Y
517,669.26,N,Elder,F,15,B,INDIGO,S,SE,N
518,407.08,N,Elder,M,13,A,INDIGO,N,NW,Y
519,904.84,N,Elder,F,16,B,INDIGO,M,MW,N
520,806.28,Y,Elder,F,17,B,BROWN,S,SE,N
521,380.69,N,Elder,F,16,A,MAGENTA,N,NW,N
522,1087.6,Y,Young,M,16,C,INDIGO,M,MW,N
523,852.72,N,Elder,F,13,C,MAGENTA,N,NE,N
524,443.79,N,Elder,M,15,A,BROWN,S,SW,Y
525,723.54,N,Elder,F,16,B,INDIGO,S,SW,Y
526,1166.27,N,Elder,M,15,D,INDIGO,S,SE,N
527,1293.3,N,Elder,F,20,C,INDIGO,N,NE,N
528,453.7,N,Elder,F,12,B,INDIGO,M,MW,Y
529,1454.9,Y,Elder,M,23,C,MAGENTA,S,SE,N
530,857.23,N,Elder,M,12,B,BROWN,S,SW,Y
531,869.15,N,Elder,M,14,A,INDIGO,N,NE,Y
532,1027.55,Y,Elder,M,15,C,BROWN,N,NE,Y
533,1033.31,N,Elder,F,20,A,MAGENTA,S,SW,N
534,343.37,N,Elder,F,10,B,INDIGO,N,NW,Y
535,895.25,N,Elder,M,15,C,BROWN,M,ME,Y
536,1146.88,N,Elder,F,19,B,INDIGO,N,NE,N
537,845.74,N,Elder,M,19,B,BROWN,S,SE,Y
538,1002.24,N,Elder,M,15,C,INDIGO,N,NW,N
539,986.99,N,Elder,M,17,A,MAGENTA,N,NW,Y
540,1020.5,Y,Elder,F,15,C,MAGENTA,N,NE,Y
541,1324.3,N,Elder,M,19,B,INDIGO,S,SW,N
542,632.59,N,Elder,M,15,B,INDIGO,N,NE,N
543,650.53,N,Elder,F,12,B,MAGENTA,M,ME,N
544,878.72,N,Elder,M,18,B,MAGENTA,S,SE,Y
545,953.53,N,Elder,M,16,C,INDIGO,N,NE,Y
546,988.4,N,Elder,M,17,C,BROWN,S,SW,Y
547,1383.77,Y,Elder,F,19,D,BROWN,S,SW,Y
548,505.24,Y,Elder,F,18,A,BROWN,M,ME,Y
549,613.85,N,Elder,M,17,A,INDIGO,S,SW,Y
550,656.19,Y,Young,F,13,B,MAGENTA,N,NW,Y
551,656.98,N,Elder,F,17,A,BROWN,M,MW,N
552,1228.39,N,Elder,M,13,D,BROWN,N,NW,N
553,733.84,N,Elder,M,17,B,INDIGO,M,MW,Y
554,708.81,N,Elder,F,16,B,BROWN,M,ME,Y
555,798.58,N,Elder,M,18,B,INDIGO,M,MW,N
556,793.95,Y,Elder,F,16,B,INDIGO,M,MW,Y
557,875.93,N,Elder,F,19,B,INDIGO,S,SE,Y
558,1085.16,N,Elder,M,19,B,BROWN,M,MW,Y
559,358.97,N,Young,M,10,B,MAGENTA,S,SE,N
560,775.02,N,Young,M,18,B,BROWN,S,SE,Y
561,684.7,N,Elder,M,14,B,BROWN,N,NE,Y
562,608.27,N,Elder,M,13,B,INDIGO,N,NW,Y
563,911.19,Y,Elder,M,15,C,MAGENTA,N,NW,Y
564,576.12,N,Young,M,14,B,INDIGO,N,NW,Y
565,717.16,N,Elder,F,21,A,BROWN,N,NE,N
566,685.17,Y,Young,M,13,B,INDIGO,M,MW,Y
567,879.83,N,Elder,M,19,A,INDIGO,M,MW,N
568,354.63,N,Elder,F,14,A,BROWN,S,SW,Y
569,667.61,N,Elder,F,16,B,INDIGO,M,ME,Y
570,939.3,N,Elder,M,15,C,MAGENTA,M,MW,N
571,1233.7,N,Elder,F,16,D,INDIGO,M,MW,N
572,525.78,N,Elder,M,17,A,INDIGO,S,SW,Y
573,736.36,N,Elder,M,17,B,PURPLE,M,MW,N
574,720.96,N,Elder,F,22,A,INDIGO,N,NW,N
575,673.11,N,Elder,M,15,B,INDIGO,S,SE,Y
576,597.94,Y,Elder,M,18,A,MAGENTA,S,SE,Y
577,760.33,N,Elder,F,17,B,MAGENTA,M,ME,Y
578,882.31,N,Elder,M,16,A,BROWN,N,NE,N
579,1219.38,N,Elder,M,20,C,MAGENTA,N,NW,N
580,676.71,N,Elder,M,16,B,INDIGO,S,SW,N
581,792.1,N,Elder,M,20,A,MAGENTA,S,SW,Y
582,836.32,N,Elder,M,18,B,INDIGO,N,NW,Y
583,1615.6,N,Elder,M,22,B,MAGENTA,M,ME,N
584,418.42,N,Elder,M,16,A,MAGENTA,M,ME,Y
585,315.86,N,Young,M,14,A,INDIGO,M,ME,N
586,499.32,N,Elder,F,16,A,MAGENTA,N,NW,N
587,1259.14,N,Elder,F,24,A,INDIGO,M,ME,Y
588,653.78,N,Elder,M,21,A,INDIGO,N,NE,N
589,606.14,N,Young,M,14,B,INDIGO,M,MW,N
590,910.55,N,Elder,M,17,A,INDIGO,M,MW,Y
591,1114.06,N,Elder,M,16,B,INDIGO,M,ME,Y
592,1374.86,N,Elder,F,22,C,BROWN,M,ME,Y
593,698.94,N,Elder,M,16,B,BROWN,M,MW,N
594,1054.41,N,Elder,F,17,C,MAGENTA,M,MW,N
595,576.43,N,Elder,M,18,A,BROWN,M,MW,Y
596,819.89,N,Elder,F,17,B,BROWN,N,NW,Y
597,818.67,N,Elder,M,19,B,BROWN,S,SE,Y
598,729.11,N,Elder,F,15,B,BROWN,M,MW,Y
599,572.83,N,Elder,M,16,A,PURPLE,M,ME,N
600,764.95,N,Elder,M,17,B,BROWN,N,NE,Y
601,750.81,N,Elder,M,15,A,MAGENTA,N,NW,Y
602,1153.15,N,Elder,F,14,A,INDIGO,N,NE,Y
603,831.48,N,Elder,M,14,B,MAGENTA,M,MW,N
604,1077.2,N,Elder,M,19,B,BROWN,N,NW,N
605,1301.03,N,Elder,M,15,D,MAGENTA,N,NW,Y
606,770.34,N,Elder,M,18,B,INDIGO,N,NE,Y
607,837.9,N,Elder,M,17,B,MAGENTA,M,ME,N
608,804.41,N,Elder,M,19,A,PURPLE,M,ME,N
609,623.65,N,Elder,F,14,A,MAGENTA,M,ME,N
610,586.97,Y,Elder,F,16,A,BROWN,M,ME,Y
611,737,N,Elder,M,12,C,MAGENTA,M,MW,Y
612,537.3,N,Elder,F,13,B,INDIGO,S,SW,Y
613,450.68,N,Elder,M,16,A,BROWN,M,ME,N
614,505.56,N,Elder,M,18,A,BROWN,N,NE,N
615,1604.7,N,Elder,F,17,C,BROWN,M,MW,Y
616,259.83,N,Elder,M,13,A,BROWN,S,SE,Y
617,1262.54,N,Elder,M,17,D,INDIGO,N,NE,Y
618,921.61,N,Elder,F,18,B,BROWN,N,NE,N
619,956.29,N,Elder,F,15,B,MAGENTA,M,MW,N
620,745.95,N,Elder,F,12,B,BROWN,M,ME,N
621,564.02,N,Elder,M,19,A,INDIGO,S,SE,N
622,1045.46,N,Elder,F,14,C,BROWN,M,MW,N
623,1178.72,Y,Elder,M,13,D,INDIGO,S,SE,Y
624,548.29,N,Elder,F,14,B,INDIGO,S,SW,Y
625,1115.29,N,Elder,M,19,C,MAGENTA,N,NW,Y
626,901.71,N,Elder,M,18,A,BROWN,N,NW,Y
627,423.68,N,Elder,M,16,A,BROWN,S,SE,Y
628,602.58,N,Elder,F,16,A,MAGENTA,S,SE,Y
629,350.25,N,Elder,F,10,B,INDIGO,N,NW,Y
630,486.6,N,Elder,M,16,A,BROWN,N,NW,Y
631,1305.46,N,Elder,M,25,B,MAGENTA,M,ME,N
632,1008.81,N,Elder,F,17,C,INDIGO,M,ME,Y
633,729.98,N,Elder,F,16,A,BROWN,S,SE,Y
634,740.04,Y,Young,F,14,B,MAGENTA,M,ME,Y
635,730.51,N,Elder,F,17,B,INDIGO,M,MW,Y
636,322.17,N,Elder,M,14,A,INDIGO,N,NW,Y
637,780.94,N,Elder,F,17,B,BROWN,S,SW,N
638,603.17,Y,Elder,M,20,A,BROWN,S,SW,Y
639,727.55,N,Young,F,14,B,BROWN,N,NW,Y
640,791.33,N,Elder,F,16,B,MAGENTA,S,SW,N
641,817.65,N,Elder,M,17,B,BROWN,M,ME,Y
642,559.27,Y,Elder,F,14,B,BROWN,N,NW,Y
643,973.31,N,Elder,M,15,C,INDIGO,M,ME,N
644,1313.7,N,Elder,M,16,D,BROWN,N,NW,Y
645,983.49,N,Elder,F,15,C,INDIGO,N,NE,N
646,552.54,N,Elder,M,14,B,MAGENTA,S,SE,N
647,975.26,N,Elder,M,19,A,BROWN,M,MW,Y
648,693.68,Y,Elder,M,16,B,MAGENTA,N,NW,Y
649,619.69,N,Elder,F,15,B,INDIGO,N,NW,Y
650,706.71,N,Elder,M,16,B,MAGENTA,M,ME,N
651,764.21,N,Elder,F,15,B,MAGENTA,S,SE,N
652,993.04,N,Elder,M,17,C,MAGENTA,S,SW,Y
653,346.86,N,Elder,M,14,A,INDIGO,M,ME,Y
654,685.88,N,Elder,F,15,B,INDIGO,N,NE,N
655,555.12,N,Elder,F,16,A,INDIGO,N,NE,N
656,1282.15,N,Elder,M,18,C,BROWN,M,ME,Y
657,734.58,Y,Elder,F,15,B,MAGENTA,M,MW,Y
658,962.44,N,Elder,F,19,B,MAGENTA,M,ME,N
659,1195.58,N,Elder,F,14,D,BROWN,N,NW,Y
660,1126.7,Y,Young,M,14,D,INDIGO,M,MW,Y
661,725.07,N,Elder,F,13,B,BROWN,N,NW,Y
662,625.1,N,Elder,M,15,B,INDIGO,N,NW,N
663,1158.51,N,Elder,M,20,C,INDIGO,N,NW,Y
664,999.33,N,Elder,F,19,A,BROWN,N,NW,Y
665,930.86,N,Young,M,14,C,INDIGO,N,NE,Y
666,1214.16,N,Elder,M,21,B,MAGENTA,N,NE,N
667,523.6,N,Elder,M,18,A,INDIGO,M,MW,Y
668,371.22,Y,Elder,F,14,A,INDIGO,N,NE,Y
669,1386.51,N,Elder,F,13,B,BROWN,S,SW,Y
670,694.1,N,Elder,M,16,B,BROWN,N,NE,N
671,461.25,N,Elder,F,12,B,MAGENTA,N,NW,N
672,1062.87,N,Young,M,16,C,MAGENTA,M,MW,N
673,1150.36,N,Elder,F,19,C,BROWN,N,NW,Y
674,609.35,N,Elder,F,13,B,BROWN,M,MW,Y
675,931.98,N,Elder,M,16,C,MAGENTA,M,ME,N
676,343.57,N,Elder,M,14,A,PURPLE,S,SW,N
677,693.11,N,Elder,M,20,A,MAGENTA,M,MW,N
678,1207.24,Y,Elder,F,14,C,BROWN,N,NE,Y
679,497.05,N,Elder,M,16,A,BROWN,N,NW,Y
680,2048.95,Y,Elder,M,22,D,INDIGO,M,MW,Y
681,710.73,N,Elder,M,16,B,BROWN,N,NW,Y
682,609.76,N,Elder,M,14,B,INDIGO,N,NW,Y
683,1596.87,Y,Elder,M,21,D,BROWN,S,SE,Y
684,990.64,N,Elder,F,16,C,BROWN,N,NW,N
685,1316.52,N,Elder,M,17,B,BROWN,M,MW,Y
686,1100.6,N,Elder,M,17,C,BROWN,N,NE,Y
687,1043.14,N,Elder,F,19,B,BROWN,S,SE,Y
688,194.22,N,Elder,F,12,A,MAGENTA,S,SW,Y
689,876.65,N,Elder,M,20,B,BROWN,N,NW,Y
690,820.08,N,Elder,F,13,C,BROWN,N,NE,Y
691,1163.78,N,Elder,M,17,C,INDIGO,S,SW,Y
692,596.18,N,Elder,M,16,A,BROWN,M,MW,Y
693,926.15,N,Elder,M,16,B,MAGENTA,N,NE,N
694,2081.65,N,Elder,M,19,C,BROWN,M,ME,Y
695,553.3,N,Elder,M,19,A,BROWN,M,MW,Y
696,610.75,N,Elder,M,15,B,BROWN,S,SW,Y
697,1502.29,N,Elder,M,16,C,BROWN,M,MW,Y
698,666.63,N,Elder,M,13,B,BROWN,N,NW,Y
699,933.81,N,Elder,M,18,A,BROWN,N,NE,Y
700,711.49,N,Elder,M,17,B,INDIGO,N,NE,N
701,886.08,N,Elder,M,20,B,INDIGO,N,NW,Y
702,1213.53,N,Elder,M,21,C,BROWN,M,MW,Y
703,225.81,N,Elder,M,13,A,INDIGO,N,NW,Y
704,945.52,N,Elder,M,13,C,MAGENTA,S,SW,N
705,749.67,N,Elder,F,17,A,PURPLE,M,MW,N
706,904.61,Y,Elder,M,18,B,INDIGO,N,NW,N
707,928.9,N,Elder,M,18,B,INDIGO,M,ME,Y
708,549.59,N,Young,F,11,B,PURPLE,N,NW,N
709,614.71,N,Young,F,15,B,BROWN,M,MW,Y
710,1360.13,Y,Elder,F,19,B,MAGENTA,N,NE,N
711,1504.65,N,Elder,M,18,D,INDIGO,M,MW,N
712,788.8,Y,Elder,M,18,B,INDIGO,M,MW,Y
713,1157.76,N,Elder,M,17,B,INDIGO,M,MW,Y
714,496.52,N,Elder,F,13,B,INDIGO,M,MW,N
715,692.62,N,Elder,M,15,B,MAGENTA,S,SW,N
716,1438.3,N,Elder,M,19,D,INDIGO,N,NW,N
717,757.15,N,Elder,F,16,B,MAGENTA,N,NW,N
718,1294.31,N,Elder,M,17,A,MAGENTA,M,MW,Y
719,1121.43,N,Elder,M,19,C,MAGENTA,N,NE,Y
720,487.54,N,Elder,F,17,A,PURPLE,M,ME,N
721,1029.41,N,Elder,M,17,B,INDIGO,M,MW,N
722,940.78,N,Elder,M,21,B,BROWN,N,NW,N
723,577.06,N,Elder,F,14,B,BROWN,N,NW,Y
724,582.58,N,Elder,F,13,B,BROWN,M,MW,N
725,562.25,N,Young,M,14,B,MAGENTA,N,NW,N
726,964.55,N,Elder,M,14,C,BROWN,M,MW,Y
727,475.22,N,Elder,M,16,A,INDIGO,S,SW,Y
728,914.13,Y,Elder,F,17,B,INDIGO,N,NW,Y
729,1050.37,Y,Elder,M,18,C,MAGENTA,M,ME,Y
730,597.6,Y,Young,M,13,B,BROWN,S,SW,Y
731,571.67,N,Elder,F,13,B,BROWN,M,ME,Y
732,1289.12,Y,Elder,F,19,C,MAGENTA,M,ME,Y
733,1020.38,N,Young,M,21,B,INDIGO,N,NW,N
734,707.58,N,Elder,M,14,B,BROWN,N,NW,N
735,145.7,N,Young,M,11,A,BROWN,M,MW,Y
736,191.45,N,Young,M,12,A,INDIGO,M,ME,Y
737,717.78,N,Elder,M,17,B,BROWN,N,NE,Y
738,1147.75,Y,Elder,F,15,D,INDIGO,M,MW,Y
739,1040.15,N,Elder,F,18,C,PURPLE,M,MW,N
740,699.95,N,Elder,M,16,B,BROWN,S,SE,Y
741,1090.11,N,Elder,F,15,C,INDIGO,N,NW,N
742,564.84,N,Elder,M,15,A,BROWN,M,ME,Y
743,1191.08,N,Elder,F,19,C,BROWN,N,NE,Y
744,822.96,Y,Elder,F,14,C,BROWN,S,SW,Y
745,573.25,N,Elder,F,13,B,INDIGO,M,ME,Y
746,483.93,N,Elder,F,16,A,INDIGO,N,NW,Y
747,438.44,N,Young,F,15,A,INDIGO,M,MW,N
748,464.5,N,Elder,M,14,A,BROWN,M,ME,Y
749,1034.46,N,Elder,F,18,B,MAGENTA,N,NE,Y
750,812.99,N,Young,M,19,A,BROWN,M,ME,N
751,849.52,N,Elder,M,16,B,INDIGO,M,MW,Y
752,928.09,Y,Young,F,15,C,BROWN,M,MW,Y
753,2031.52,N,Elder,F,19,B,MAGENTA,M,ME,N
754,123.63,N,Elder,M,11,A,INDIGO,M,MW,Y
755,705.54,Y,Elder,M,16,B,MAGENTA,M,MW,Y
756,873.18,N,Elder,F,18,B,BROWN,S,SW,Y
757,848.62,N,Elder,M,19,B,BROWN,M,MW,Y
758,967.85,N,Elder,F,15,C,MAGENTA,N,NW,N
759,1350.79,N,Elder,F,18,C,INDIGO,M,MW,N
760,414.99,N,Elder,M,16,A,INDIGO,M,ME,N
761,988.8,N,Elder,M,21,B,BROWN,N,NW,Y
762,630.14,N,Elder,F,17,A,INDIGO,N,NE,Y
763,1395.88,N,Elder,M,18,D,INDIGO,S,SE,N
764,801.83,Y,Elder,M,15,A,INDIGO,M,MW,Y
765,1239.21,N,Elder,M,21,B,INDIGO,M,MW,Y
766,794.62,N,Elder,M,17,B,INDIGO,M,MW,Y
767,1074.47,N,Elder,M,22,B,INDIGO,S,SW,Y
768,474.75,N,Elder,M,17,A,BROWN,S,SW,N
769,376.89,N,Elder,M,14,A,MAGENTA,S,SE,N
770,1181.58,N,Elder,M,16,C,MAGENTA,M,MW,N
771,450.43,N,Elder,F,12,B,BROWN,N,NW,Y
772,1126.83,N,Elder,F,20,B,MAGENTA,S,SW,N
773,343.78,N,Elder,F,15,A,INDIGO,N,NW,Y
774,817.48,Y,Elder,M,18,B,BROWN,N,NE,Y
775,523.25,N,Elder,M,12,B,MAGENTA,M,MW,Y
776,861.28,N,Elder,M,16,B,INDIGO,N,NE,Y
777,841.41,N,Elder,M,19,B,INDIGO,S,SE,Y
778,726.96,N,Elder,M,17,B,INDIGO,N,NW,N
779,306.94,N,Elder,M,14,A,BROWN,M,ME,Y
780,1334.31,Y,Elder,M,19,B,INDIGO,M,ME,Y
781,850.47,N,Elder,M,19,B,BROWN,N,NE,Y
782,1111.1,N,Elder,F,22,B,BROWN,M,MW,N
783,707.59,N,Elder,F,14,A,INDIGO,M,MW,Y
784,1218.72,N,Elder,M,19,C,BROWN,M,MW,Y
785,696.88,N,Elder,F,16,B,INDIGO,N,NW,Y
786,676.24,N,Elder,M,21,A,BROWN,S,SE,Y
787,926.27,N,Elder,F,12,C,BROWN,M,MW,Y
788,1666.46,N,Elder,F,21,D,BROWN,M,ME,N
789,394.87,N,Elder,M,16,A,INDIGO,M,ME,Y
790,736.73,N,Elder,M,15,B,BROWN,S,SW,Y
791,804.53,N,Elder,F,14,B,MAGENTA,M,ME,N
792,562.5,N,Elder,M,18,A,BROWN,N,NW,N
793,1099.31,N,Elder,F,17,A,INDIGO,M,ME,Y
794,898.63,N,Elder,M,18,B,BROWN,S,SW,Y
795,451.93,N,Elder,F,16,A,INDIGO,M,ME,Y
796,1451.69,N,Elder,M,14,C,BROWN,S,SW,Y
797,982.16,N,Elder,M,22,B,MAGENTA,M,ME,N
798,605.1,N,Elder,M,20,A,BROWN,N,NW,N
799,475.42,Y,Young,M,12,B,MAGENTA,N,NW,N
800,1050.92,N,Young,M,17,C,BROWN,N,NW,Y
801,969.71,N,Elder,M,21,B,MAGENTA,M,ME,Y
802,527.21,N,Elder,F,17,A,INDIGO,N,NW,N
803,644.6,N,Elder,F,15,B,BROWN,M,ME,Y
804,229.47,N,Elder,M,13,A,BROWN,N,NW,Y
805,1221.06,Y,Elder,F,18,C,BROWN,S,SE,Y
806,1322.97,N,Elder,M,21,C,INDIGO,M,MW,N
807,1279.74,N,Elder,M,20,B,INDIGO,S,SE,Y
808,977.7,N,Elder,M,17,B,MAGENTA,S,SE,N
809,790.59,N,Elder,M,18,A,MAGENTA,N,NE,Y
810,603.27,N,Elder,F,15,B,BROWN,N,NE,Y
811,1164.44,N,Elder,M,18,C,MAGENTA,N,NE,N
812,553.19,N,Elder,F,12,B,INDIGO,N,NE,Y
813,1056.58,N,Elder,M,18,C,BROWN,S,SE,N
814,885.51,N,Elder,F,19,B,BROWN,S,SW,Y
815,636.46,N,Elder,M,18,A,MAGENTA,S,SW,Y
816,1361.16,N,Elder,M,20,C,INDIGO,S,SW,N
817,767.64,N,Elder,M,18,B,MAGENTA,N,NE,N
818,1057.08,N,Elder,M,21,B,BROWN,N,NE,N
819,450.05,N,Elder,M,17,A,MAGENTA,S,SW,N
820,774.35,N,Elder,M,16,B,MAGENTA,M,MW,N
821,512.86,N,Elder,M,18,A,BROWN,S,SW,Y
822,710.73,N,Elder,M,18,A,INDIGO,M,ME,N
823,620.01,N,Elder,F,17,A,BROWN,M,MW,Y
824,511.04,N,Young,F,16,A,BROWN,S,SE,Y
825,555.27,N,Elder,M,16,A,MAGENTA,N,NW,Y
826,1643.56,N,Elder,F,14,C,MAGENTA,N,NE,N
827,1039.21,N,Elder,F,16,B,MAGENTA,S,SW,Y
828,1135.22,N,Elder,M,18,B,BROWN,S,SW,Y
829,655.1,N,Elder,F,16,B,MAGENTA,N,NE,N
830,440.62,N,Young,F,14,A,BROWN,S,SE,Y
831,785.75,N,Elder,M,17,B,INDIGO,N,NW,Y
832,1063.68,N,Elder,M,17,C,BROWN,M,MW,Y
833,713.95,N,Elder,M,17,B,BROWN,N,NW,Y
834,965.36,N,Elder,F,14,C,BROWN,M,ME,Y
835,681.95,N,Young,M,14,B,BROWN,M,ME,Y
836,834.66,Y,Elder,M,16,B,BROWN,S,SE,N
837,534.2,N,Elder,M,15,A,BROWN,N,NE,Y
838,464.23,N,Young,F,11,B,INDIGO,M,ME,N
839,1266.2,Y,Elder,F,19,C,INDIGO,N,NE,Y
840,364.53,N,Elder,M,15,A,INDIGO,M,ME,Y
841,943.94,N,Elder,M,19,B,BROWN,M,ME,Y
842,1223.95,N,Elder,F,16,D,INDIGO,M,MW,Y
843,896.38,N,Elder,M,12,C,INDIGO,M,ME,Y
844,1127.33,Y,Young,F,13,B,INDIGO,N,NW,Y
845,457.28,N,Young,M,16,A,MAGENTA,M,ME,N
846,1070.7,N,Elder,F,15,B,INDIGO,N,NW,N
847,1203.55,N,Elder,F,17,B,BROWN,N,NE,Y
848,863.07,N,Elder,M,14,C,BROWN,S,SW,Y
849,768.9,N,Elder,M,18,B,BROWN,N,NE,Y
850,1069.76,N,Elder,F,16,C,BROWN,M,ME,Y
851,746.67,N,Elder,F,16,B,BROWN,M,MW,Y
852,276.38,N,Elder,F,14,A,BROWN,N,NW,Y
853,994.76,N,Elder,M,17,C,MAGENTA,M,MW,N
854,704.38,N,Elder,M,16,B,INDIGO,N,NW,Y
855,837.69,Y,Young,M,13,C,BROWN,S,SW,Y
856,443.01,N,Elder,M,17,A,INDIGO,M,MW,N
857,839.95,Y,Young,F,15,A,BROWN,M,MW,Y
858,546.91,N,Elder,M,16,A,BROWN,M,ME,Y
859,1166.41,N,Elder,M,17,C,PURPLE,S,SW,N
860,885.64,N,Elder,F,15,C,MAGENTA,M,ME,N
861,435.63,N,Elder,F,14,A,BROWN,M,MW,Y
862,769.76,N,Elder,M,21,A,PURPLE,S,SE,N
863,499.45,N,Elder,F,13,B,MAGENTA,M,ME,N
864,852.18,N,Elder,F,13,C,INDIGO,N,NW,Y
865,500.67,N,Elder,F,18,A,INDIGO,N,NE,N
866,917.63,Y,Elder,F,17,B,BROWN,M,ME,Y
867,630.1,N,Elder,M,15,B,BROWN,M,MW,Y
868,1615.61,N,Elder,M,20,A,PURPLE,N,NW,N
869,771.76,N,Elder,M,15,A,INDIGO,N,NE,N
870,1014.56,N,Elder,M,16,C,INDIGO,S,SW,N
871,688.51,N,Elder,M,16,B,BROWN,N,NE,Y
872,1369.46,N,Elder,M,22,B,INDIGO,N,NW,Y
873,938.82,N,Elder,F,20,B,BROWN,M,MW,Y
874,1466.35,N,Elder,M,18,D,INDIGO,M,ME,N
875,957.43,Y,Elder,F,19,B,BROWN,M,ME,Y
876,651.42,N,Elder,M,15,B,INDIGO,N,NE,N
877,769.84,N,Elder,M,21,A,INDIGO,N,NW,N
878,2174.52,N,Elder,M,22,C,BROWN,M,MW,N
879,633.77,N,Elder,M,19,A,BROWN,N,NW,Y
880,475.93,N,Elder,M,17,A,BROWN,M,MW,Y
881,312.09,N,Elder,F,10,A,INDIGO,N,NE,N
882,561.57,N,Elder,M,12,B,INDIGO,S,SE,N
883,1099.01,N,Elder,M,19,C,BROWN,N,NW,N
884,493.96,N,Elder,F,18,A,INDIGO,M,MW,Y
885,282.29,N,Elder,M,14,A,INDIGO,N,NW,Y
886,1427.99,N,Elder,M,15,B,INDIGO,N,NW,N
887,1108.91,N,Elder,M,18,C,PURPLE,M,MW,N
888,1383.58,N,Elder,M,19,B,BROWN,M,ME,Y
889,1535.42,N,Elder,M,26,C,INDIGO,M,ME,Y
890,1103.68,N,Elder,M,16,B,BROWN,S,SW,Y
891,1239.05,N,Elder,F,19,C,INDIGO,M,MW,N
892,425.87,N,Elder,M,16,A,MAGENTA,N,NW,N
893,732.34,N,Elder,M,17,B,MAGENTA,M,MW,N
894,827.43,Y,Elder,F,14,C,INDIGO,N,NW,Y
895,616.72,N,Elder,M,20,A,INDIGO,S,SW,Y
896,580.18,N,Elder,M,12,B,INDIGO,S,SW,Y
897,886.68,N,Elder,M,18,B,BROWN,M,MW,Y
898,849.94,Y,Young,M,14,C,INDIGO,N,NW,Y
899,605.54,N,Elder,F,15,B,BROWN,N,NE,N
900,414.51,N,Elder,F,16,A,BROWN,S,SW,N
901,845.77,N,Elder,M,17,B,BROWN,N,NW,Y
902,1008.23,N,Elder,F,20,A,BROWN,N,NE,N
903,1002.11,N,Elder,M,18,B,BROWN,N,NE,Y
904,1722.23,N,Elder,M,19,A,INDIGO,M,ME,Y
905,548.57,N,Elder,F,14,B,PURPLE,M,MW,N
906,436.5,N,Elder,F,17,A,BROWN,M,MW,N
907,225.08,N,Elder,M,13,A,INDIGO,M,MW,Y
908,928.33,N,Elder,F,19,B,MAGENTA,N,NE,Y
909,327.39,N,Elder,F,13,A,BROWN,N,NE,Y
910,1480.72,N,Elder,M,16,A,PURPLE,N,NW,N
911,466.32,N,Elder,F,17,A,BROWN,N,NW,N
912,1120.15,N,Elder,F,13,B,MAGENTA,N,NW,Y
913,665.59,N,Elder,F,16,B,BROWN,N,NW,N
914,964.6,N,Elder,M,14,C,PURPLE,S,SW,N
915,868.02,N,Elder,F,20,A,INDIGO,M,ME,N
916,402.35,N,Elder,F,14,A,INDIGO,M,MW,N
917,767.8,N,Elder,M,16,B,MAGENTA,N,NE,N
918,1085.67,N,Elder,F,13,C,MAGENTA,M,ME,Y
919,1605.68,N,Elder,F,18,D,MAGENTA,M,MW,Y
920,1171.72,N,Elder,F,16,C,BROWN,N,NE,N
921,470.63,N,Elder,F,11,B,MAGENTA,M,MW,Y
922,1176.04,N,Elder,M,21,B,BROWN,M,ME,Y
923,1088.04,N,Elder,M,21,B,BROWN,N,NW,N
924,550.2,N,Elder,M,14,B,INDIGO,S,SW,Y
925,977.47,N,Elder,F,20,A,BROWN,M,MW,Y
926,809.36,N,Elder,F,13,C,BROWN,M,ME,Y
927,1311.61,N,Elder,M,16,B,MAGENTA,N,NW,Y
928,1188.29,N,Elder,M,14,B,PURPLE,N,NW,N
929,792.38,Y,Young,F,13,C,INDIGO,S,SW,N
930,401.71,N,Elder,M,15,A,INDIGO,M,ME,Y
931,872.78,N,Elder,M,16,B,BROWN,N,NE,Y
932,620.51,N,Elder,F,15,B,BROWN,M,ME,Y
933,707.76,N,Elder,M,17,B,INDIGO,N,NW,N
934,726.86,N,Elder,F,15,B,INDIGO,N,NW,N
935,829.65,N,Elder,M,24,A,BROWN,S,SW,Y
936,799.96,N,Elder,M,15,B,BROWN,N,NE,Y
937,769.86,N,Elder,F,14,B,BROWN,S,SE,Y
938,592.44,N,Elder,M,14,A,BROWN,M,MW,Y
939,2013.46,N,Elder,M,17,C,INDIGO,M,MW,N
940,1427.52,N,Elder,F,18,D,MAGENTA,N,NW,Y
941,693.88,N,Young,M,16,B,INDIGO,N,NE,N
942,154.16,N,Elder,F,10,A,INDIGO,M,ME,Y
943,223.02,N,Elder,F,11,A,BROWN,M,MW,N
944,900.03,N,Elder,M,20,B,BROWN,N,NE,N
945,934.14,N,Elder,M,18,B,BROWN,S,SW,Y
946,890.12,N,Elder,M,14,C,MAGENTA,N,NW,Y
947,726.34,N,Elder,M,17,B,BROWN,M,MW,N
948,932.31,N,Elder,M,17,A,PURPLE,N,NE,N
949,461.3,Y,Elder,M,16,A,BROWN,N,NW,N
950,1207.95,N,Elder,M,14,C,INDIGO,M,ME,N
951,288.38,N,Elder,F,14,A,BROWN,N,NW,Y
952,823.79,Y,Elder,F,19,B,BROWN,M,MW,Y
953,1273.28,N,Elder,M,16,D,INDIGO,N,NE,N
954,1085.77,N,Elder,M,18,C,MAGENTA,M,MW,N
955,721.3,N,Elder,M,16,B,BROWN,S,SE,Y
956,613.57,N,Elder,M,17,A,INDIGO,M,ME,Y
957,685.01,N,Elder,F,16,B,BROWN,N,NW,Y
958,698.63,N,Elder,M,16,B,BROWN,S,SE,Y
959,1459.09,N,Elder,M,20,C,INDIGO,N,NW,N
960,651.84,N,Elder,F,16,B,BROWN,S,SW,N
961,1546.08,Y,Young,M,16,D,INDIGO,M,MW,Y
962,644.23,N,Elder,M,15,B,BROWN,M,ME,Y
963,893.9,Y,Elder,F,14,C,INDIGO,N,NE,N
964,116.02,N,Young,M,10,A,BROWN,S,SE,Y
965,429.96,N,Elder,M,16,A,MAGENTA,M,ME,N
966,994.99,N,Elder,M,15,C,BROWN,S,SW,Y
967,394.5,N,Young,M,16,A,MAGENTA,S,SW,N
968,1062,N,Young,F,12,D,INDIGO,N,NW,N
969,1149.08,N,Elder,M,18,C,BROWN,N,NW,Y
970,1163.03,N,Elder,F,9,D,MAGENTA,M,MW,Y
971,1513.49,N,Elder,M,16,B,BROWN,M,ME,Y
972,1147.39,N,Elder,M,19,B,BROWN,S,SE,N
973,1044.88,N,Elder,M,18,C,BROWN,S,SE,Y
974,835.66,N,Elder,F,13,B,BROWN,N,NE,Y
975,789.8,N,Elder,F,18,B,INDIGO,N,NW,Y
976,787.63,N,Elder,F,18,B,BROWN,N,NW,N
977,1172.39,N,Elder,M,19,A,BROWN,M,MW,Y
978,838.34,N,Elder,M,22,A,BROWN,M,MW,Y
979,2492.19,N,Elder,F,13,B,BROWN,M,ME,N
980,1005.87,N,Elder,M,17,C,BROWN,N,NE,Y
981,1262.76,N,Elder,M,20,C,INDIGO,N,NW,Y
982,1224.59,N,Elder,M,18,C,INDIGO,S,SW,N
983,549.51,N,Elder,M,14,B,INDIGO,S,SE,N
984,789.89,Y,Young,M,18,B,BROWN,N,NW,Y
985,691.82,N,Elder,M,18,A,MAGENTA,N,NW,N
986,986.37,N,Elder,F,17,B,PURPLE,M,ME,N
987,1030.89,N,Elder,M,15,C,PURPLE,N,NW,N
988,321.66,N,Elder,F,13,A,MAGENTA,N,NE,N
989,445.08,Y,Elder,M,16,A,BROWN,S,SE,Y
990,616.07,N,Elder,F,14,B,MAGENTA,N,NW,N
991,528.71,Y,Young,M,16,A,INDIGO,N,NW,Y
992,991.16,N,Elder,M,17,C,BROWN,S,SE,Y
993,995.9,N,Elder,M,14,C,BROWN,N,NW,Y
994,373.14,N,Elder,M,15,A,INDIGO,N,NE,Y
995,667.6,N,Elder,F,16,B,BROWN,N,NW,Y
996,1146.01,N,Elder,M,19,C,MAGENTA,N,NE,Y
997,1084.1,N,Elder,M,22,B,MAGENTA,M,MW,N
998,956.01,Y,Young,M,13,B,PURPLE,S,SW,N
999,1352.9,N,Elder,M,19,C,MAGENTA,M,ME,Y
1000,1505.76,Y,Elder,M,20,C,BROWN,N,NW,Y
1001,951.72,N,Elder,M,16,B,INDIGO,N,NE,Y
1002,774.6,N,Elder,F,12,C,BROWN,N,NE,N
1003,673.62,N,Elder,F,16,B,MAGENTA,M,MW,N
1004,1460,Y,Elder,M,18,C,BROWN,M,MW,Y
1005,1115.51,N,Elder,M,15,C,INDIGO,M,MW,Y
1006,1272.05,Y,Elder,F,17,C,INDIGO,M,MW,Y
1007,840.79,N,Elder,F,14,B,MAGENTA,M,ME,Y
1008,864.7,Y,Elder,M,16,B,BROWN,M,MW,Y
1009,603.63,N,Elder,F,15,B,BROWN,M,ME,N
1010,1256.68,N,Elder,M,21,C,MAGENTA,N,NW,N
1011,606.77,N,Elder,F,15,B,MAGENTA,N,NW,N
1012,586.49,N,Elder,M,16,A,MAGENTA,S,SW,N
1013,3019.88,N,Elder,F,17,D,MAGENTA,N,NE,N
1014,936.95,N,Elder,F,15,C,MAGENTA,N,NE,N
1015,474.22,N,Elder,F,16,A,INDIGO,M,MW,N
1016,542.59,N,Elder,F,13,B,BROWN,S,SE,N
1017,809.17,N,Elder,M,16,B,INDIGO,M,MW,N
1018,368.68,N,Elder,M,15,A,MAGENTA,S,SE,Y
1019,734.89,N,Elder,F,16,A,INDIGO,N,NE,N
1020,1560.53,N,Elder,M,17,A,BROWN,N,NE,Y
1021,1001.78,N,Elder,M,14,B,BROWN,M,ME,N
1022,898.55,N,Elder,M,21,A,MAGENTA,M,ME,Y
1023,1201.14,N,Elder,M,15,B,INDIGO,S,SW,Y
1024,1200.51,N,Elder,M,21,C,MAGENTA,S,SE,Y
1025,910.47,N,Elder,F,17,B,INDIGO,N,NE,Y
1026,3095.66,Y,Young,F,13,C,BROWN,M,MW,Y
1027,775.59,N,Elder,M,13,C,INDIGO,N,NW,N
1028,1013.13,N,Elder,M,17,C,INDIGO,S,SE,Y
1029,1513.5,N,Elder,M,22,C,BROWN,M,ME,Y
1030,401,N,Elder,F,16,A,BROWN,M,MW,N
1031,942.55,N,Elder,M,20,B,INDIGO,S,SW,Y
1032,827.28,Y,Elder,M,21,A,BROWN,N,NW,Y
1033,1350.44,N,Elder,M,18,D,MAGENTA,M,MW,N
1034,329.85,N,Elder,M,15,A,INDIGO,M,MW,N
1035,897.96,N,Elder,M,15,C,BROWN,S,SW,Y
1036,345.13,N,Elder,M,15,A,BROWN,S,SE,Y
1037,542.03,N,Young,M,17,A,INDIGO,N,NE,Y
1038,1055.19,N,Elder,F,14,A,MAGENTA,S,SE,Y
1039,1312.46,N,Elder,M,15,B,BROWN,N,NW,N
1040,384.02,N,Elder,M,16,A,INDIGO,N,NW,Y
1041,841.27,N,Elder,M,18,B,MAGENTA,N,NW,N
1042,642.64,N,Young,F,15,B,BROWN,M,MW,Y
1043,382.67,N,Elder,F,12,A,MAGENTA,N,NW,Y
1044,422.55,N,Elder,F,15,A,INDIGO,S,SW,N
1045,1232.24,N,Elder,M,20,C,BROWN,N,NE,N
1046,431.92,N,Elder,F,16,A,MAGENTA,N,NE,N
1047,862.8,N,Elder,F,14,C,MAGENTA,N,NW,N
1048,846.94,N,Young,M,14,C,MAGENTA,M,ME,N
1049,1122.49,Y,Elder,M,15,C,BROWN,N,NW,Y
1050,719.38,N,Young,F,15,B,MAGENTA,M,MW,Y
1051,173.13,N,Elder,F,12,A,MAGENTA,N,NW,N
1052,555.09,N,Elder,M,17,A,BROWN,S,SW,N
1053,400.82,N,Elder,F,14,A,MAGENTA,S,SE,N
1054,545.28,N,Elder,M,16,A,BROWN,N,NW,N
1055,1166.15,N,Elder,F,16,C,BROWN,M,MW,Y
1056,972.41,N,Elder,F,16,B,BROWN,S,SE,N
1057,538.46,N,Elder,M,15,A,MAGENTA,M,ME,N
1058,686.52,Y,Young,M,16,B,INDIGO,N,NE,Y
1059,722.75,N,Elder,F,16,B,PURPLE,N,NE,N
1060,818.84,Y,Elder,F,12,C,INDIGO,M,MW,Y
1061,390.77,N,Elder,F,14,A,BROWN,M,MW,Y
1062,770.94,N,Elder,F,16,B,INDIGO,N,NE,N
1063,695.3,N,Elder,M,13,B,INDIGO,S,SW,N
1064,425.5,N,Elder,F,16,A,INDIGO,M,MW,Y
1065,691.92,N,Elder,F,15,A,MAGENTA,M,ME,N
1066,620.56,Y,Elder,F,13,B,BROWN,M,MW,Y
1067,427.5,N,Elder,F,15,A,INDIGO,M,MW,Y
1068,692.29,N,Elder,M,14,B,PURPLE,N,NW,N
1069,813.74,N,Elder,M,16,B,INDIGO,N,NE,N
1070,681.12,N,Elder,M,21,A,INDIGO,M,ME,N
1071,701.54,N,Elder,F,16,B,BROWN,M,ME,Y
1072,535.99,N,Elder,M,13,A,BROWN,N,NE,Y
1073,1516.09,N,Elder,M,21,B,BROWN,S,SW,Y
1074,680.4,N,Elder,M,19,A,BROWN,N,NW,Y
1075,1088.62,N,Elder,M,15,B,INDIGO,N,NE,N
1076,459.47,N,Young,F,12,B,BROWN,M,ME,Y
1077,986.19,N,Elder,F,17,B,INDIGO,S,SE,N
1078,1044.02,N,Elder,F,12,B,MAGENTA,M,ME,N
1079,919.51,N,Elder,F,20,B,BROWN,N,NW,Y
1080,789.22,N,Elder,F,17,B,INDIGO,M,MW,Y
1081,798.65,N,Elder,M,18,B,MAGENTA,N,NW,Y
1082,990.12,N,Elder,M,22,B,MAGENTA,S,SW,Y
1083,455.61,N,Elder,M,15,A,INDIGO,S,SE,Y
1084,693.85,N,Elder,M,18,A,MAGENTA,N,NE,N
1085,815.29,N,Elder,M,15,B,INDIGO,M,ME,N
1086,731.69,N,Elder,F,17,B,MAGENTA,M,MW,N
1087,1224.35,N,Elder,F,13,D,MAGENTA,M,ME,N
1088,665.51,N,Young,M,14,B,INDIGO,S,SW,Y
1089,770.89,N,Elder,M,13,B,MAGENTA,N,NE,N
1090,427.5,N,Young,M,15,A,MAGENTA,M,ME,Y
1091,914.13,N,Elder,M,19,B,INDIGO,M,ME,Y
1092,955.1,N,Elder,F,15,B,INDIGO,S,SE,N
1093,1032.38,N,Elder,M,17,C,INDIGO,S,SE,N
1094,1372.75,N,Young,F,16,C,BROWN,N,NE,N
1095,606.27,Y,Elder,M,20,A,BROWN,S,SW,Y
1096,652.86,N,Elder,F,16,A,BROWN,S,SW,N
1097,977,N,Elder,M,19,B,INDIGO,N,NW,N
1098,479.56,N,Elder,M,13,A,INDIGO,N,NW,Y
1099,1593.6,N,Young,M,18,D,MAGENTA,M,MW,Y
1100,522.15,N,Elder,M,13,B,BROWN,M,ME,Y
1101,1467.05,N,Elder,F,20,D,MAGENTA,S,SE,N
1102,444.83,N,Elder,F,15,A,INDIGO,M,ME,Y
1103,990.64,N,Elder,M,17,C,BROWN,S,SE,Y
1104,1193.67,N,Elder,M,14,B,BROWN,N,NE,Y
1105,847.3,Y,Elder,F,16,B,BROWN,M,ME,Y
1106,1085.4,N,Elder,M,17,C,MAGENTA,M,ME,N
1107,1337.47,N,Elder,M,16,C,BROWN,M,MW,Y
1108,335.78,N,Elder,F,15,A,INDIGO,M,MW,N
1109,722.11,N,Elder,F,20,A,INDIGO,N,NW,Y
1110,510.96,N,Elder,F,18,A,INDIGO,N,NW,N
1111,812.27,N,Elder,F,17,B,BROWN,M,MW,N
1112,776.39,N,Elder,M,18,B,BROWN,M,MW,N
1113,1162.8,N,Elder,M,18,C,BROWN,M,ME,Y
1114,708.32,Y,Elder,F,14,B,PURPLE,M,ME,N
1115,888.51,N,Elder,M,20,B,MAGENTA,M,MW,N
1116,943.84,N,Elder,M,17,B,MAGENTA,N,NE,N
1117,779.75,N,Elder,M,17,B,BROWN,M,MW,N
1118,910.29,N,Elder,F,19,B,BROWN,N,NW,Y
1119,872.47,N,Elder,M,19,B,INDIGO,M,ME,N
1120,993.18,N,Elder,F,16,B,BROWN,M,MW,Y
1121,1270.62,Y,Elder,F,17,C,MAGENTA,S,SE,Y
1122,750.58,Y,Elder,F,14,B,INDIGO,M,MW,Y
1123,948.01,N,Elder,F,13,C,INDIGO,N,NW,N
1124,428.68,N,Young,F,16,A,INDIGO,S,SE,Y
1125,563.54,N,Elder,M,17,A,INDIGO,S,SE,N
1126,951.95,N,Elder,M,21,B,BROWN,M,MW,N
1127,857.14,N,Elder,M,22,A,INDIGO,N,NW,N
1128,962.43,N,Elder,F,16,C,BROWN,N,NE,Y
1129,974.32,N,Elder,M,20,B,MAGENTA,M,MW,Y
1130,481.78,N,Elder,F,14,A,INDIGO,M,ME,N
1131,986.9,Y,Young,M,20,A,BROWN,S,SE,Y
1132,2239.15,N,Elder,M,14,D,PURPLE,S,SW,N
1133,913.78,N,Elder,F,14,C,INDIGO,M,MW,Y
1134,781.26,N,Elder,M,18,B,INDIGO,N,NE,N
1135,719.56,N,Elder,F,16,B,INDIGO,N,NW,Y
1136,455.93,Y,Elder,F,12,B,MAGENTA,M,MW,Y
1137,1103.37,N,Elder,F,19,C,BROWN,N,NW,N
1138,887.86,N,Elder,F,13,B,MAGENTA,S,SE,N
1139,932.84,N,Elder,F,20,B,INDIGO,M,ME,N
1140,609.06,N,Elder,M,20,A,INDIGO,M,ME,N
1141,151.55,N,Young,M,11,A,BROWN,S,SW,Y
1142,788.95,N,Elder,F,15,B,BROWN,N,NE,Y
1143,1098.22,Y,Elder,F,14,D,BROWN,N,NE,Y
1144,805.72,Y,Elder,F,16,B,MAGENTA,S,SE,Y
1145,1440.34,N,Elder,M,20,D,BROWN,S,SW,Y
1146,2244.32,N,Elder,F,15,C,MAGENTA,N,NW,Y
1147,964.49,N,Elder,M,17,A,BROWN,N,NE,Y
1148,717,N,Elder,F,12,B,INDIGO,M,ME,Y
1149,1042.62,N,Elder,M,18,C,MAGENTA,N,NW,N
1150,495.59,Y,Elder,F,16,A,BROWN,M,MW,Y
1151,627.55,Y,Elder,F,15,B,BROWN,M,ME,Y
1152,724.45,N,Elder,M,17,B,INDIGO,M,ME,Y
1153,1329.16,N,Elder,F,15,B,MAGENTA,M,ME,Y
1154,943.48,N,Elder,M,15,C,INDIGO,N,NW,Y
1155,647.68,N,Elder,F,16,A,INDIGO,S,SE,N
1156,334.12,N,Elder,M,15,A,MAGENTA,N,NE,N
1157,1267.21,Y,Elder,M,14,D,BROWN,S,SE,Y
1158,719.32,N,Elder,M,17,B,INDIGO,N,NE,N
1159,783.39,N,Elder,F,13,C,MAGENTA,N,NW,Y
1160,718.48,N,Elder,F,12,C,BROWN,N,NE,Y
1161,1035.22,N,Elder,F,15,C,BROWN,N,NW,Y
1162,623.99,N,Elder,F,16,A,INDIGO,S,SW,N
1163,346.79,N,Elder,M,15,A,INDIGO,N,NE,Y
1164,912.72,Y,Young,M,14,C,INDIGO,S,SW,Y
1165,1158.95,N,Elder,M,18,C,BROWN,S,SW,N
1166,602.65,N,Elder,F,15,A,BROWN,M,MW,N
1167,502.5,N,Elder,M,16,A,MAGENTA,S,SE,N
1168,482,Y,Young,M,12,B,INDIGO,N,NW,N
1169,1613.84,N,Elder,M,16,C,BROWN,M,MW,Y
1170,1421.65,N,Elder,M,19,C,INDIGO,S,SW,N
1171,588.26,N,Elder,M,17,A,PURPLE,M,ME,N
1172,369.12,N,Elder,F,15,A,BROWN,M,ME,Y
1173,623.3,N,Elder,F,18,A,BROWN,N,NW,Y
1174,334.03,N,Elder,F,12,A,MAGENTA,N,NW,N
1175,361.95,N,Elder,M,15,A,INDIGO,N,NE,N
1176,1080,N,Elder,F,15,C,INDIGO,S,SE,Y
1177,621.92,N,Young,F,11,B,MAGENTA,M,ME,N
1178,1334.15,N,Elder,F,17,C,INDIGO,S,SW,N
1179,577.65,N,Elder,F,14,B,INDIGO,N,NW,Y
1180,762.47,N,Elder,M,17,B,INDIGO,N,NE,Y
1181,1290.02,N,Elder,F,18,C,INDIGO,N,NE,Y
1182,1778.95,N,Elder,M,18,B,BROWN,N,NE,Y
1183,1060.53,N,Elder,F,15,C,BROWN,M,ME,Y
1184,1274.21,Y,Elder,F,14,D,INDIGO,N,NW,N
1185,687.92,N,Elder,M,15,B,INDIGO,N,NE,Y
1186,1280.34,N,Elder,F,18,B,MAGENTA,N,NW,N
1187,937.29,N,Elder,M,16,A,MAGENTA,N,NE,Y
1188,449.37,N,Elder,M,17,A,PURPLE,S,SE,N
1189,1161.71,N,Elder,M,15,C,BROWN,M,ME,Y
1190,1544.97,N,Elder,M,19,D,PURPLE,N,NE,N
1191,625.44,N,Elder,M,15,B,INDIGO,S,SE,N
1192,1361.19,Y,Elder,M,18,D,BROWN,N,NE,Y
1193,413.16,N,Young,M,16,A,INDIGO,S,SW,N
1194,647.56,N,Elder,M,15,B,INDIGO,M,ME,Y
1195,1147.52,N,Elder,M,19,C,INDIGO,N,NE,N
1196,779.35,N,Elder,F,18,B,BROWN,N,NE,Y
1197,699.19,N,Elder,M,15,B,INDIGO,M,ME,N
1198,532.87,N,Elder,F,18,A,INDIGO,N,NE,Y
1199,1400.37,N,Elder,M,19,C,INDIGO,M,MW,N
1200,905.01,N,Young,M,15,C,PURPLE,N,NE,N
1201,956.61,N,Elder,M,16,C,BROWN,S,SW,Y
1202,659.85,N,Elder,F,16,B,INDIGO,M,MW,Y
1203,875.55,N,Elder,F,16,B,BROWN,N,NW,N
1204,718.62,N,Elder,M,12,C,INDIGO,M,MW,Y
1205,1539.95,N,Elder,M,20,B,BROWN,N,NE,Y
1206,924.57,N,Elder,F,19,B,BROWN,M,MW,Y
1207,1026.41,N,Elder,M,17,A,PURPLE,M,ME,N
1208,1034.55,N,Elder,F,16,C,INDIGO,N,NW,N
1209,833.25,N,Elder,M,19,B,BROWN,M,ME,Y
1210,1060.75,Y,Elder,F,17,A,BROWN,S,SW,Y
1211,293.9,N,Elder,M,14,A,INDIGO,M,ME,Y
1212,2164.87,N,Elder,M,14,A,INDIGO,N,NW,Y
1213,627.02,N,Elder,M,15,B,BROWN,N,NW,Y
1214,1026.64,N,Elder,M,17,B,BROWN,M,MW,Y
1215,1869.41,N,Elder,F,15,C,MAGENTA,M,ME,Y
1216,834,N,Elder,M,18,B,BROWN,M,MW,Y
1217,1216.32,N,Elder,M,17,B,MAGENTA,N,NE,Y
1218,1040.49,N,Elder,F,17,C,BROWN,M,ME,Y
1219,1206.84,Y,Young,M,20,C,BROWN,N,NE,Y
1220,362.34,N,Elder,F,15,A,MAGENTA,M,MW,Y
1221,502.67,N,Elder,M,13,B,MAGENTA,N,NW,N
1222,877.9,N,Elder,F,12,C,MAGENTA,N,NE,Y
1223,791.02,N,Elder,M,16,B,BROWN,S,SW,Y
1224,1042.14,N,Young,M,16,B,BROWN,M,ME,Y
1225,453.94,N,Elder,F,16,A,MAGENTA,M,MW,N
1226,641.53,N,Elder,F,20,A,BROWN,S,SW,N
1227,1451.45,N,Elder,M,15,C,BROWN,M,ME,N
1228,500.42,N,Elder,M,17,A,INDIGO,M,MW,N
1229,1219.91,N,Elder,M,17,A,BROWN,N,NW,N
1230,491.7,Y,Young,F,17,A,BROWN,S,SW,N
1231,624.09,N,Elder,M,14,B,PURPLE,M,MW,N
1232,964.34,N,Elder,M,16,B,BROWN,N,NE,Y
1233,614,N,Elder,F,20,A,BROWN,S,SE,Y
1234,1131.73,N,Elder,F,19,C,MAGENTA,N,NE,N
1235,543.65,N,Elder,M,17,A,BROWN,N,NE,Y
1236,1201.76,Y,Young,M,19,C,BROWN,M,MW,Y
1237,730.5,N,Elder,M,16,B,BROWN,N,NE,Y
1238,132.08,N,Young,F,10,A,INDIGO,N,NW,Y
1239,1006.15,N,Elder,F,16,C,INDIGO,N,NW,N
1240,787.38,N,Elder,F,16,B,INDIGO,N,NW,Y
1241,434.77,N,Elder,F,15,A,INDIGO,N,NE,Y
1242,1136.1,N,Elder,F,13,D,BROWN,M,MW,Y
1243,705.06,N,Elder,F,12,B,BROWN,M,MW,Y
1244,549.33,N,Elder,F,15,A,BROWN,S,SE,Y
1245,597.48,N,Elder,F,14,B,MAGENTA,M,ME,N
1246,466.61,N,Elder,M,15,A,INDIGO,M,ME,Y
1247,986.03,N,Elder,M,17,C,BROWN,M,MW,Y
1248,612.37,N,Elder,F,18,A,INDIGO,N,NE,N
1249,507.16,N,Elder,M,12,B,BROWN,S,SW,Y
1250,976.64,Y,Elder,M,15,C,INDIGO,M,MW,Y
1251,834.8,Y,Young,M,12,A,BROWN,N,NW,N
1252,1132.84,N,Elder,M,17,A,INDIGO,N,NW,Y
1253,950.5,N,Elder,M,15,B,INDIGO,N,NW,Y
1254,865.64,N,Elder,M,19,B,MAGENTA,M,MW,N
1255,1122.04,N,Elder,M,22,B,PURPLE,S,SE,N
1256,433.77,Y,Elder,M,16,A,MAGENTA,N,NE,Y
1257,663.15,N,Elder,M,15,B,BROWN,M,MW,Y
1258,604.1,N,Elder,M,16,A,BROWN,S,SW,N
1259,1078.49,N,Elder,M,17,C,INDIGO,N,NW,Y
1260,421.08,N,Elder,F,16,A,MAGENTA,N,NW,N
1261,650.62,N,Elder,M,15,B,INDIGO,S,SW,Y
1262,663.4,N,Elder,M,16,B,PURPLE,N,NW,N
1263,651.2,N,Elder,M,12,B,MAGENTA,N,NW,N
1264,1013.58,N,Young,M,14,C,MAGENTA,S,SE,N
1265,596.19,N,Elder,M,18,A,PURPLE,N,NE,N
1266,933.74,N,Elder,M,16,B,MAGENTA,M,MW,N
1267,308.84,N,Elder,F,11,A,INDIGO,N,NE,Y
1268,552.82,N,Elder,M,17,A,INDIGO,S,SE,N
1269,984.13,N,Elder,M,16,A,BROWN,S,SE,Y
1270,585.34,N,Elder,M,13,B,INDIGO,M,ME,N
1271,1035.31,N,Elder,M,16,B,BROWN,N,NW,Y
1272,892.75,N,Elder,F,14,C,BROWN,M,ME,Y
1273,1338.01,N,Elder,F,16,B,MAGENTA,S,SW,N
1274,830.45,N,Young,M,19,B,BROWN,M,ME,N
1275,626.07,N,Elder,M,17,A,MAGENTA,M,ME,N
1276,528.21,N,Elder,M,15,A,MAGENTA,N,NW,N
1277,1295.26,Y,Elder,F,21,B,INDIGO,M,ME,Y
1278,1064.06,N,Elder,M,19,B,BROWN,S,SE,Y
1279,509.8,N,Elder,M,17,A,BROWN,M,MW,Y
1280,933.83,N,Elder,M,18,B,INDIGO,S,SW,N
1281,496.44,N,Elder,M,17,A,MAGENTA,M,MW,Y
1282,290.36,Y,Young,F,14,A,BROWN,N,NW,Y
1283,894.97,N,Elder,M,17,B,INDIGO,S,SE,N
1284,1596.23,N,Elder,F,18,D,BROWN,S,SW,Y
1285,357.58,N,Elder,F,14,A,INDIGO,N,NW,Y
1286,878.07,Y,Elder,M,14,C,MAGENTA,M,ME,N
1287,938.77,N,Elder,M,15,C,PURPLE,S,SE,N
1288,978.14,N,Elder,M,15,C,INDIGO,S,SE,N
1289,593.63,N,Elder,M,14,A,INDIGO,S,SW,N
1290,696.23,N,Elder,F,13,B,INDIGO,N,NW,N
1291,1515.72,Y,Young,M,17,B,PURPLE,N,NW,N
1292,1037,N,Elder,M,17,C,INDIGO,N,NE,N
1293,1591.95,N,Elder,F,21,C,BROWN,M,MW,N
1294,1041.68,N,Elder,F,15,C,MAGENTA,N,NW,N
1295,1124.88,Y,Elder,M,15,C,BROWN,N,NE,Y
1296,1090.22,N,Elder,M,19,C,MAGENTA,N,NW,Y
1297,686.94,N,Elder,M,16,B,BROWN,M,MW,Y
1298,935.22,N,Elder,F,15,C,BROWN,M,ME,N
1299,954.85,N,Elder,M,18,B,INDIGO,M,MW,N
1300,838.16,N,Elder,M,19,B,MAGENTA,N,NW,N
1301,1057.65,N,Elder,M,18,C,INDIGO,M,MW,Y
1302,753.65,N,Elder,F,16,B,BROWN,N,NW,N
1303,888.69,N,Elder,M,15,C,BROWN,S,SE,Y
1304,628.83,N,Elder,M,15,B,BROWN,M,ME,Y
1305,754.87,N,Elder,M,22,A,MAGENTA,N,NW,N
1306,1020.86,N,Young,M,14,A,MAGENTA,N,NE,N
1307,498.88,N,Elder,M,16,A,BROWN,S,SW,Y
1308,635.11,Y,Elder,M,15,B,BROWN,M,MW,Y
1309,1050.93,Y,Young,M,17,C,MAGENTA,S,SE,N
1310,507.21,N,Elder,F,13,B,INDIGO,M,MW,N
1311,1111.45,N,Elder,M,19,C,BROWN,N,NW,N
1312,1080.8,N,Elder,M,16,C,BROWN,N,NE,Y
1313,979.89,N,Elder,F,14,B,BROWN,N,NW,N
1314,628.22,N,Elder,F,12,B,INDIGO,M,MW,N
1315,678.8,N,Elder,F,15,B,MAGENTA,N,NW,N
1316,642.41,N,Elder,F,15,A,INDIGO,N,NE,Y
1317,869.76,N,Elder,M,18,B,MAGENTA,N,NW,N
1318,695.46,N,Elder,M,19,A,INDIGO,S,SE,N
1319,1561.04,N,Elder,F,16,D,INDIGO,S,SW,N
1320,1357.73,N,Elder,F,17,D,INDIGO,M,ME,Y
1321,654.72,N,Elder,M,15,B,INDIGO,M,MW,Y
1322,1218.88,N,Elder,M,14,C,INDIGO,N,NE,Y
1323,711.18,N,Elder,F,16,B,INDIGO,N,NE,Y
1324,677.35,Y,Elder,F,15,B,BROWN,N,NE,Y
1325,1454.54,N,Elder,M,20,C,INDIGO,N,NE,Y
1326,1364.21,N,Elder,M,15,A,PURPLE,M,MW,N
1327,973.97,N,Elder,M,15,C,BROWN,S,SW,Y
1328,305.05,N,Elder,M,12,A,MAGENTA,N,NW,N
1329,518.02,N,Elder,F,17,A,BROWN,M,ME,Y
1330,1069.93,N,Elder,F,15,C,INDIGO,N,NW,Y
1331,1200.11,N,Elder,M,19,C,BROWN,M,MW,Y
1332,710.5,N,Elder,M,14,B,MAGENTA,S,SE,N
1333,1163.23,N,Elder,M,14,C,MAGENTA,N,NW,N
1334,1042.88,N,Young,M,13,C,MAGENTA,N,NW,N
1335,842.93,Y,Elder,M,12,C,MAGENTA,M,MW,Y
1336,886.55,N,Young,M,15,C,BROWN,N,NE,Y
1337,1279.4,N,Elder,F,15,C,BROWN,M,MW,Y
1338,1017.53,Y,Elder,F,17,C,BROWN,N,NW,Y
1339,544.87,N,Elder,M,17,A,BROWN,S,SE,N
1340,616.37,N,Elder,M,20,A,BROWN,S,SW,Y
1341,717.33,N,Elder,F,22,A,BROWN,S,SE,N
1342,1035.98,N,Elder,M,18,B,BROWN,N,NE,Y
1343,663.78,N,Elder,F,17,A,INDIGO,S,SE,N
1344,983.84,N,Elder,M,18,A,MAGENTA,N,NE,N
1345,515.08,N,Elder,F,13,B,INDIGO,M,ME,N
1346,635.48,N,Elder,M,14,B,INDIGO,M,MW,N
1347,1550.27,N,Elder,M,18,D,BROWN,M,ME,Y
1348,954.27,N,Elder,M,18,B,MAGENTA,M,MW,Y
1349,1636.21,N,Young,F,18,C,BROWN,N,NW,N
1350,567.6,N,Young,F,12,B,INDIGO,N,NW,N
1351,795.14,N,Elder,F,18,B,BROWN,S,SE,N
1352,728.54,N,Elder,M,17,B,INDIGO,S,SE,Y
1353,558.14,N,Young,M,13,B,MAGENTA,S,SW,N
1354,900.23,N,Elder,F,20,B,BROWN,N,NE,Y
1355,532.09,N,Elder,F,15,A,INDIGO,S,SE,Y
1356,1142.16,N,Elder,F,16,C,INDIGO,S,SE,Y
1357,677.53,Y,Elder,M,16,B,BROWN,M,ME,Y
1358,1385.38,N,Elder,M,18,C,BROWN,S,SE,Y
1359,646.22,N,Elder,F,19,A,PURPLE,N,NW,N
1360,549.97,N,Elder,M,17,A,INDIGO,S,SW,Y
1361,301.65,N,Elder,F,13,A,MAGENTA,N,NW,N
1362,2134.32,N,Elder,F,21,B,INDIGO,S,SE,Y
1363,629.02,N,Elder,F,16,A,BROWN,S,SW,N
1364,714.49,N,Elder,M,14,B,BROWN,N,NW,Y
1365,1116.41,N,Elder,M,21,A,INDIGO,M,ME,N
1366,620.09,N,Elder,F,15,B,BROWN,M,ME,N
1367,814.14,Y,Young,F,15,B,MAGENTA,S,SW,Y
1368,1051.01,N,Elder,F,17,C,MAGENTA,M,ME,Y
1369,770.09,Y,Elder,M,18,B,INDIGO,N,NE,Y
1370,368.36,N,Young,F,15,A,INDIGO,N,NW,Y
1371,490.85,N,Elder,M,17,A,INDIGO,M,MW,Y
1372,767.64,N,Elder,F,13,C,BROWN,N,NW,Y
1373,758.97,Y,Elder,F,15,B,BROWN,S,SW,Y
1374,667.71,N,Elder,F,15,B,BROWN,S,SE,Y
1375,931.99,N,Elder,F,19,B,BROWN,N,NW,Y
1376,930.05,N,Elder,M,21,B,PURPLE,M,MW,N
1377,285.91,N,Elder,M,14,A,INDIGO,M,MW,Y
1378,478.61,N,Elder,M,11,B,INDIGO,N,NW,Y
1379,801.78,Y,Elder,M,18,B,MAGENTA,N,NW,N
1380,1172.79,N,Elder,M,16,B,BROWN,M,ME,N
1381,537.22,N,Elder,M,15,A,MAGENTA,S,SE,N
1382,1020.26,N,Elder,F,17,C,PURPLE,M,MW,N
1383,513.94,N,Elder,F,12,B,INDIGO,N,NW,Y
1384,648.59,N,Elder,M,14,B,BROWN,N,NW,Y
1385,661.3,N,Elder,F,15,B,INDIGO,N,NE,N
1386,528.97,N,Elder,M,17,A,INDIGO,N,NE,N
1387,840.8,N,Elder,F,19,B,INDIGO,N,NW,Y
1388,515.84,N,Elder,F,18,A,BROWN,N,NE,Y
1389,470.26,N,Elder,F,16,A,INDIGO,N,NE,Y
1390,1015.79,N,Elder,M,17,C,INDIGO,S,SW,N
1391,1012.93,N,Elder,F,13,C,BROWN,M,ME,Y
1392,971.34,N,Elder,M,16,C,MAGENTA,N,NW,N
1393,1010.17,N,Elder,M,17,C,MAGENTA,M,ME,N
1394,1003.07,N,Elder,M,17,B,INDIGO,N,NW,N
1395,821.33,N,Elder,M,20,A,INDIGO,N,NW,N
1396,413.89,N,Elder,F,13,A,BROWN,N,NE,Y
1397,1010.59,N,Elder,F,16,C,INDIGO,N,NE,N
1398,796.33,N,Elder,M,17,B,MAGENTA,N,NE,Y
1399,1343.7,N,Elder,M,18,B,BROWN,M,MW,Y
1400,793.75,N,Elder,F,16,B,MAGENTA,S,SE,N
1401,1177.33,N,Elder,M,21,B,INDIGO,S,SE,Y
1402,1329.32,N,Elder,F,18,C,MAGENTA,M,MW,N
1403,346.52,N,Young,M,15,A,MAGENTA,N,NW,N
1404,1103.87,N,Elder,M,14,D,MAGENTA,S,SW,N
1405,1009.68,N,Elder,F,16,C,INDIGO,M,MW,N
1406,546.52,N,Elder,M,15,A,MAGENTA,S,SW,N
1407,607.6,N,Elder,F,15,B,MAGENTA,M,MW,Y
1408,1114.44,Y,Young,M,21,B,INDIGO,N,NW,Y
1409,1047.89,N,Elder,F,17,C,BROWN,S,SW,Y
1410,747.7,N,Elder,F,15,A,BROWN,N,NE,Y
1411,1000.79,N,Elder,M,16,C,INDIGO,S,SW,N
1412,924,N,Elder,M,20,A,BROWN,S,SE,Y
1413,1770.47,N,Elder,M,19,A,BROWN,N,NE,Y
1414,1656.75,N,Elder,F,15,D,BROWN,N,NW,N
1415,881.43,N,Young,M,16,B,BROWN,N,NW,Y
1416,890.84,N,Elder,F,15,C,MAGENTA,N,NW,Y
1417,761.61,N,Elder,M,15,B,INDIGO,M,ME,Y
1418,829.69,Y,Young,M,14,C,INDIGO,M,MW,Y
1419,508.52,N,Elder,F,13,B,INDIGO,N,NE,Y
1420,1763.73,Y,Elder,F,17,B,MAGENTA,S,SE,N
1421,417.84,N,Elder,M,16,A,BROWN,M,MW,Y
1422,404.74,N,Young,F,11,B,BROWN,M,ME,N
1423,1157.4,N,Elder,F,18,B,INDIGO,M,ME,N
1424,570.3,Y,Elder,F,13,B,INDIGO,N,NW,Y
1425,739.21,N,Elder,F,15,A,MAGENTA,N,NE,N
1426,546.48,N,Elder,F,12,B,MAGENTA,N,NW,N
1427,325.69,N,Elder,F,15,A,MAGENTA,M,ME,N
1428,1010.67,Y,Young,F,15,B,BROWN,N,NE,Y
1429,1099.63,N,Elder,M,16,C,BROWN,M,ME,N
1430,576.95,N,Elder,M,14,B,BROWN,M,MW,Y
1431,288.7,N,Elder,M,14,A,MAGENTA,M,ME,Y
1432,731.52,N,Elder,F,15,A,INDIGO,N,NE,Y
1433,1043.1,N,Elder,F,15,B,PURPLE,N,NW,N
1434,390.92,N,Elder,M,16,A,MAGENTA,N,NW,N
1435,750.92,N,Elder,M,15,B,BROWN,S,SW,N
1436,1079.98,N,Elder,M,18,C,BROWN,S,SE,Y
1437,598.79,N,Elder,M,14,B,INDIGO,S,SW,N
1438,443.82,N,Elder,M,17,A,BROWN,M,ME,N
1439,656.14,N,Elder,F,16,B,MAGENTA,S,SW,Y
1440,553.78,N,Elder,M,13,B,INDIGO,S,SW,N
1441,791.28,N,Elder,M,13,B,INDIGO,S,SW,Y
1442,815.55,N,Elder,M,17,B,INDIGO,M,MW,Y
1443,828.02,N,Elder,M,17,B,BROWN,N,NW,N
1444,439.06,N,Elder,F,11,B,INDIGO,M,ME,Y
1445,1621.9,N,Elder,F,17,D,INDIGO,S,SE,Y
1446,837.64,N,Elder,F,17,B,BROWN,N,NE,Y
1447,1372.05,N,Elder,F,19,A,MAGENTA,N,NW,Y
1448,728.99,N,Elder,F,17,A,INDIGO,N,NE,N
1449,541.41,N,Elder,M,13,B,MAGENTA,M,ME,N
1450,1110.69,N,Elder,F,16,C,MAGENTA,N,NE,N
1451,1096.18,N,Elder,M,17,B,BROWN,N,NE,Y
1452,1079.94,N,Elder,F,13,B,MAGENTA,M,MW,N
1453,1226.17,N,Elder,M,21,C,INDIGO,S,SE,N
1454,908.4,N,Elder,F,20,B,BROWN,N,NE,Y
1455,1000.84,N,Elder,M,16,C,MAGENTA,N,NW,N
1456,804.28,N,Elder,M,18,B,MAGENTA,N,NE,N
1457,1002.17,N,Young,F,17,C,MAGENTA,M,ME,N
1458,1333.02,N,Elder,M,21,A,INDIGO,M,MW,Y
1459,446.49,N,Elder,F,16,A,BROWN,N,NW,Y
1460,439.61,N,Elder,F,11,B,BROWN,N,NE,N
1461,824.39,N,Elder,F,9,D,MAGENTA,N,NW,N
1462,674.59,N,Elder,M,15,B,INDIGO,N,NE,Y
1463,1064.69,N,Elder,M,16,C,INDIGO,M,MW,Y
1464,1222.02,N,Elder,M,19,C,INDIGO,M,ME,N
1465,1105.64,N,Elder,F,18,C,INDIGO,M,ME,N
1466,513.86,N,Elder,M,18,A,MAGENTA,M,MW,N
1467,579.59,Y,Young,M,14,B,BROWN,N,NE,Y
1468,547.28,N,Young,M,16,A,MAGENTA,N,NW,N
1469,983.62,N,Elder,F,15,C,BROWN,N,NE,Y
1470,625.41,N,Elder,M,14,B,INDIGO,N,NE,Y
1471,1483.87,N,Elder,M,19,C,BROWN,N,NE,N
1472,635.26,N,Elder,M,15,B,INDIGO,M,MW,N
1473,1511.38,N,Elder,M,14,D,BROWN,M,MW,Y
1474,502.23,N,Elder,M,16,A,MAGENTA,M,MW,N
1475,362.74,N,Elder,M,15,A,INDIGO,M,ME,Y
1476,479.03,N,Elder,M,16,A,BROWN,M,MW,N
1477,775.48,N,Elder,M,17,B,BROWN,N,NW,Y
1478,878.3,N,Elder,M,18,B,INDIGO,M,ME,Y
1479,1161.03,N,Elder,M,21,B,BROWN,S,SW,Y
1480,629.79,N,Elder,F,13,B,BROWN,M,MW,N
1481,654.94,N,Elder,F,19,A,PURPLE,N,NE,N
1482,561.02,N,Elder,M,16,A,MAGENTA,S,SE,N
1483,1048.02,N,Elder,F,15,C,INDIGO,M,ME,Y
1484,636.29,N,Elder,M,15,A,PURPLE,N,NE,N
1485,882.77,N,Elder,F,15,C,BROWN,M,MW,N
1486,778.26,Y,Elder,M,18,B,INDIGO,M,ME,Y
1487,631.03,N,Elder,F,14,B,BROWN,M,ME,N
1488,900.72,N,Young,M,12,C,MAGENTA,S,SW,N
1489,938.98,N,Elder,F,15,B,BROWN,N,NW,N
1490,1085.43,N,Elder,M,20,B,MAGENTA,M,MW,Y
1491,718.41,N,Elder,M,17,B,INDIGO,N,NE,Y
1492,786.06,N,Elder,F,16,B,INDIGO,M,ME,Y
1493,1256.99,N,Elder,M,16,B,BROWN,N,NW,Y
1494,1050.07,N,Elder,M,14,C,BROWN,S,SE,Y
1495,795.25,N,Elder,F,13,B,MAGENTA,M,ME,N
1496,1133.42,N,Elder,M,18,A,MAGENTA,N,NW,N
1497,882.6,N,Elder,F,13,C,BROWN,N,NW,Y
1498,274.08,N,Elder,F,13,A,BROWN,M,ME,Y
1499,796.14,N,Elder,F,13,B,INDIGO,N,NE,N
1500,1112.7,N,Elder,M,14,C,BROWN,N,NE,Y
1501,712.34,N,Elder,M,15,B,MAGENTA,S,SW,Y
1502,966.34,N,Elder,F,16,B,BROWN,M,MW,Y
1503,768.55,Y,Young,M,17,B,INDIGO,S,SE,Y
1504,858.01,N,Elder,M,18,B,BROWN,M,ME,Y
1505,949.1,N,Elder,M,16,C,BROWN,N,NE,Y
1506,588.59,N,Elder,F,13,B,MAGENTA,M,MW,N
1507,1234.04,Y,Young,F,18,C,BROWN,N,NE,Y
1508,1279.82,Y,Elder,M,19,B,BROWN,N,NE,Y
1509,833.12,N,Elder,F,13,C,BROWN,M,ME,N
1510,475.47,N,Elder,M,16,A,MAGENTA,S,SE,N
1511,587.02,N,Young,M,16,A,MAGENTA,N,NW,N
1512,948.24,N,Elder,M,16,C,MAGENTA,S,SW,Y
1513,581.54,N,Elder,F,14,B,MAGENTA,M,ME,Y
1514,1216.65,Y,Elder,M,18,A,INDIGO,N,NE,Y
1515,1120.22,N,Elder,M,18,C,BROWN,S,SW,N
1516,825.35,N,Elder,M,14,C,INDIGO,N,NW,N
1517,1371.37,N,Elder,F,20,C,BROWN,S,SW,Y
1518,378.17,N,Elder,F,13,A,INDIGO,N,NW,Y
1519,986.91,N,Elder,M,18,A,BROWN,N,NW,Y
1520,725.36,N,Elder,F,16,B,INDIGO,S,SE,Y
1521,730.98,N,Elder,M,17,B,MAGENTA,M,MW,N
1522,1447.07,Y,Young,M,16,C,BROWN,M,ME,Y
1523,699.98,N,Young,M,16,B,INDIGO,N,NW,N
1524,777.36,N,Elder,F,16,B,BROWN,M,MW,Y
1525,711.1,N,Elder,M,20,A,BROWN,M,ME,Y
1526,508.77,N,Elder,F,18,A,INDIGO,S,SW,N
1527,668.41,N,Elder,M,19,A,BROWN,N,NW,N
1528,1255.27,Y,Elder,M,14,C,INDIGO,M,MW,N
1529,576.67,N,Elder,M,14,B,BROWN,S,SE,Y
1530,1095.53,N,Elder,F,14,D,BROWN,M,MW,N
1531,865.4,N,Elder,F,12,B,BROWN,N,NW,Y
1532,734.92,N,Elder,M,17,B,BROWN,N,NW,Y
1533,401.99,N,Elder,M,16,A,BROWN,M,MW,N
1534,970.15,N,Elder,F,16,B,BROWN,N,NE,Y
1535,1516.88,Y,Elder,M,16,D,BROWN,M,MW,Y
1536,898.66,N,Elder,M,17,B,BROWN,M,ME,N
1537,775.04,N,Elder,F,17,B,BROWN,M,ME,Y
1538,825.93,N,Elder,F,19,B,BROWN,S,SE,Y
1539,1043.05,N,Young,M,16,B,MAGENTA,S,SW,N
1540,695.59,Y,Young,M,16,B,PURPLE,N,NE,N
1541,555.17,N,Elder,M,19,A,BROWN,N,NW,Y
1542,978.95,Y,Elder,M,16,C,MAGENTA,S,SE,N
1543,282.78,N,Elder,F,13,A,INDIGO,M,MW,Y
1544,820.57,N,Elder,F,17,B,INDIGO,M,MW,Y
1545,613.12,N,Young,M,20,A,BROWN,N,NW,Y
1546,567.25,N,Elder,M,19,A,BROWN,M,MW,Y
1547,1324.13,N,Elder,M,15,D,BROWN,M,MW,Y
1548,601.98,N,Elder,M,13,B,INDIGO,M,MW,N
1549,403.77,N,Elder,F,13,A,INDIGO,M,ME,Y
1550,465.69,N,Elder,M,15,A,INDIGO,S,SW,N
1551,999.44,Y,Elder,F,17,C,BROWN,M,MW,Y
1552,941.33,N,Elder,M,15,C,INDIGO,N,NW,Y
1553,931.18,N,Elder,F,18,B,MAGENTA,M,MW,N
1554,594.63,N,Young,M,19,A,BROWN,S,SW,N
1555,1636.99,N,Elder,M,17,B,MAGENTA,N,NW,Y
1556,1139,Y,Elder,M,19,C,MAGENTA,S,SE,N
1557,285.6,Y,Young,M,13,A,MAGENTA,S,SE,N
1558,374.85,N,Elder,M,13,A,MAGENTA,N,NE,N
1559,989,N,Elder,M,21,B,MAGENTA,N,NE,Y
1560,566.63,N,Elder,M,19,A,INDIGO,N,NW,N
1561,843.41,N,Elder,F,18,B,BROWN,N,NW,Y
1562,879.81,Y,Elder,M,20,B,INDIGO,M,MW,N
1563,645.76,N,Elder,F,14,B,BROWN,N,NE,N
1564,511.09,N,Elder,F,13,B,MAGENTA,N,NW,N
1565,539.29,N,Young,F,12,B,MAGENTA,S,SE,N
1566,746.3,N,Elder,F,15,B,INDIGO,S,SE,Y
1567,538.26,N,Elder,M,17,A,INDIGO,S,SW,N
1568,674.09,N,Elder,M,13,B,BROWN,M,MW,Y
1569,1188.35,N,Elder,F,14,D,MAGENTA,M,MW,N
1570,791.75,N,Elder,F,13,B,PURPLE,N,NE,N
1571,125.76,N,Elder,F,10,A,BROWN,M,MW,Y
1572,672.76,N,Elder,F,13,B,MAGENTA,N,NE,N
1573,1159.56,N,Elder,F,20,C,BROWN,M,ME,Y
1574,1160.51,N,Elder,F,16,C,INDIGO,S,SE,Y
1575,544.68,N,Elder,M,16,A,INDIGO,N,NW,Y
1576,759.98,N,Elder,F,13,C,BROWN,N,NW,Y
1577,593.35,N,Elder,F,17,A,INDIGO,N,NE,N
1578,1155.56,N,Elder,M,17,A,MAGENTA,N,NE,N
1579,938.35,N,Elder,M,15,B,PURPLE,M,MW,N
1580,999.55,N,Elder,M,17,B,INDIGO,M,ME,Y
1581,1435.25,N,Elder,M,15,D,BROWN,M,MW,N
1582,778.64,N,Elder,F,11,B,INDIGO,S,SE,N
1583,320.29,N,Elder,M,14,A,INDIGO,S,SE,N
1584,534.27,N,Elder,M,14,A,BROWN,N,NE,Y
1585,870.87,N,Elder,F,17,B,BROWN,M,MW,Y
1586,660.17,N,Elder,M,21,A,BROWN,M,MW,N
1587,770.91,N,Elder,F,13,C,BROWN,M,ME,N
1588,1453.26,N,Elder,M,15,D,BROWN,N,NE,Y
1589,879.34,N,Elder,M,17,B,INDIGO,S,SW,N
1590,410.63,Y,Young,M,16,A,BROWN,S,SW,Y
1591,540.61,N,Elder,M,17,A,INDIGO,N,NE,Y
1592,657.09,N,Elder,F,21,A,BROWN,M,MW,N
1593,278.93,N,Elder,M,14,A,BROWN,N,NW,Y
1594,842.37,N,Elder,F,14,C,PURPLE,N,NE,N
1595,693.17,N,Elder,F,20,A,MAGENTA,M,ME,Y
1596,399.44,N,Elder,M,16,A,MAGENTA,N,NE,N
1597,783.88,N,Elder,F,18,B,MAGENTA,M,MW,N
1598,1174.07,N,Elder,F,25,B,BROWN,N,NE,Y
1599,758.96,N,Elder,F,16,B,MAGENTA,M,ME,N
1600,978.49,N,Elder,M,15,C,MAGENTA,N,NE,Y
1601,789.16,N,Elder,M,16,A,BROWN,M,MW,Y
1602,540.72,N,Elder,M,15,A,INDIGO,M,MW,Y
1603,1011.8,N,Elder,M,20,B,MAGENTA,N,NW,N
1604,994.28,N,Elder,M,19,B,MAGENTA,M,MW,N
1605,238.83,N,Elder,M,13,A,BROWN,S,SW,Y
1606,1176.02,N,Elder,M,17,C,BROWN,N,NE,Y
1607,1342.49,N,Elder,F,17,B,BROWN,N,NW,N
1608,810.67,N,Elder,F,16,B,BROWN,M,MW,N
1609,546.9,Y,Elder,F,14,B,INDIGO,N,NW,Y
1610,665.47,N,Elder,F,19,A,MAGENTA,M,ME,Y
1611,1284.66,N,Elder,M,19,C,PURPLE,S,SE,N
1612,512.99,N,Elder,F,12,B,MAGENTA,M,MW,Y
1613,456.73,N,Elder,F,14,A,BROWN,N,NW,Y
1614,432.14,N,Elder,M,13,A,PURPLE,S,SE,N
1615,948.56,N,Elder,M,21,B,MAGENTA,N,NE,Y
1616,112.55,N,Elder,F,11,A,INDIGO,N,NE,N
1617,344.19,N,Elder,M,14,A,BROWN,N,NW,Y
1618,747.86,Y,Young,M,17,B,BROWN,S,SE,Y
1619,807.21,N,Elder,M,17,B,BROWN,N,NW,Y
1620,716.66,N,Elder,F,17,B,INDIGO,N,NE,N
1621,693.5,N,Elder,M,15,B,BROWN,S,SW,Y
1622,1307.5,N,Elder,F,17,C,MAGENTA,S,SE,N
1623,614.98,N,Elder,F,15,B,BROWN,M,MW,Y
1624,493.15,N,Elder,F,15,A,BROWN,N,NE,Y
1625,639.51,N,Elder,M,15,B,MAGENTA,N,NE,N
1626,548.36,N,Young,M,16,A,INDIGO,N,NE,N
1627,813.44,N,Elder,F,15,B,MAGENTA,N,NE,N
1628,772.94,N,Elder,M,18,B,INDIGO,M,MW,Y
1629,671.86,Y,Elder,M,15,A,MAGENTA,N,NE,Y
1630,267.23,N,Elder,F,12,A,INDIGO,M,ME,Y
1631,477.3,N,Elder,M,17,A,MAGENTA,N,NE,N
1632,523.27,Y,Elder,F,11,B,BROWN,S,SE,Y
1633,1197.11,Y,Elder,M,15,D,BROWN,S,SE,N
1634,635.16,N,Elder,M,14,B,BROWN,N,NW,Y
1635,825.43,N,Elder,M,17,B,BROWN,M,ME,N
1636,1321.27,N,Elder,M,21,C,BROWN,N,NW,Y
1637,440.65,N,Elder,F,17,A,MAGENTA,N,NE,N
1638,1462.55,Y,Young,M,13,C,MAGENTA,N,NE,Y
1639,707.59,N,Elder,M,16,B,BROWN,S,SW,Y
1640,684.95,N,Elder,M,12,B,BROWN,S,SW,N
1641,831.48,N,Elder,F,19,A,MAGENTA,N,NW,N
1642,559.45,N,Elder,F,19,A,INDIGO,M,ME,Y
1643,1057.61,N,Elder,M,21,B,BROWN,S,SW,Y
1644,535.67,N,Elder,F,12,B,BROWN,S,SW,N
1645,1226.8,Y,Elder,M,21,C,BROWN,M,ME,Y
1646,1530.89,N,Elder,F,17,C,MAGENTA,S,SE,N
1647,1093.08,N,Young,M,12,D,BROWN,S,SE,N
1648,739.85,N,Elder,F,15,B,INDIGO,M,MW,N
1649,580.34,Y,Elder,F,13,B,BROWN,N,NW,Y
1650,1484.46,Y,Elder,F,17,D,BROWN,M,MW,Y
1651,1147.69,Y,Elder,M,14,C,INDIGO,S,SE,Y
1652,471.99,N,Elder,M,17,A,BROWN,N,NE,Y
1653,445.19,N,Elder,M,17,A,BROWN,S,SE,Y
1654,934.32,N,Elder,F,16,C,BROWN,N,NW,Y
1655,548.3,N,Elder,M,15,A,BROWN,S,SE,Y
1656,1117.01,N,Elder,M,19,C,MAGENTA,S,SE,Y
1657,1146.82,N,Elder,M,19,B,BROWN,N,NE,Y
1658,849.56,Y,Elder,M,13,C,BROWN,N,NW,Y
1659,587.66,N,Elder,M,14,B,INDIGO,M,MW,N
1660,818.61,N,Elder,M,17,A,BROWN,S,SW,Y
1661,417.64,N,Elder,F,16,A,INDIGO,N,NW,Y
1662,1149.41,N,Elder,M,20,A,BROWN,N,NW,N
1663,787.93,N,Young,M,18,A,PURPLE,N,NW,N
1664,1181.87,N,Elder,M,19,A,MAGENTA,M,MW,N
1665,464.73,N,Elder,M,15,A,INDIGO,M,ME,Y
1666,739.26,Y,Elder,M,17,A,BROWN,N,NW,Y
1667,744.92,Y,Young,F,13,B,BROWN,S,SW,Y
1668,1528.35,N,Elder,M,20,B,BROWN,S,SW,Y
1669,536.07,N,Elder,M,15,A,BROWN,N,NE,Y
1670,406.58,N,Elder,M,16,A,BROWN,N,NE,N
1671,691.92,N,Elder,M,20,A,BROWN,N,NW,N
1672,1137.65,N,Elder,M,17,C,BROWN,N,NE,Y
1673,724.54,N,Elder,M,17,B,PURPLE,N,NW,N
1674,659.49,N,Elder,F,15,B,BROWN,M,MW,Y
1675,933.67,N,Elder,F,16,C,MAGENTA,M,ME,N
1676,866.28,N,Elder,F,13,C,INDIGO,S,SE,N
1677,831.58,N,Elder,M,18,B,MAGENTA,S,SW,N
1678,661.7,Y,Elder,M,15,A,BROWN,S,SW,Y
1679,1242.09,N,Elder,M,19,C,INDIGO,S,SW,Y
1680,524.54,N,Elder,M,13,B,INDIGO,S,SW,N
1681,793.53,N,Elder,M,18,A,MAGENTA,S,SE,Y
1682,272.38,N,Elder,F,11,A,BROWN,S,SW,Y
1683,725.85,N,Young,M,14,B,INDIGO,M,MW,Y
1684,389.61,N,Elder,F,16,A,BROWN,S,SE,N
1685,224.65,N,Elder,F,12,A,MAGENTA,S,SW,N
1686,1144.01,N,Elder,F,23,B,INDIGO,N,NE,Y
1687,407.02,Y,Young,F,16,A,BROWN,M,MW,Y
1688,751.81,N,Elder,M,18,A,BROWN,S,SE,Y
1689,906.37,N,Elder,M,15,C,BROWN,M,MW,Y
1690,885.83,N,Elder,M,19,B,BROWN,S,SW,N
1691,726.66,N,Elder,M,12,C,INDIGO,N,NW,Y
1692,737.93,N,Elder,M,20,A,MAGENTA,S,SE,Y
1693,233.37,N,Elder,M,13,A,BROWN,M,MW,Y
1694,811.44,N,Elder,F,15,B,INDIGO,M,ME,Y
1695,436.85,N,Elder,M,17,A,BROWN,N,NW,Y
1696,1012.25,N,Elder,M,17,C,MAGENTA,S,SE,N
1697,716.15,N,Elder,M,17,B,MAGENTA,M,ME,N
1698,469.82,N,Elder,M,17,A,BROWN,N,NE,Y
1699,942.22,N,Elder,F,15,C,INDIGO,M,ME,N
1700,1257.69,N,Elder,M,18,B,BROWN,S,SW,Y
1701,645.05,N,Elder,F,19,A,INDIGO,M,MW,N
1702,916.03,N,Young,M,14,B,INDIGO,N,NW,N
1703,555.52,N,Elder,F,14,B,BROWN,N,NW,N
1704,636.05,N,Elder,M,14,A,INDIGO,M,ME,Y
1705,890.7,N,Elder,M,17,B,BROWN,N,NE,Y
1706,383.46,N,Elder,F,15,A,BROWN,M,MW,N
1707,424.17,N,Elder,F,16,A,INDIGO,M,ME,Y
1708,198.39,N,Elder,M,12,A,MAGENTA,M,MW,Y
1709,930.96,N,Elder,M,17,B,BROWN,N,NE,Y
1710,1017.5,N,Elder,M,15,B,BROWN,S,SW,Y
1711,1395.44,N,Elder,M,19,B,BROWN,N,NW,N
1712,1242.32,N,Elder,M,16,D,MAGENTA,N,NW,Y
1713,540.73,N,Elder,M,15,A,MAGENTA,S,SW,N
1714,1225.29,N,Young,M,20,C,INDIGO,N,NE,N
1715,832.58,N,Elder,M,13,C,MAGENTA,N,NW,N
1716,625.7,Y,Elder,F,14,B,BROWN,M,MW,Y
1717,616.55,N,Elder,M,18,A,PURPLE,M,MW,N
1718,568.68,N,Elder,M,16,A,BROWN,M,ME,Y
1719,947.97,N,Elder,F,16,C,MAGENTA,N,NW,Y
1720,1032.96,N,Young,M,17,C,MAGENTA,S,SE,N
1721,276.05,N,Elder,M,14,A,MAGENTA,S,SW,Y
1722,599.74,N,Elder,M,19,A,BROWN,N,NW,N
1723,358.28,N,Elder,F,14,A,BROWN,N,NE,Y
1724,1073.55,N,Elder,F,13,A,INDIGO,M,ME,N
1725,548.34,N,Elder,M,19,A,INDIGO,N,NE,N
1726,827.91,N,Young,F,11,B,BROWN,N,NE,Y
1727,1950.3,N,Elder,M,13,B,BROWN,M,ME,Y
1728,1054.88,N,Young,M,16,B,INDIGO,N,NW,N
1729,1003.99,Y,Young,M,17,C,BROWN,M,MW,Y
1730,835.26,N,Elder,F,19,B,MAGENTA,N,NE,Y
1731,1165.46,N,Elder,M,19,C,BROWN,N,NW,Y
1732,1323.31,N,Elder,F,18,D,PURPLE,M,MW,N
1733,594.12,N,Elder,M,16,A,MAGENTA,M,MW,N
1734,1033.83,N,Elder,M,16,C,INDIGO,N,NW,N
1735,934.59,N,Elder,F,14,B,INDIGO,M,MW,N
1736,442.8,N,Elder,F,17,A,PURPLE,S,SW,N
1737,477.13,N,Elder,F,12,B,BROWN,N,NW,Y
1738,801.01,N,Elder,M,18,B,BROWN,M,ME,Y
1739,1636.39,Y,Elder,F,17,C,INDIGO,M,ME,Y
1740,458.67,N,Elder,F,17,A,INDIGO,M,ME,N
1741,661.05,N,Elder,M,21,A,INDIGO,M,MW,N
1742,624.19,N,Elder,M,14,B,INDIGO,N,NW,N
1743,775.37,N,Elder,F,19,A,BROWN,S,SE,N
1744,301.38,N,Young,M,13,A,INDIGO,N,NW,Y
1745,830.94,N,Elder,M,19,B,INDIGO,M,MW,Y
1746,997.78,Y,Elder,M,17,A,BROWN,M,ME,Y
1747,960.79,N,Elder,M,15,C,INDIGO,N,NW,N
1748,1566.33,Y,Elder,M,22,B,INDIGO,M,ME,N
1749,691.52,Y,Young,F,12,B,MAGENTA,M,MW,N
1750,1460.51,Y,Elder,F,18,B,BROWN,S,SE,Y
1751,634.08,N,Elder,F,15,B,INDIGO,N,NW,N
1752,871.65,N,Elder,M,20,B,BROWN,M,MW,Y
1753,618.69,N,Elder,M,15,B,INDIGO,M,ME,N
1754,1269.59,Y,Elder,M,17,B,BROWN,N,NW,Y
1755,814.89,N,Elder,F,14,B,INDIGO,N,NE,Y
1756,330.09,N,Elder,F,15,A,BROWN,S,SE,Y
1757,739.78,N,Elder,M,12,B,MAGENTA,S,SW,N
1758,1138.88,N,Elder,M,18,C,INDIGO,M,MW,Y
1759,441.71,N,Elder,M,17,A,BROWN,S,SE,Y
1760,774.17,N,Young,M,16,B,PURPLE,S,SE,N
1761,841.53,N,Elder,M,14,C,INDIGO,M,MW,Y
1762,595.7,N,Young,F,17,A,MAGENTA,N,NE,Y
1763,421.17,N,Elder,F,16,A,MAGENTA,N,NE,Y
1764,708.96,N,Elder,M,15,B,BROWN,N,NE,N
1765,507.82,N,Young,M,14,A,MAGENTA,N,NW,N
1766,984.03,N,Elder,F,14,C,BROWN,N,NE,N
1767,842.38,Y,Elder,F,13,C,BROWN,M,MW,Y
1768,955.88,N,Elder,F,19,B,INDIGO,S,SW,Y
1769,1617.35,Y,Elder,M,16,C,INDIGO,N,NW,Y
1770,573.92,N,Elder,M,19,A,BROWN,N,NW,Y
1771,663.97,N,Elder,M,14,B,INDIGO,M,MW,N
1772,539.92,N,Elder,M,15,A,BROWN,N,NE,N
1773,491.47,N,Elder,M,18,A,INDIGO,N,NE,N
1774,380.76,Y,Elder,M,14,A,BROWN,M,MW,Y
1775,1095.11,N,Elder,M,16,B,MAGENTA,M,MW,N
1776,1081.45,N,Elder,F,14,B,MAGENTA,S,SE,N
1777,756.82,N,Young,M,22,A,BROWN,S,SW,N
1778,463.49,N,Elder,M,17,A,INDIGO,N,NE,N
1779,622.01,N,Elder,F,15,B,BROWN,N,NE,N
1780,781.93,N,Elder,M,18,B,INDIGO,M,ME,Y
1781,570.94,N,Elder,M,19,A,MAGENTA,N,NW,Y
1782,732.53,N,Elder,M,17,B,INDIGO,S,SW,N
1783,318.99,N,Young,F,14,A,INDIGO,N,NW,Y
1784,670.94,N,Elder,M,16,B,INDIGO,M,ME,N
1785,448.27,N,Elder,F,14,A,BROWN,S,SE,Y
1786,1818.42,N,Elder,M,16,A,MAGENTA,M,MW,N
1787,503.41,N,Elder,F,13,B,MAGENTA,S,SW,N
1788,517.29,N,Elder,M,18,A,PURPLE,N,NE,N
1789,614.16,N,Elder,M,15,B,INDIGO,M,ME,N
1790,699.21,N,Young,F,15,B,BROWN,S,SW,Y
1791,681.11,N,Elder,M,16,B,INDIGO,M,ME,Y
1792,565.3,N,Elder,M,16,A,INDIGO,N,NW,Y
1793,1175.46,Y,Elder,F,17,B,BROWN,S,SE,Y
1794,736.88,N,Elder,M,17,B,INDIGO,M,MW,N
1795,894.04,N,Elder,M,15,B,INDIGO,N,NE,Y
1796,534.27,N,Elder,F,18,A,INDIGO,M,MW,N
1797,1089.22,N,Young,M,19,B,INDIGO,N,NW,N
1798,1043.7,N,Elder,M,18,C,INDIGO,N,NE,Y
1799,393.01,N,Elder,F,14,A,PURPLE,M,ME,N
1800,909.07,N,Elder,M,18,B,BROWN,M,MW,Y
1801,1420.46,N,Elder,F,19,B,INDIGO,N,NE,N
1802,887.61,N,Elder,M,19,B,INDIGO,N,NW,Y
1803,605.27,N,Young,F,15,A,BROWN,N,NE,N
1804,353.93,Y,Elder,M,13,A,INDIGO,N,NW,Y
1805,1031.43,Y,Elder,M,15,C,INDIGO,M,MW,N
1806,663.59,N,Elder,F,13,B,BROWN,M,MW,Y
1807,378.65,N,Elder,F,16,A,INDIGO,M,ME,Y
1808,830.65,N,Elder,F,14,C,INDIGO,N,NW,Y
1809,979.27,N,Elder,M,18,A,MAGENTA,S,SE,N
1810,728.56,N,Elder,F,12,C,BROWN,M,ME,Y
1811,754.14,N,Elder,M,21,A,INDIGO,N,NW,Y
1812,829.9,N,Elder,M,14,B,INDIGO,N,NE,Y
1813,1072.14,N,Elder,M,23,B,MAGENTA,N,NW,N
1814,1332.51,N,Elder,F,12,D,INDIGO,M,ME,N
1815,650.13,N,Elder,F,15,B,BROWN,M,ME,Y
1816,745.17,N,Elder,M,15,B,PURPLE,N,NE,N
1817,812.31,N,Elder,F,18,B,BROWN,N,NE,Y
1818,664.04,N,Elder,M,14,B,INDIGO,M,MW,N
1819,611.33,Y,Young,M,14,B,MAGENTA,N,NE,N
1820,692.2,N,Elder,M,20,A,MAGENTA,M,ME,N
1821,662.96,N,Elder,F,12,B,INDIGO,S,SW,Y
1822,487.45,N,Elder,F,12,B,MAGENTA,M,ME,Y
1823,948.37,N,Elder,F,17,B,INDIGO,M,MW,Y
1824,1149.87,N,Elder,M,16,C,BROWN,M,MW,Y
1825,1449.74,N,Elder,M,18,B,BROWN,M,ME,Y
1826,179.74,N,Elder,F,12,A,INDIGO,S,SW,N
1827,1211.18,Y,Elder,F,14,C,BROWN,N,NW,Y
1828,691.25,N,Elder,M,19,A,INDIGO,M,MW,N
1829,974.13,N,Elder,F,15,C,INDIGO,N,NE,Y
1830,602.55,N,Elder,M,15,B,INDIGO,N,NE,N
1831,456.85,N,Elder,M,16,A,MAGENTA,N,NW,N
1832,963.51,N,Young,M,16,C,MAGENTA,S,SE,N
1833,516.02,N,Elder,M,13,B,BROWN,M,MW,Y
1834,364.22,N,Elder,M,15,A,BROWN,M,ME,N
1835,1515.67,N,Elder,M,20,D,MAGENTA,N,NW,N
1836,488.49,N,Elder,F,17,A,MAGENTA,S,SW,N
1837,1012.4,N,Elder,F,16,C,MAGENTA,S,SW,Y
1838,642.1,N,Elder,M,14,A,INDIGO,S,SW,Y
1839,1187.16,N,Elder,M,18,C,INDIGO,M,ME,N
1840,604.54,N,Elder,F,14,B,MAGENTA,N,NW,N
1841,676.31,N,Elder,M,16,B,BROWN,S,SW,Y
1842,491.03,N,Elder,F,18,A,PURPLE,M,ME,N
1843,1679.67,Y,Elder,F,17,B,BROWN,S,SW,Y
1844,170.78,Y,Young,F,11,A,BROWN,N,NE,Y
1845,1033.92,Y,Young,F,16,B,BROWN,S,SW,Y
1846,591.54,N,Elder,F,13,B,INDIGO,N,NW,Y
1847,712.4,N,Elder,M,11,B,MAGENTA,S,SW,N
1848,635.22,N,Elder,M,20,A,INDIGO,N,NW,N
1849,1508.4,N,Elder,M,19,C,INDIGO,M,MW,Y
1850,543.82,N,Elder,F,12,B,INDIGO,N,NW,Y
1851,1311.16,N,Elder,M,17,C,INDIGO,S,SW,Y
1852,1091.37,Y,Elder,M,18,C,BROWN,M,ME,Y
1853,936.75,Y,Elder,M,19,B,MAGENTA,S,SW,Y
1854,609.33,N,Elder,M,20,A,BROWN,N,NW,Y
1855,628.54,N,Young,M,15,B,BROWN,N,NE,N
1856,725.69,N,Elder,F,16,B,INDIGO,M,MW,N
1857,657.19,N,Elder,F,18,A,MAGENTA,M,MW,N
1858,289.36,N,Elder,F,13,A,MAGENTA,N,NW,N
1859,432.45,N,Elder,M,16,A,BROWN,N,NE,Y
1860,610.53,N,Elder,M,20,A,MAGENTA,N,NE,Y
1861,830.88,N,Elder,F,13,C,BROWN,N,NW,N
1862,1507.99,N,Elder,F,16,C,INDIGO,M,ME,Y
1863,848.19,N,Elder,M,19,B,BROWN,N,NW,Y
1864,967.42,N,Elder,M,20,B,BROWN,M,MW,N
1865,609.58,N,Elder,M,16,A,BROWN,M,ME,Y
1866,867.08,N,Elder,F,18,B,MAGENTA,N,NE,Y
1867,980.67,N,Elder,M,20,A,BROWN,M,ME,Y
1868,748.02,N,Young,F,16,B,INDIGO,S,SW,Y
1869,542.47,N,Elder,F,13,B,INDIGO,N,NE,N
1870,243.07,N,Elder,F,13,A,BROWN,M,MW,Y
1871,712.67,N,Elder,M,15,B,BROWN,N,NE,Y
1872,532.51,N,Elder,F,16,A,INDIGO,S,SE,Y
1873,999.36,N,Elder,M,17,C,PURPLE,S,SW,N
1874,938.02,N,Elder,F,16,C,INDIGO,M,MW,Y
1875,619.77,N,Elder,F,14,B,MAGENTA,N,NE,Y
1876,1274.54,N,Elder,M,22,C,MAGENTA,N,NW,N
1877,774.35,Y,Elder,M,18,B,BROWN,M,ME,Y
1878,1049.6,N,Elder,F,13,C,BROWN,M,MW,Y
1879,848.76,N,Elder,M,17,B,INDIGO,M,ME,Y
1880,1425,N,Elder,M,19,B,BROWN,N,NW,Y
1881,1154.47,N,Elder,F,15,D,BROWN,S,SW,Y
1882,736.53,N,Elder,F,17,B,INDIGO,N,NW,Y
1883,719.79,N,Elder,F,14,B,BROWN,M,MW,Y
1884,327.17,Y,Elder,M,15,A,BROWN,S,SW,Y
1885,703.35,N,Elder,F,17,B,INDIGO,N,NW,N
1886,1662.15,N,Elder,F,20,B,BROWN,M,MW,Y
1887,329.81,N,Elder,M,15,A,BROWN,S,SE,N
1888,687.73,N,Elder,F,15,A,MAGENTA,N,NW,Y
1889,587.34,N,Young,M,13,A,BROWN,N,NW,Y
1890,697.19,N,Elder,F,13,B,MAGENTA,M,MW,N
1891,489.08,N,Elder,F,13,A,BROWN,M,MW,N
1892,978.25,Y,Elder,F,18,B,BROWN,N,NW,Y
1893,756.88,N,Elder,M,12,C,BROWN,M,MW,Y
1894,1700.45,N,Elder,F,20,D,BROWN,N,NW,Y
1895,808.7,N,Elder,M,17,B,INDIGO,M,ME,N
1896,488.27,N,Elder,M,13,A,MAGENTA,S,SW,N
1897,622.25,N,Elder,M,13,B,INDIGO,N,NE,Y
1898,952.09,N,Elder,F,15,B,BROWN,M,MW,N
1899,943.63,N,Elder,F,15,C,BROWN,S,SW,N
1900,1011.17,Y,Elder,M,18,B,INDIGO,S,SE,Y
1901,1000.45,N,Elder,M,22,B,PURPLE,N,NW,N
1902,993.23,N,Elder,M,15,C,MAGENTA,M,MW,Y
1903,878.04,N,Elder,F,14,B,BROWN,M,ME,Y
1904,727.88,Y,Young,F,17,B,BROWN,N,NW,Y
1905,183.91,N,Elder,M,12,A,PURPLE,M,MW,N
1906,812.26,N,Elder,M,16,A,MAGENTA,S,SW,Y
1907,271.1,Y,Young,M,12,A,MAGENTA,N,NE,Y
1908,806.1,N,Elder,M,16,B,MAGENTA,S,SE,Y
1909,1039.62,N,Elder,M,18,B,BROWN,S,SE,Y
1910,755.25,Y,Elder,M,18,A,INDIGO,M,ME,N
1911,1046.45,N,Elder,M,18,B,INDIGO,N,NE,Y
1912,941.22,N,Elder,M,14,C,BROWN,N,NE,Y
1913,618.76,N,Elder,F,19,A,BROWN,M,ME,Y
1914,907.63,N,Elder,M,14,C,INDIGO,M,ME,Y
1915,1482.15,N,Elder,M,19,C,INDIGO,N,NW,Y
1916,705.77,Y,Elder,F,14,B,INDIGO,M,MW,N
1917,273.56,N,Young,F,12,A,PURPLE,N,NE,N
1918,1125.22,N,Elder,F,15,C,MAGENTA,S,SW,Y
1919,1026.01,Y,Young,M,20,B,BROWN,S,SE,Y
1920,598.54,N,Elder,M,15,B,BROWN,N,NW,N
1921,805.08,N,Elder,M,18,B,MAGENTA,N,NW,N
1922,812.68,N,Elder,F,18,B,BROWN,M,MW,Y
1923,550.05,N,Elder,M,16,A,INDIGO,M,MW,N
1924,1271.84,N,Elder,M,22,C,MAGENTA,M,MW,Y
1925,895,N,Elder,M,16,A,MAGENTA,M,MW,N
1926,881.25,N,Elder,F,16,B,BROWN,N,NE,Y
1927,945.9,N,Young,M,14,B,INDIGO,N,NW,N
1928,973.79,N,Elder,M,15,B,MAGENTA,S,SE,N
1929,930.23,N,Elder,M,19,B,BROWN,N,NE,Y
1930,298.91,Y,Young,F,14,A,INDIGO,N,NE,Y
1931,442.16,N,Elder,M,17,A,BROWN,M,ME,N
1932,1009.07,Y,Elder,F,18,B,INDIGO,M,MW,Y
1933,1621.39,N,Elder,F,20,D,BROWN,S,SE,Y
1934,676.27,N,Elder,F,16,B,MAGENTA,M,ME,N
1935,460.02,N,Elder,M,15,A,MAGENTA,M,ME,N
1936,1033.54,N,Elder,M,15,C,MAGENTA,M,MW,N
1937,673.08,N,Elder,F,18,A,MAGENTA,N,NE,Y
1938,745.74,N,Elder,M,15,A,INDIGO,S,SE,Y
1939,945.53,N,Elder,M,18,B,MAGENTA,N,NE,N
1940,491.32,N,Elder,M,13,B,INDIGO,S,SW,N
1941,731.3,N,Elder,M,17,B,BROWN,N,NE,N
1942,1799.94,N,Elder,M,21,A,BROWN,N,NE,N
1943,722.17,N,Elder,M,21,A,BROWN,N,NE,N
1944,552.12,N,Elder,M,16,A,BROWN,M,MW,Y
1945,1038.99,N,Elder,M,18,C,INDIGO,S,SE,Y
1946,744.39,N,Elder,F,17,B,INDIGO,M,ME,N
1947,609.86,N,Elder,F,15,B,PURPLE,S,SE,N
1948,1077.84,N,Elder,F,15,C,INDIGO,N,NW,Y
1949,350.23,N,Elder,M,15,A,BROWN,N,NW,Y
1950,307.15,N,Elder,F,13,A,PURPLE,N,NW,N
1951,1375.82,N,Elder,M,19,D,INDIGO,N,NE,Y
1952,1003.44,N,Elder,F,15,B,INDIGO,M,MW,Y
1953,571.81,N,Elder,F,14,B,BROWN,N,NW,Y
1954,957.43,N,Elder,F,19,B,MAGENTA,N,NE,Y
1955,553.74,N,Young,M,13,B,MAGENTA,N,NE,Y
1956,1199.06,N,Elder,M,18,C,MAGENTA,M,MW,N
1957,762.62,N,Elder,F,17,B,INDIGO,N,NE,N
1958,765.93,N,Elder,F,18,B,INDIGO,M,ME,Y
1959,701.04,N,Elder,M,16,B,INDIGO,M,MW,N
1960,516.3,N,Elder,M,18,A,INDIGO,N,NW,N
1961,859.28,N,Elder,M,20,A,BROWN,S,SE,Y
1962,1170.21,N,Elder,M,15,D,PURPLE,M,MW,N
1963,1648.07,N,Elder,F,17,C,INDIGO,S,SW,Y
1964,477.83,N,Young,M,17,A,INDIGO,M,MW,Y
1965,988.53,N,Elder,F,14,B,INDIGO,N,NE,Y
1966,1377.28,N,Elder,M,16,C,BROWN,N,NE,N
1967,456.99,N,Elder,F,16,A,BROWN,S,SW,N
1968,306.79,N,Elder,F,14,A,INDIGO,S,SW,N
1969,386.92,N,Elder,F,16,A,MAGENTA,N,NE,N
1970,832.87,N,Elder,M,19,B,MAGENTA,N,NW,N
1971,960.09,N,Young,M,18,B,BROWN,S,SW,N
1972,843.7,N,Elder,F,15,B,PURPLE,M,MW,N
1973,1502.53,N,Elder,M,18,D,BROWN,M,MW,Y
1974,448.84,N,Elder,M,17,A,BROWN,M,ME,Y
1975,892.76,N,Elder,M,18,B,INDIGO,M,ME,Y
1976,864.6,N,Elder,M,16,B,BROWN,M,ME,Y
1977,502.1,N,Elder,M,16,A,MAGENTA,M,MW,Y
1978,606.86,N,Elder,M,15,B,INDIGO,M,MW,Y
1979,881.26,N,Elder,F,15,C,BROWN,M,MW,Y
1980,555.91,N,Elder,M,14,A,INDIGO,N,NE,N
1981,602.51,N,Elder,M,17,A,INDIGO,M,MW,N
1982,811.8,N,Elder,F,13,B,BROWN,M,MW,Y
1983,192.97,N,Elder,F,12,A,INDIGO,M,ME,Y
1984,552.74,N,Elder,M,18,A,MAGENTA,S,SW,N
1985,1266.71,N,Elder,F,18,C,BROWN,S,SE,N
1986,879.57,N,Elder,F,13,B,BROWN,S,SE,Y
1987,1023.06,N,Elder,F,15,C,PURPLE,S,SW,N
1988,831.46,N,Elder,M,15,B,INDIGO,N,NW,Y
1989,496.95,N,Elder,M,13,B,BROWN,M,ME,N
1990,1290.74,N,Elder,F,20,B,INDIGO,N,NW,Y
1991,1237.73,N,Elder,M,15,C,BROWN,M,MW,N
1992,847.12,N,Elder,M,19,B,MAGENTA,M,ME,N
1993,458.89,N,Elder,M,17,A,BROWN,S,SW,Y
1994,968.78,N,Elder,F,19,A,INDIGO,M,MW,Y
1995,601.38,N,Elder,M,17,A,BROWN,M,MW,Y
1996,1629.72,N,Young,F,18,D,BROWN,M,MW,N
1997,1097.36,N,Elder,F,17,C,BROWN,M,ME,Y
1998,621.42,Y,Elder,M,15,B,BROWN,N,NE,Y
1999,1487.2,N,Young,M,16,D,INDIGO,M,ME,Y
2000,770.15,N,Elder,M,17,B,BROWN,M,MW,N
2001,977.17,N,Elder,F,16,A,BROWN,S,SE,Y
2002,782.7,N,Elder,M,18,B,PURPLE,S,SE,N
2003,766.54,N,Elder,M,18,B,BROWN,M,MW,Y
2004,506.44,N,Elder,M,17,A,INDIGO,M,ME,Y
2005,1059.19,N,Elder,M,19,A,BROWN,S,SW,Y
2006,1611.29,N,Elder,M,17,C,BROWN,M,ME,Y
2007,543.57,N,Elder,F,17,A,BROWN,M,ME,Y
2008,821.97,N,Elder,F,17,A,INDIGO,S,SE,Y
2009,1465.52,N,Elder,F,18,A,MAGENTA,M,MW,N
2010,592.04,N,Elder,M,14,B,BROWN,N,NW,Y
2011,1101.79,N,Elder,M,19,C,BROWN,M,ME,Y
2012,1256.19,N,Elder,F,14,D,INDIGO,N,NW,Y
2013,451.92,N,Young,M,12,B,INDIGO,M,ME,Y
2014,629.73,N,Elder,F,15,A,MAGENTA,N,NW,Y
2015,278.33,Y,Young,F,13,A,MAGENTA,M,ME,N
2016,765.55,N,Elder,M,15,A,INDIGO,M,MW,Y
2017,898.11,N,Elder,M,14,C,INDIGO,S,SE,N
2018,520.61,N,Elder,F,14,A,BROWN,S,SW,Y
2019,461.67,N,Elder,M,17,A,BROWN,S,SW,Y
2020,474.14,N,Elder,F,17,A,BROWN,M,ME,Y
2021,1144.08,N,Elder,F,19,B,BROWN,M,MW,Y
2022,1296.21,N,Young,F,19,B,MAGENTA,N,NE,N
2023,935.63,N,Elder,F,17,B,INDIGO,N,NW,Y
2024,1318.77,N,Elder,F,18,D,MAGENTA,N,NW,N
2025,476.23,N,Elder,M,16,A,BROWN,N,NE,N
2026,266.35,N,Elder,M,14,A,BROWN,N,NW,Y
2027,1062.46,Y,Elder,F,18,C,BROWN,S,SW,N
2028,909.08,N,Elder,M,15,A,INDIGO,S,SW,Y
2029,588.64,N,Elder,M,18,A,INDIGO,N,NE,N
2030,368.28,N,Elder,F,15,A,BROWN,M,MW,Y
2031,798.32,N,Elder,M,18,B,MAGENTA,N,NW,Y
2032,919.73,N,Elder,M,15,B,INDIGO,N,NW,N
2033,427.94,Y,Elder,M,16,A,BROWN,M,MW,Y
2034,1629.95,N,Elder,F,17,D,BROWN,M,MW,N
2035,675.19,N,Elder,F,10,C,BROWN,S,SE,N
2036,519.82,N,Elder,F,13,B,INDIGO,N,NW,Y
2037,604.55,N,Elder,M,14,B,BROWN,M,ME,Y
2038,768.63,N,Elder,F,15,B,BROWN,N,NW,Y
2039,777.42,N,Elder,M,18,B,INDIGO,M,ME,N
2040,1114.95,Y,Elder,M,19,C,BROWN,M,MW,N
2041,1184.48,N,Elder,M,20,C,BROWN,S,SW,Y
2042,1129.85,N,Elder,M,15,A,MAGENTA,N,NW,N
2043,574.3,N,Elder,M,19,A,BROWN,M,MW,Y
2044,1491.54,N,Elder,M,22,C,BROWN,M,ME,Y
2045,1349.78,N,Elder,M,22,C,BROWN,M,MW,Y
2046,959.48,N,Elder,M,14,C,INDIGO,M,ME,Y
2047,380.35,N,Elder,F,15,A,INDIGO,N,NW,N
2048,514.4,Y,Elder,M,13,B,BROWN,S,SW,Y
2049,1391.93,N,Elder,M,18,D,BROWN,M,ME,Y
2050,405.37,N,Elder,M,15,A,BROWN,N,NW,N
2051,719.5,N,Elder,M,17,B,BROWN,S,SW,Y
2052,609.23,N,Elder,M,18,A,MAGENTA,M,MW,N
2053,549.53,N,Elder,F,13,B,INDIGO,S,SW,N
2054,1474.8,N,Elder,M,18,C,PURPLE,N,NW,N
2055,1069.92,N,Elder,F,17,C,PURPLE,N,NW,N
2056,702.53,N,Elder,M,15,B,BROWN,N,NE,Y
2057,436.55,N,Elder,F,17,A,INDIGO,N,NW,N
2058,1326.53,N,Elder,F,17,C,BROWN,S,SE,Y
2059,715.94,N,Elder,F,17,B,INDIGO,N,NW,N
2060,480.41,Y,Young,M,16,A,INDIGO,N,NW,N
2061,723.38,N,Elder,M,15,B,INDIGO,M,ME,Y
2062,940.48,N,Elder,M,16,C,BROWN,S,SW,N
2063,1383.49,N,Elder,F,18,D,BROWN,S,SE,Y
2064,1091.52,Y,Elder,M,19,C,BROWN,M,ME,Y
2065,563.49,N,Elder,F,14,B,BROWN,M,MW,Y
2066,647.66,N,Elder,F,15,B,BROWN,M,MW,N
2067,916.41,N,Elder,M,15,C,MAGENTA,M,MW,N
2068,423.59,N,Elder,F,16,A,INDIGO,N,NE,N
2069,875.2,N,Elder,M,20,A,MAGENTA,N,NE,Y
2070,524.51,N,Elder,M,17,A,BROWN,M,ME,Y
2071,602.76,Y,Young,M,18,A,BROWN,M,ME,Y
2072,983.67,N,Elder,F,18,B,MAGENTA,M,ME,N
2073,641.71,N,Elder,F,14,B,MAGENTA,M,MW,N
2074,282.34,N,Elder,F,12,A,BROWN,N,NE,Y
2075,387.86,N,Elder,M,11,B,MAGENTA,S,SE,N
2076,937.39,N,Elder,M,16,C,INDIGO,N,NE,N
2077,717.2,N,Elder,M,17,A,BROWN,M,MW,N
2078,784.28,N,Elder,M,17,A,MAGENTA,N,NE,Y
2079,512.95,N,Elder,M,15,A,INDIGO,N,NW,Y
2080,972.93,N,Elder,F,18,B,INDIGO,M,MW,Y
2081,540.56,N,Elder,F,18,A,BROWN,N,NW,N
2082,954.77,N,Elder,M,20,B,BROWN,M,MW,N
2083,641.38,N,Elder,M,15,B,PURPLE,N,NW,N
2084,624.9,N,Elder,F,15,B,INDIGO,S,SW,Y
2085,647.89,N,Elder,M,15,B,BROWN,N,NW,N
2086,516.85,Y,Elder,F,18,A,BROWN,N,NW,Y
2087,919.93,N,Elder,M,20,B,BROWN,M,MW,Y
2088,537.94,N,Elder,M,15,A,INDIGO,N,NE,N
2089,628.53,N,Elder,M,15,B,MAGENTA,M,MW,Y
2090,1157.81,Y,Young,F,13,B,BROWN,N,NE,Y
2091,937.36,N,Elder,M,16,C,MAGENTA,S,SW,N
2092,838.09,N,Elder,F,12,B,BROWN,N,NW,Y
2093,448.03,N,Elder,F,11,B,MAGENTA,N,NW,N
2094,1014.93,N,Elder,F,16,C,PURPLE,M,ME,N
2095,664.77,N,Elder,M,16,B,INDIGO,N,NW,N
2096,803.68,N,Elder,F,18,B,BROWN,M,MW,Y
2097,1168.58,N,Elder,F,20,C,INDIGO,M,ME,N
2098,1219.66,N,Elder,F,15,D,INDIGO,N,NE,Y
2099,1049.55,N,Elder,M,17,C,INDIGO,M,MW,Y
2100,1050.32,N,Elder,M,17,C,BROWN,N,NE,Y
2101,887,N,Elder,F,15,C,INDIGO,M,MW,N
2102,605.76,N,Elder,M,17,A,BROWN,M,ME,N
2103,887.63,N,Elder,M,13,C,MAGENTA,M,ME,N
2104,723.43,N,Elder,F,17,B,MAGENTA,N,NE,N
2105,1664.5,N,Elder,M,16,D,INDIGO,M,MW,Y
2106,564.26,N,Elder,M,13,A,PURPLE,S,SE,N
2107,1001.65,N,Elder,F,16,C,INDIGO,S,SE,Y
2108,1464.91,N,Elder,M,15,C,BROWN,M,MW,Y
2109,907.86,N,Elder,F,19,B,INDIGO,S,SE,N
2110,845.92,N,Elder,F,17,B,BROWN,N,NW,Y
2111,1054.23,N,Elder,M,18,C,MAGENTA,N,NE,Y
2112,561.5,N,Elder,F,18,A,INDIGO,M,MW,N
2113,964.18,N,Elder,M,19,B,INDIGO,N,NE,N
2114,1539.13,N,Elder,F,20,D,INDIGO,S,SE,N
2115,784.14,N,Elder,M,20,A,INDIGO,N,NE,Y
2116,946.02,N,Elder,F,20,B,INDIGO,S,SW,N
2117,578.11,N,Elder,M,19,A,BROWN,N,NE,N
2118,829.85,N,Elder,M,18,B,INDIGO,S,SE,N
2119,518.04,Y,Elder,M,13,B,BROWN,M,MW,Y
2120,695.28,N,Elder,M,16,B,INDIGO,M,MW,N
2121,707.04,Y,Elder,F,18,A,BROWN,S,SE,Y
2122,810.24,N,Elder,F,18,B,PURPLE,M,ME,N
2123,845.23,N,Elder,M,17,B,BROWN,N,NW,N
2124,970.95,N,Elder,M,21,B,INDIGO,M,ME,Y
2125,588.88,N,Elder,M,14,B,BROWN,N,NW,Y
2126,1292.27,Y,Young,M,22,C,INDIGO,M,MW,Y
2127,776.64,N,Elder,F,17,B,BROWN,M,ME,Y
2128,507.99,N,Elder,F,18,A,MAGENTA,M,MW,N
2129,906.04,N,Elder,M,18,A,INDIGO,M,ME,N
2130,919.98,N,Elder,F,16,C,INDIGO,M,ME,Y
2131,775.65,N,Elder,M,15,B,PURPLE,N,NW,N
2132,362.57,N,Elder,F,12,A,PURPLE,S,SW,N
2133,622.01,N,Elder,M,20,A,BROWN,N,NW,Y
2134,898.01,N,Elder,M,17,B,INDIGO,S,SW,Y
2135,717.7,N,Elder,F,14,B,PURPLE,N,NE,N
2136,913.74,N,Elder,M,20,B,INDIGO,S,SE,Y
2137,663.53,N,Elder,F,14,B,PURPLE,N,NE,N
2138,860.01,N,Elder,F,14,A,BROWN,N,NW,N
2139,1010.64,N,Elder,M,17,C,MAGENTA,N,NE,N
2140,762.35,Y,Young,M,17,B,MAGENTA,N,NW,Y
2141,1194.52,N,Elder,M,18,B,BROWN,N,NW,N
2142,1256.17,N,Elder,F,22,C,INDIGO,S,SW,Y
2143,478.66,Y,Elder,M,15,A,INDIGO,M,ME,Y
2144,1166.82,N,Elder,M,20,B,INDIGO,N,NW,Y
2145,1144.56,N,Elder,M,16,A,INDIGO,N,NE,N
2146,895.28,N,Elder,M,13,B,BROWN,S,SW,N
2147,785.32,N,Elder,M,18,B,MAGENTA,S,SW,N
2148,1009.87,N,Elder,M,17,C,INDIGO,N,NW,Y
2149,725.93,Y,Young,F,17,B,MAGENTA,M,MW,Y
2150,1374.39,N,Elder,M,17,B,MAGENTA,S,SE,N
2151,1015.84,N,Elder,F,19,A,BROWN,M,MW,N
2152,831.26,N,Elder,M,14,C,BROWN,N,NE,N
2153,378.87,N,Elder,M,15,A,INDIGO,S,SW,N
2154,906.19,N,Young,M,16,B,BROWN,N,NE,Y
2155,753.24,N,Elder,F,17,B,BROWN,M,MW,Y
2156,784.1,N,Elder,F,17,B,INDIGO,N,NE,Y
2157,520.72,N,Elder,F,13,A,PURPLE,S,SW,N
2158,1283.05,N,Elder,F,18,B,BROWN,N,NE,Y
2159,1125.03,N,Elder,M,19,C,BROWN,N,NE,Y
2160,1174.6,N,Elder,M,16,C,BROWN,N,NE,N
2161,610.55,N,Elder,F,15,B,INDIGO,S,SE,N
2162,1017.41,N,Elder,M,15,B,INDIGO,N,NW,Y
2163,885.19,N,Elder,F,15,C,BROWN,N,NE,Y
2164,1293.88,N,Elder,F,18,C,INDIGO,S,SE,Y
2165,1065.91,N,Elder,M,15,B,BROWN,N,NW,Y
2166,1089.32,N,Elder,M,18,C,BROWN,S,SW,Y
2167,871.33,N,Elder,F,17,B,MAGENTA,M,MW,N
2168,889.22,N,Elder,M,17,B,INDIGO,N,NW,N
2169,613.78,N,Elder,M,15,B,MAGENTA,N,NE,N
2170,756.89,N,Elder,F,17,B,PURPLE,N,NW,N
2171,1263.46,N,Elder,M,17,C,BROWN,M,ME,Y
2172,347.79,N,Elder,M,15,A,MAGENTA,S,SE,N
2173,456.02,N,Elder,M,12,A,INDIGO,M,MW,Y
2174,731.56,N,Elder,F,17,B,PURPLE,S,SW,N
2175,392.02,N,Elder,M,16,A,BROWN,M,ME,Y
2176,811.15,N,Elder,M,18,B,BROWN,N,NW,Y
2177,1488,N,Elder,M,17,C,BROWN,M,ME,Y
2178,783.6,N,Elder,M,14,B,MAGENTA,M,ME,N
2179,1251.2,N,Elder,M,16,B,BROWN,M,MW,Y
2180,1074.4,N,Elder,M,19,A,INDIGO,M,ME,N
2181,578.83,N,Elder,M,18,A,MAGENTA,N,NW,N
2182,804.2,N,Elder,M,16,B,INDIGO,N,NE,N
2183,637.13,Y,Elder,F,15,B,BROWN,N,NE,Y
2184,1411.47,N,Elder,M,15,D,INDIGO,N,NW,Y
2185,597.88,N,Elder,M,18,A,MAGENTA,M,MW,N
2186,1360.18,N,Elder,M,23,C,PURPLE,N,NE,N
2187,2198.71,N,Elder,F,13,B,BROWN,M,ME,Y
2188,836.22,Y,Elder,F,14,C,INDIGO,M,ME,Y
2189,1086.68,N,Elder,F,18,C,PURPLE,M,MW,N
2190,1353.63,N,Elder,M,18,B,BROWN,M,ME,N
2191,385.41,N,Elder,M,15,A,INDIGO,S,SW,Y
2192,1039.29,N,Elder,M,16,B,PURPLE,S,SE,N
2193,765.83,N,Elder,M,18,B,MAGENTA,M,ME,N
2194,1146.68,Y,Elder,F,15,D,INDIGO,M,ME,N
2195,496.17,N,Elder,M,17,A,BROWN,N,NW,Y
2196,534.45,N,Elder,M,18,A,INDIGO,N,NW,Y
2197,422.62,N,Elder,M,15,A,INDIGO,M,ME,N
2198,534.97,N,Elder,F,18,A,BROWN,M,ME,Y
2199,575.19,N,Elder,M,13,B,MAGENTA,M,MW,Y
2200,1246.93,N,Elder,F,20,C,INDIGO,N,NW,N
2201,1039.02,N,Elder,M,17,C,BROWN,M,MW,N
2202,1311.91,N,Elder,M,16,D,INDIGO,M,ME,Y
2203,925.22,N,Elder,M,14,C,BROWN,M,MW,Y
2204,1128.35,N,Elder,F,14,D,INDIGO,N,NW,Y
2205,874.03,N,Elder,F,15,B,MAGENTA,N,NW,N
2206,326.4,N,Elder,M,14,A,BROWN,S,SE,Y
2207,862.18,N,Elder,F,15,B,PURPLE,M,MW,N
2208,1033.46,N,Elder,M,20,B,BROWN,M,MW,Y
2209,949.58,Y,Elder,M,15,C,MAGENTA,M,MW,Y
2210,1283.87,N,Elder,F,22,B,MAGENTA,N,NW,N
2211,336.05,N,Elder,F,15,A,MAGENTA,S,SW,N
2212,502.15,N,Elder,F,17,A,BROWN,S,SW,Y
2213,506.9,N,Elder,F,13,B,MAGENTA,M,MW,N
2214,800.45,Y,Elder,M,16,B,BROWN,N,NW,Y
2215,874.05,N,Elder,M,15,C,INDIGO,M,ME,N
2216,620.12,N,Elder,M,15,B,PURPLE,M,MW,N
2217,1104.15,Y,Elder,M,14,D,MAGENTA,M,ME,N
2218,589.87,N,Elder,M,16,A,INDIGO,N,NW,N
2219,622.31,N,Elder,F,19,A,MAGENTA,S,SW,N
2220,1055.55,N,Elder,M,17,B,BROWN,M,MW,N
2221,1004.91,N,Elder,M,17,C,BROWN,S,SE,Y
2222,535.62,N,Elder,M,18,A,MAGENTA,N,NE,N
2223,550.33,N,Elder,M,14,B,INDIGO,M,ME,N
2224,872.78,Y,Young,F,14,C,INDIGO,M,MW,Y
2225,683.02,N,Elder,F,9,C,BROWN,M,MW,N
2226,630.92,N,Elder,M,20,A,MAGENTA,N,NW,N
2227,1007.41,N,Elder,M,16,B,BROWN,S,SW,Y
2228,709.76,Y,Elder,F,12,C,BROWN,S,SW,Y
2229,880.68,N,Elder,F,15,A,BROWN,M,ME,Y
2230,668.98,N,Elder,F,16,A,BROWN,M,ME,Y
2231,566.1,N,Elder,F,19,A,INDIGO,S,SW,Y
2232,832.51,Y,Young,F,16,B,BROWN,M,ME,Y
2233,728.05,N,Young,F,12,C,PURPLE,M,ME,N
2234,1545.09,Y,Elder,M,17,D,INDIGO,M,ME,Y
2235,729.34,N,Elder,M,16,B,MAGENTA,N,NW,Y
2236,469.98,N,Elder,F,11,B,BROWN,M,MW,Y
2237,484.64,N,Elder,F,17,A,INDIGO,N,NE,N
2238,840.04,N,Young,M,16,B,BROWN,N,NW,Y
2239,716.53,N,Elder,M,17,B,BROWN,M,ME,Y
2240,451.99,N,Elder,M,16,A,INDIGO,N,NW,Y
2241,893.7,N,Elder,M,18,B,BROWN,S,SE,Y
2242,772.67,N,Elder,M,16,A,INDIGO,M,MW,Y
2243,1515.41,N,Elder,M,16,C,INDIGO,M,ME,N
2244,1041.9,N,Elder,F,17,C,BROWN,N,NW,N
2245,786.76,N,Elder,M,16,A,BROWN,M,ME,Y
2246,770.77,N,Elder,F,17,B,BROWN,M,MW,Y
2247,881.23,N,Elder,M,20,B,BROWN,M,MW,Y
2248,407.04,N,Elder,M,16,A,INDIGO,M,MW,N
2249,1124.64,N,Elder,M,15,C,BROWN,S,SE,Y
2250,757.72,Y,Elder,F,12,C,INDIGO,M,MW,Y
2251,1216.28,N,Elder,F,16,D,MAGENTA,M,ME,N
2252,638.71,Y,Elder,M,14,B,MAGENTA,M,ME,Y
2253,1409.81,Y,Elder,M,19,D,BROWN,N,NW,Y
2254,1390.65,N,Elder,M,20,B,BROWN,N,NW,Y
2255,526.84,N,Elder,M,18,A,BROWN,S,SW,N
2256,847.52,N,Elder,F,16,B,MAGENTA,M,ME,Y
2257,806.78,N,Elder,M,14,B,INDIGO,M,MW,Y
2258,788.12,N,Elder,F,16,B,MAGENTA,S,SW,Y
2259,914.51,N,Elder,M,18,B,BROWN,M,MW,N
2260,1084.83,N,Elder,F,15,C,BROWN,S,SE,Y
2261,1057.53,N,Young,F,15,C,MAGENTA,N,NE,N
2262,995.82,Y,Elder,M,18,B,BROWN,N,NW,N
2263,615.33,N,Elder,M,16,A,BROWN,N,NW,Y
2264,1229.13,Y,Young,M,16,D,MAGENTA,S,SW,N
2265,491.61,N,Elder,F,12,B,BROWN,M,ME,Y
2266,1025.94,N,Elder,F,17,C,BROWN,S,SW,N
2267,1245.58,Y,Young,M,16,D,BROWN,M,MW,Y
2268,1882,N,Elder,M,14,C,INDIGO,N,NE,N
2269,495.51,N,Elder,F,13,B,INDIGO,M,MW,N
2270,1058.33,Y,Elder,F,16,C,BROWN,N,NW,Y
2271,436.41,N,Elder,F,17,A,INDIGO,N,NW,N
2272,723.21,N,Elder,M,17,B,INDIGO,S,SW,Y
2273,1066.61,N,Elder,F,14,A,BROWN,S,SW,Y
2274,1744.58,N,Elder,F,18,C,BROWN,M,ME,Y
2275,955.72,Y,Young,M,18,A,INDIGO,N,NW,N
2276,927.16,N,Elder,M,20,B,BROWN,M,ME,Y
2277,900.2,N,Elder,F,15,B,BROWN,S,SW,Y
2278,935.17,N,Elder,M,19,B,INDIGO,M,MW,Y
2279,564.83,N,Elder,F,13,B,MAGENTA,M,ME,Y
2280,1609.12,N,Elder,F,13,D,BROWN,M,ME,Y
2281,1121.5,N,Elder,M,19,C,INDIGO,S,SW,N
2282,998.77,Y,Elder,M,14,C,MAGENTA,N,NE,Y
2283,1329.51,N,Elder,M,18,B,INDIGO,S,SW,N
2284,368.05,N,Elder,F,14,A,BROWN,M,MW,N
2285,575.77,N,Elder,M,17,A,BROWN,M,ME,Y
2286,1324.56,N,Elder,M,18,B,INDIGO,M,MW,Y
2287,1335.94,N,Elder,M,18,C,INDIGO,M,ME,Y
2288,1205.51,N,Elder,F,20,C,BROWN,M,MW,N
2289,273.19,N,Elder,F,14,A,PURPLE,N,NE,N
2290,727.98,N,Elder,F,17,A,BROWN,S,SE,N
2291,1297.18,N,Elder,M,16,C,INDIGO,S,SE,N
2292,1062.13,N,Elder,M,15,B,BROWN,S,SW,Y
2293,754.44,N,Elder,M,22,A,INDIGO,S,SE,N
2294,1227.54,N,Elder,F,20,C,BROWN,M,MW,Y
2295,791.98,N,Elder,F,11,C,BROWN,N,NW,Y
2296,329.56,N,Elder,M,15,A,INDIGO,S,SW,Y
2297,1048.19,N,Elder,M,22,A,INDIGO,S,SW,Y
2298,1269.48,N,Young,F,17,D,BROWN,N,NW,Y
2299,716.83,N,Elder,F,15,A,MAGENTA,N,NE,N
2300,881.54,N,Elder,M,18,A,BROWN,S,SW,Y
2301,493.94,N,Elder,F,12,B,INDIGO,S,SE,Y
2302,1367,N,Elder,M,19,C,INDIGO,S,SW,N
2303,497.35,N,Elder,M,12,B,MAGENTA,M,ME,N
2304,932.65,N,Elder,F,15,B,BROWN,M,ME,Y
2305,1368.8,N,Elder,M,15,C,MAGENTA,N,NW,N
2306,605.72,N,Elder,F,19,A,BROWN,N,NW,N
2307,690.56,N,Elder,M,13,B,MAGENTA,N,NE,N
2308,1468.23,N,Elder,M,16,C,BROWN,M,ME,Y
2309,615.88,N,Elder,F,16,A,INDIGO,M,MW,N
2310,1049.91,N,Elder,F,19,A,BROWN,M,MW,Y
2311,972.52,N,Elder,F,20,A,INDIGO,S,SE,Y
2312,1149.73,N,Elder,M,19,C,INDIGO,M,MW,N
2313,1356.29,N,Elder,F,17,D,MAGENTA,M,MW,Y
2314,549.69,N,Elder,F,14,B,MAGENTA,N,NE,N
2315,1078.25,N,Elder,M,18,C,PURPLE,S,SW,N
2316,1010.27,N,Elder,M,19,B,BROWN,N,NW,Y
2317,1212.61,N,Elder,F,17,C,BROWN,M,MW,Y
2318,942.01,N,Elder,M,16,C,MAGENTA,N,NE,N
2319,831.59,N,Elder,M,18,B,INDIGO,S,SW,N
2320,829.94,N,Elder,M,14,C,BROWN,N,NW,N
2321,1092.05,N,Elder,M,13,D,BROWN,M,MW,N
2322,1143.02,N,Elder,M,14,B,BROWN,S,SW,N
2323,1181.06,N,Elder,F,17,B,MAGENTA,S,SW,Y
2324,217.79,N,Young,F,12,A,MAGENTA,N,NE,Y
2325,1632.22,N,Elder,M,17,D,INDIGO,S,SW,Y
2326,440.12,N,Elder,M,16,A,BROWN,M,MW,Y
2327,982.67,N,Elder,F,17,C,INDIGO,M,MW,N
2328,841.34,Y,Elder,M,18,B,BROWN,M,ME,Y
2329,606.74,N,Elder,F,15,B,BROWN,M,MW,Y
2330,681.7,N,Elder,M,19,A,INDIGO,N,NW,Y
2331,1276.07,N,Elder,M,16,B,MAGENTA,M,ME,N
2332,486.75,N,Elder,M,12,A,INDIGO,S,SW,N
2333,1774.84,Y,Elder,F,22,D,BROWN,N,NW,Y
2334,1131.54,N,Elder,M,14,A,INDIGO,N,NW,Y
2335,829.24,Y,Young,F,14,C,INDIGO,N,NE,Y
2336,1444.96,N,Elder,M,18,B,PURPLE,M,MW,N
2337,1148.75,N,Elder,M,20,C,PURPLE,M,MW,N
2338,452.71,N,Elder,M,16,A,BROWN,S,SE,Y
2339,728.02,N,Elder,F,12,B,MAGENTA,M,ME,N
2340,1055.21,N,Elder,M,18,C,BROWN,S,SW,Y
2341,823.2,Y,Young,M,15,B,INDIGO,N,NE,Y
2342,884.09,Y,Elder,M,16,B,BROWN,N,NW,N
2343,480.59,N,Elder,M,17,A,MAGENTA,N,NE,N
2344,1203.19,N,Elder,M,20,C,BROWN,S,SW,N
2345,590.05,N,Elder,M,15,A,MAGENTA,M,ME,N
2346,1658.05,Y,Elder,M,14,D,INDIGO,M,MW,Y
2347,982.45,N,Elder,M,18,B,PURPLE,S,SW,N
2348,405.14,N,Elder,M,15,A,INDIGO,N,NE,Y
2349,1036.77,N,Elder,M,18,C,MAGENTA,M,MW,N
2350,570.57,N,Elder,M,19,A,PURPLE,M,MW,N
2351,1178.73,Y,Elder,F,17,B,BROWN,S,SE,N
2352,1503.45,N,Elder,M,22,B,INDIGO,M,MW,N
2353,977.04,Y,Young,F,12,C,INDIGO,N,NE,N
2354,956.7,N,Elder,M,16,C,INDIGO,M,MW,Y
2355,868.25,N,Young,M,16,B,INDIGO,N,NW,Y
2356,1443.6,Y,Elder,M,13,D,BROWN,N,NW,Y
2357,1095.61,Y,Young,M,16,C,MAGENTA,N,NE,Y
2358,688.69,N,Elder,M,14,B,MAGENTA,N,NW,N
2359,1107.9,N,Elder,M,22,B,BROWN,M,ME,Y
2360,1284.55,N,Elder,M,14,C,INDIGO,N,NW,N
2361,548.9,N,Elder,M,16,A,INDIGO,M,MW,Y
2362,949.71,Y,Elder,M,14,C,BROWN,N,NE,N
2363,908.81,N,Elder,F,14,B,INDIGO,M,MW,Y
2364,1078.27,N,Elder,M,19,B,MAGENTA,M,MW,N
2365,961.62,N,Elder,M,15,C,PURPLE,M,MW,N
2366,689.46,N,Elder,F,14,B,BROWN,N,NW,Y
2367,985.46,N,Elder,F,21,B,INDIGO,S,SE,Y
2368,492.94,N,Elder,M,15,A,MAGENTA,M,MW,Y
2369,932.04,N,Elder,M,21,A,INDIGO,N,NW,N
2370,1115.08,N,Elder,M,19,C,INDIGO,S,SW,N
2371,916.8,N,Elder,F,17,B,BROWN,S,SW,Y
2372,1019.98,Y,Elder,M,19,B,INDIGO,M,MW,Y
2373,1103.12,N,Young,M,22,B,MAGENTA,N,NE,N
2374,686.16,N,Elder,F,15,B,INDIGO,S,SW,Y
2375,630.43,N,Elder,M,16,A,MAGENTA,M,ME,Y
2376,634.71,N,Elder,M,19,A,INDIGO,S,SW,Y
2377,1448.79,N,Elder,M,18,B,MAGENTA,M,MW,N
2378,1809.32,N,Elder,M,18,B,BROWN,N,NW,Y
2379,860.85,N,Elder,M,17,B,MAGENTA,M,ME,Y
2380,1984.69,N,Elder,M,17,C,INDIGO,N,NW,N
2381,1309.69,N,Young,F,14,C,INDIGO,M,MW,N
2382,651.45,Y,Young,M,13,B,BROWN,S,SE,Y
2383,400.24,Y,Young,M,15,A,BROWN,N,NE,Y
2384,1112.85,N,Elder,M,17,B,MAGENTA,N,NE,Y
2385,1092.6,Y,Young,M,15,B,INDIGO,N,NW,N
2386,513.93,N,Elder,F,17,A,INDIGO,S,SE,N
2387,858.36,Y,Elder,F,15,B,MAGENTA,N,NW,Y
2388,442.39,N,Young,M,12,A,MAGENTA,N,NW,N
2389,1209.99,N,Elder,M,18,C,INDIGO,M,MW,Y
2390,823.99,N,Elder,M,18,B,MAGENTA,M,MW,Y
2391,840.63,N,Elder,F,17,B,INDIGO,N,NW,Y
2392,732,N,Elder,F,13,B,INDIGO,S,SW,Y
2393,711,N,Elder,F,15,A,INDIGO,M,MW,N
2394,656.17,N,Elder,F,16,B,INDIGO,S,SW,Y
2395,434.46,N,Elder,M,17,A,BROWN,N,NW,Y
2396,1024.13,N,Elder,M,16,C,MAGENTA,M,ME,Y
2397,482.27,Y,Young,M,17,A,BROWN,N,NE,Y
2398,988.12,N,Elder,M,17,B,BROWN,S,SE,Y
2399,1315.83,Y,Elder,M,17,B,BROWN,S,SE,Y
2400,1154.35,Y,Elder,M,16,C,MAGENTA,M,ME,Y
2401,789.53,N,Elder,M,15,B,BROWN,N,NW,N
2402,1080.76,N,Elder,M,19,B,INDIGO,S,SE,N
2403,588.23,N,Elder,F,19,A,BROWN,N,NE,Y
2404,758.87,N,Elder,M,17,B,MAGENTA,S,SE,Y
2405,513.23,N,Elder,M,18,A,BROWN,N,NE,Y
2406,634.71,N,Elder,M,17,A,MAGENTA,N,NE,Y
2407,992.67,N,Elder,F,17,C,BROWN,M,MW,Y
2408,1180.63,N,Elder,M,16,B,INDIGO,S,SW,N
2409,459.33,N,Elder,M,12,A,BROWN,N,NE,Y
2410,1162.87,N,Elder,M,17,B,MAGENTA,M,ME,Y
2411,433.98,N,Elder,M,16,A,BROWN,S,SE,N
2412,810.83,N,Elder,F,16,B,BROWN,N,NE,Y
2413,675.12,N,Young,M,21,A,BROWN,M,ME,Y
2414,396.76,N,Elder,F,16,A,MAGENTA,N,NW,N
2415,714.5,N,Elder,M,12,A,INDIGO,N,NE,N
2416,657.69,N,Elder,M,16,B,MAGENTA,M,MW,N
2417,685.66,N,Elder,M,15,A,BROWN,M,ME,Y
2418,597.35,N,Elder,F,19,A,PURPLE,N,NE,N
2419,492.56,N,Elder,M,12,B,INDIGO,M,ME,Y
2420,989.84,N,Elder,M,20,B,INDIGO,N,NE,N
2421,737.85,N,Elder,M,17,B,INDIGO,S,SE,Y
2422,480.35,N,Elder,M,17,A,MAGENTA,S,SW,N
2423,1183.06,N,Elder,M,21,B,BROWN,M,MW,Y
2424,866.35,N,Elder,F,18,B,BROWN,N,NW,Y
2425,679.27,N,Elder,M,19,A,BROWN,N,NE,Y
2426,693.61,N,Elder,M,11,B,BROWN,M,ME,Y
2427,526.55,Y,Elder,M,17,A,INDIGO,N,NW,Y
2428,949.29,N,Elder,M,16,C,PURPLE,N,NW,N
2429,751.86,N,Elder,M,17,B,BROWN,M,MW,Y
2430,1062.62,N,Elder,M,18,C,BROWN,S,SE,N
2431,660.46,N,Elder,F,14,B,BROWN,S,SE,N
2432,1409.32,N,Elder,M,18,C,BROWN,M,MW,Y
2433,284.33,N,Elder,F,13,A,INDIGO,M,ME,Y
2434,1481.26,N,Elder,F,20,C,MAGENTA,S,SE,N
2435,629.87,N,Elder,F,15,B,BROWN,N,NE,Y
2436,991.41,N,Elder,M,17,C,MAGENTA,N,NW,Y
2437,1297.88,N,Elder,M,16,B,INDIGO,N,NW,Y
2438,744.31,N,Elder,M,16,B,INDIGO,M,MW,Y
2439,344.16,N,Elder,M,13,A,INDIGO,N,NW,N
2440,622.09,N,Elder,M,14,B,PURPLE,S,SW,N
2441,552.81,N,Elder,M,14,B,BROWN,S,SE,Y
2442,449.92,N,Elder,F,17,A,MAGENTA,N,NW,Y
2443,832.66,N,Elder,F,16,A,MAGENTA,M,MW,N
2444,562.56,N,Elder,F,19,A,INDIGO,S,SE,Y
2445,1342.61,N,Elder,M,17,D,MAGENTA,S,SW,Y
2446,1033.17,N,Elder,M,17,C,BROWN,N,NW,Y
2447,721.07,N,Elder,M,16,B,MAGENTA,N,NW,Y
2448,1016.67,N,Elder,M,19,B,BROWN,M,MW,Y
2449,548.5,N,Elder,M,13,B,INDIGO,M,ME,Y
2450,303.36,Y,Elder,F,14,A,INDIGO,S,SW,Y
2451,908.33,N,Elder,F,20,B,BROWN,N,NW,Y
2452,993.22,N,Elder,M,15,C,INDIGO,S,SE,N
2453,434.27,N,Elder,M,17,A,INDIGO,M,MW,N
2454,635.42,N,Elder,F,14,A,MAGENTA,N,NW,N
2455,1192.84,N,Elder,F,18,C,MAGENTA,S,SW,Y
2456,761.37,N,Elder,M,17,B,MAGENTA,N,NW,N
2457,588.32,N,Elder,M,16,A,INDIGO,S,SW,N
2458,761.26,N,Elder,M,16,B,INDIGO,N,NW,N
2459,1555.97,N,Elder,M,21,D,BROWN,M,ME,Y
2460,288.79,N,Elder,F,14,A,MAGENTA,N,NW,N
2461,435.83,N,Elder,F,12,A,BROWN,M,ME,Y
2462,463.85,N,Elder,F,17,A,MAGENTA,M,ME,N
2463,173.24,N,Elder,F,12,A,MAGENTA,M,MW,N
2464,498.57,N,Elder,M,16,A,INDIGO,M,MW,N
2465,1350.49,N,Elder,F,20,B,PURPLE,N,NW,N
2466,755.92,N,Elder,M,13,B,INDIGO,M,ME,N
2467,600.39,Y,Young,M,14,B,MAGENTA,M,MW,Y
2468,644.84,N,Elder,F,20,A,BROWN,N,NW,Y
2469,857.54,N,Elder,F,17,B,INDIGO,N,NW,Y
2470,1158.04,N,Elder,F,11,A,BROWN,N,NE,Y
2471,898.38,Y,Young,F,15,C,BROWN,N,NE,Y
2472,1084.93,N,Elder,F,18,C,INDIGO,N,NW,Y
2473,690.28,N,Young,F,16,B,INDIGO,N,NW,N
2474,735.06,N,Elder,M,14,B,INDIGO,N,NW,Y
2475,603.83,N,Elder,F,15,B,BROWN,S,SW,Y
2476,772.33,N,Elder,M,17,B,BROWN,M,ME,Y
2477,490.36,N,Elder,M,17,A,INDIGO,N,NW,Y
2478,223.11,N,Elder,M,12,A,INDIGO,M,ME,Y
2479,462.56,N,Elder,M,17,A,INDIGO,S,SW,N
2480,1091.2,N,Elder,F,18,A,INDIGO,M,ME,Y
2481,729.82,N,Elder,M,21,A,MAGENTA,M,MW,N
2482,273.72,N,Elder,F,12,A,BROWN,N,NE,Y
2483,529.1,N,Elder,M,17,A,INDIGO,S,SE,Y
2484,733.41,N,Elder,F,17,B,MAGENTA,M,MW,N
2485,338.42,N,Elder,M,15,A,PURPLE,N,NW,N
2486,871.58,N,Elder,M,15,C,MAGENTA,S,SW,N
2487,463.94,N,Elder,M,17,A,INDIGO,M,ME,Y
2488,991.62,N,Elder,M,17,B,INDIGO,N,NE,Y
2489,684.33,N,Elder,F,19,A,MAGENTA,S,SW,N
2490,327.2,N,Elder,M,15,A,INDIGO,S,SW,N
2491,1048.52,N,Elder,M,14,C,BROWN,S,SW,N
2492,502.25,N,Elder,F,13,B,BROWN,N,NE,Y
2493,221.59,N,Elder,F,13,A,INDIGO,M,ME,Y
2494,1110.93,N,Elder,M,15,C,INDIGO,S,SE,N
2495,523.35,N,Elder,F,16,A,INDIGO,N,NW,N
2496,1350.87,N,Elder,F,21,B,BROWN,N,NW,Y
2497,297.7,N,Elder,F,14,A,BROWN,N,NW,Y
2498,1261.18,Y,Elder,F,12,D,INDIGO,M,MW,N
2499,1435.76,N,Elder,F,16,C,BROWN,M,MW,Y
2500,1172.09,Y,Elder,M,20,C,BROWN,N,NE,Y
2501,948.47,Y,Elder,F,16,B,BROWN,N,NE,Y
2502,633.35,N,Young,F,15,B,BROWN,M,MW,N
2503,581.29,N,Elder,M,12,B,BROWN,S,SW,Y
2504,769.27,N,Elder,F,12,C,BROWN,N,NW,Y
2505,934.01,N,Elder,M,19,B,INDIGO,M,MW,N
2506,377.93,N,Elder,F,13,A,BROWN,N,NE,N
2507,280.08,N,Elder,F,14,A,INDIGO,N,NE,Y
2508,1435.02,Y,Elder,F,14,D,BROWN,S,SW,Y
2509,1146.83,Y,Young,F,13,B,BROWN,M,MW,N
2510,811.27,N,Elder,M,13,C,INDIGO,M,MW,Y
2511,610.75,N,Elder,M,15,B,MAGENTA,S,SW,N
2512,564.41,N,Elder,M,19,A,MAGENTA,M,MW,Y
2513,873.51,N,Elder,M,18,B,INDIGO,N,NW,N
2514,661.72,Y,Elder,M,14,B,BROWN,N,NE,Y
2515,387.97,N,Elder,F,13,A,BROWN,N,NW,Y
2516,746.86,N,Elder,F,17,B,MAGENTA,S,SW,N
2517,1090.95,Y,Elder,M,22,A,BROWN,N,NE,Y
2518,299.22,N,Elder,F,14,A,BROWN,N,NE,Y
2519,382.15,N,Elder,M,16,A,BROWN,M,ME,Y
2520,541.21,N,Elder,F,13,B,BROWN,N,NW,Y
2521,1415.55,N,Elder,M,19,C,INDIGO,N,NE,Y
2522,642.22,N,Elder,F,15,B,MAGENTA,M,MW,N
2523,1272.77,Y,Elder,M,17,D,BROWN,N,NE,Y
2524,1151.68,Y,Elder,M,17,C,INDIGO,M,ME,N
2525,331.91,Y,Elder,M,10,A,INDIGO,M,MW,Y
2526,817.49,N,Elder,F,16,B,BROWN,M,ME,N
2527,343.82,N,Elder,F,15,A,INDIGO,N,NW,Y
2528,1289.94,N,Elder,M,22,C,INDIGO,S,SE,Y
2529,1091.2,N,Elder,M,19,C,BROWN,N,NE,Y
2530,780.72,N,Elder,M,17,B,BROWN,M,ME,Y
2531,764.4,N,Elder,M,21,A,INDIGO,S,SE,N
2532,942.19,N,Elder,F,16,C,BROWN,S,SE,Y
2533,600.28,N,Young,F,11,B,BROWN,S,SE,N
2534,820.5,N,Elder,M,19,A,BROWN,N,NW,Y
2535,674.18,N,Elder,M,14,B,BROWN,M,ME,N
2536,1032.8,N,Elder,M,14,A,INDIGO,N,NW,Y
2537,860.23,N,Elder,M,17,B,BROWN,M,MW,N
2538,323.99,N,Elder,M,14,A,INDIGO,N,NW,Y
2539,1051.72,N,Elder,M,22,B,MAGENTA,N,NW,N
2540,898.92,N,Elder,F,15,C,BROWN,S,SE,Y
2541,515.86,N,Elder,F,18,A,INDIGO,N,NE,Y
2542,1282.43,N,Elder,F,17,D,INDIGO,N,NW,Y
2543,1376.49,Y,Elder,F,15,C,BROWN,M,MW,Y
2544,607.7,N,Elder,M,14,B,MAGENTA,S,SW,Y
2545,989.76,N,Elder,M,15,C,BROWN,S,SW,N
2546,512.46,N,Young,M,16,A,INDIGO,N,NW,Y
2547,711.8,N,Elder,M,12,C,INDIGO,N,NE,Y
2548,771.18,N,Elder,F,18,B,MAGENTA,M,MW,N
2549,792.86,N,Elder,M,17,B,BROWN,M,ME,Y
2550,521.58,N,Elder,F,17,A,BROWN,N,NW,Y
2551,800.04,N,Elder,M,18,B,INDIGO,M,MW,N
2552,1173.3,N,Elder,F,12,D,BROWN,N,NW,Y
2553,1208.58,N,Elder,F,15,C,BROWN,M,MW,Y
2554,832.86,N,Elder,F,18,A,BROWN,M,MW,Y
2555,995.8,N,Elder,M,18,B,MAGENTA,N,NE,Y
2556,937.58,N,Elder,M,21,B,PURPLE,N,NW,N
2557,387.4,N,Elder,F,11,A,BROWN,M,MW,Y
2558,1101.16,N,Elder,M,18,A,MAGENTA,M,ME,N
2559,1316.33,N,Elder,F,18,D,INDIGO,N,NE,Y
2560,826.68,N,Elder,F,19,B,MAGENTA,M,MW,Y
2561,1240.3,N,Elder,M,13,D,BROWN,M,ME,N
2562,922.86,N,Elder,F,18,A,BROWN,M,ME,Y
2563,1447.54,N,Elder,M,17,B,BROWN,N,NW,N
2564,848.75,N,Elder,F,18,B,INDIGO,N,NE,Y
2565,890.55,N,Young,F,15,B,MAGENTA,S,SW,N
2566,601.44,N,Elder,F,20,A,MAGENTA,S,SE,N
2567,788.53,N,Elder,M,18,B,INDIGO,M,ME,N
2568,1361.7,N,Elder,F,18,D,MAGENTA,N,NW,N
2569,993.93,Y,Elder,M,21,B,MAGENTA,M,MW,N
2570,522.55,N,Young,F,13,B,BROWN,S,SW,N
2571,958.39,N,Elder,M,14,A,INDIGO,S,SW,N
2572,341.25,N,Elder,F,14,A,INDIGO,N,NW,N
2573,476.58,N,Young,M,11,B,MAGENTA,N,NW,N
2574,1224.25,N,Elder,F,15,C,INDIGO,M,MW,N
2575,814.62,Y,Elder,M,13,C,MAGENTA,N,NW,Y
2576,358.79,N,Elder,M,15,A,BROWN,M,MW,N
2577,223.4,N,Elder,M,13,A,INDIGO,S,SE,Y
2578,1071.83,N,Elder,F,13,C,BROWN,M,ME,Y
2579,816.26,N,Elder,M,19,B,INDIGO,M,ME,Y
2580,814.91,N,Elder,F,17,B,INDIGO,S,SW,Y
2581,544.31,Y,Elder,M,17,A,INDIGO,M,MW,Y
2582,315.56,N,Elder,M,14,A,INDIGO,N,NE,Y
2583,1284.1,N,Elder,F,20,C,INDIGO,S,SE,Y
2584,623.39,N,Young,M,17,A,BROWN,N,NW,Y
2585,882.67,N,Elder,M,16,B,BROWN,N,NW,N
2586,1091.2,N,Elder,M,16,C,INDIGO,M,ME,N
2587,722.62,N,Elder,F,12,B,BROWN,N,NE,N
2588,640.11,N,Elder,F,14,B,MAGENTA,N,NE,N
2589,455.24,N,Elder,M,15,A,BROWN,M,ME,N
2590,879.51,N,Elder,F,15,C,MAGENTA,N,NE,N
2591,402.42,N,Elder,F,14,A,INDIGO,M,ME,Y
2592,594.73,N,Elder,M,14,B,INDIGO,M,MW,N
2593,661.16,Y,Elder,M,16,B,BROWN,N,NW,Y
2594,590.56,N,Elder,M,19,A,BROWN,N,NW,Y
2595,828.41,N,Elder,M,19,B,INDIGO,S,SW,N
2596,535.42,Y,Young,M,15,A,BROWN,M,MW,Y
2597,831.78,N,Elder,M,22,A,INDIGO,S,SE,Y
2598,726.21,N,Elder,F,16,B,PURPLE,N,NW,N
2599,936.59,N,Elder,M,16,C,BROWN,S,SW,Y
2600,1195.76,N,Elder,M,17,C,BROWN,M,ME,Y
2601,459.93,N,Elder,M,12,B,INDIGO,N,NE,Y
2602,1436.37,Y,Elder,M,22,C,BROWN,S,SE,Y
2603,262.57,N,Elder,M,12,A,BROWN,N,NW,Y
2604,927.45,N,Elder,M,17,B,INDIGO,M,MW,Y
2605,544.68,N,Elder,M,17,A,INDIGO,N,NE,N
2606,1577.58,Y,Young,F,14,C,BROWN,S,SW,Y
2607,523.64,N,Elder,M,13,B,BROWN,M,ME,Y
2608,229.69,Y,Elder,F,13,A,INDIGO,N,NE,Y
2609,579.36,Y,Elder,F,14,B,BROWN,N,NW,Y
2610,1053.37,N,Elder,M,15,C,BROWN,M,ME,Y
2611,1059.62,N,Elder,M,22,B,BROWN,M,ME,Y
2612,1075.8,N,Elder,M,17,B,MAGENTA,S,SE,N
2613,692.53,N,Elder,M,18,A,INDIGO,M,ME,Y
2614,774.13,N,Elder,F,14,B,INDIGO,M,MW,N
2615,1263.41,N,Elder,M,17,D,MAGENTA,S,SW,Y
2616,799.14,N,Elder,F,17,B,INDIGO,M,ME,N
2617,846.38,N,Young,M,16,A,INDIGO,N,NE,N
2618,558.38,N,Elder,M,14,B,BROWN,S,SE,Y
2619,484.37,N,Elder,F,15,A,INDIGO,S,SW,Y
2620,1616.43,Y,Elder,M,18,B,BROWN,N,NE,Y
2621,1093.56,N,Elder,M,12,D,BROWN,N,NE,Y
2622,615.3,N,Young,M,10,C,PURPLE,N,NE,N
2623,944.68,Y,Elder,M,15,B,BROWN,N,NW,Y
2624,1440.17,N,Elder,F,22,C,MAGENTA,M,ME,N
2625,864.86,N,Elder,F,19,B,INDIGO,M,ME,Y
2626,1813.9,N,Elder,M,16,B,INDIGO,M,ME,N
2627,1657.69,N,Elder,M,18,A,BROWN,M,ME,N
2628,731.24,N,Elder,M,17,B,BROWN,S,SE,N
2629,1116.71,N,Elder,M,13,C,BROWN,N,NW,Y
2630,500.76,N,Elder,M,13,B,MAGENTA,N,NW,N
2631,943.12,Y,Elder,F,14,C,MAGENTA,N,NE,N
2632,1135.44,N,Elder,M,22,B,INDIGO,M,ME,Y
2633,962.95,Y,Elder,M,14,C,BROWN,N,NW,Y
2634,1711.05,Y,Elder,F,17,D,INDIGO,N,NW,Y
2635,871.76,N,Elder,F,14,C,BROWN,M,ME,Y
2636,487.65,N,Elder,F,14,A,MAGENTA,M,ME,N
2637,927.35,N,Elder,M,17,B,INDIGO,N,NW,N
2638,1289.55,N,Elder,F,18,C,BROWN,M,ME,N
2639,857.35,N,Elder,F,19,B,INDIGO,N,NW,Y
2640,582.24,N,Elder,M,18,A,INDIGO,S,SW,Y
2641,1088.76,N,Elder,M,22,A,BROWN,N,NE,N
2642,572.31,N,Elder,F,13,B,INDIGO,N,NE,Y
2643,471.71,N,Elder,M,17,A,BROWN,M,MW,Y
2644,291.98,N,Elder,M,14,A,INDIGO,M,ME,Y
2645,1008.14,N,Elder,M,17,C,MAGENTA,S,SW,N
2646,452.69,N,Elder,F,17,A,BROWN,N,NW,Y
2647,1440.93,N,Elder,M,16,B,MAGENTA,M,MW,N
2648,1250.57,N,Elder,M,16,D,INDIGO,M,ME,Y
2649,431.58,N,Elder,M,15,A,BROWN,N,NE,N
2650,776.29,N,Elder,M,18,B,MAGENTA,S,SW,N
2651,413.64,Y,Elder,M,14,A,MAGENTA,N,NW,N
2652,479.95,N,Elder,M,17,A,BROWN,N,NE,N
2653,581.03,N,Elder,M,18,A,BROWN,N,NW,Y
2654,735.17,N,Elder,F,17,A,BROWN,S,SE,Y
2655,703.71,N,Elder,M,18,A,BROWN,S,SW,Y
2656,1181.02,N,Elder,M,15,C,MAGENTA,N,NW,N
2657,1058.48,N,Elder,F,15,C,PURPLE,S,SE,N
2658,529.34,N,Elder,M,17,A,BROWN,M,ME,Y
2659,696.81,N,Elder,M,16,B,BROWN,M,MW,Y
2660,696.05,N,Elder,F,16,B,BROWN,S,SW,N
2661,1049.71,N,Elder,M,16,C,INDIGO,S,SE,Y
2662,595.21,N,Elder,F,14,B,INDIGO,M,MW,N
2663,952.87,N,Young,F,15,C,INDIGO,N,NE,N
2664,682.22,N,Elder,M,16,B,BROWN,N,NW,N
2665,682.37,N,Elder,F,16,B,INDIGO,M,ME,Y
2666,1114.51,N,Elder,M,16,C,PURPLE,N,NW,N
2667,1278.31,N,Elder,F,15,A,INDIGO,N,NW,N
2668,446.76,N,Elder,F,16,A,BROWN,M,MW,Y
2669,250.91,N,Elder,M,12,A,BROWN,N,NE,Y
2670,888.15,N,Elder,F,14,C,INDIGO,M,ME,Y
2671,1204.08,N,Elder,M,13,C,INDIGO,N,NW,N
2672,685.84,N,Elder,F,20,A,BROWN,S,SW,Y
2673,605.97,N,Elder,M,18,A,INDIGO,N,NE,N
2674,450.47,N,Elder,F,17,A,PURPLE,N,NW,N
2675,532.9,N,Elder,M,18,A,BROWN,S,SW,Y
2676,1260.85,N,Elder,M,17,C,MAGENTA,M,ME,N
2677,282.43,N,Elder,F,13,A,INDIGO,S,SE,Y
2678,609.48,N,Elder,M,15,B,BROWN,S,SW,N
2679,626.85,N,Elder,M,14,B,PURPLE,S,SW,N
2680,1000.83,Y,Elder,M,17,C,BROWN,N,NW,Y
2681,970.3,N,Elder,F,16,C,MAGENTA,M,ME,N
2682,764.27,N,Elder,F,17,B,BROWN,N,NW,Y
2683,231.92,N,Young,M,12,A,INDIGO,M,ME,N
2684,907.03,N,Elder,M,16,B,MAGENTA,N,NE,N
2685,1430.25,N,Elder,M,22,C,BROWN,N,NW,N
2686,818.62,N,Elder,M,20,A,MAGENTA,M,ME,Y
2687,965.59,N,Young,M,15,C,MAGENTA,M,MW,N
2688,555.56,N,Elder,F,15,A,INDIGO,N,NW,Y
2689,522.45,N,Elder,F,12,B,BROWN,M,MW,Y
2690,462.01,N,Elder,F,15,A,BROWN,N,NW,N
2691,882.02,N,Elder,F,14,C,BROWN,N,NW,Y
2692,992.45,N,Elder,M,17,B,INDIGO,N,NW,Y
2693,1250.27,N,Elder,F,15,B,BROWN,N,NW,Y
2694,363.16,N,Elder,M,14,A,BROWN,M,ME,Y
2695,1014.45,N,Elder,F,15,C,BROWN,M,ME,Y
2696,1058.6,N,Elder,F,15,C,INDIGO,M,MW,N
2697,461.56,N,Elder,M,15,A,INDIGO,S,SE,Y
2698,781.08,N,Elder,M,14,B,MAGENTA,N,NE,Y
2699,282.45,N,Elder,F,13,A,MAGENTA,M,MW,Y
2700,359.51,N,Elder,M,14,A,BROWN,M,MW,Y
2701,1939.98,Y,Elder,F,22,C,BROWN,S,SE,Y
2702,702.37,Y,Elder,M,14,B,BROWN,M,MW,Y
2703,932.56,N,Elder,M,20,B,BROWN,N,NW,Y
2704,392.36,N,Elder,M,16,A,BROWN,M,ME,Y
2705,1103.05,N,Elder,M,17,B,BROWN,N,NE,Y
2706,1969.46,N,Elder,M,17,C,BROWN,S,SE,Y
2707,1297.9,N,Elder,M,18,C,MAGENTA,N,NE,N
2708,406.15,N,Elder,F,16,A,BROWN,N,NE,Y
2709,344.62,N,Elder,M,15,A,INDIGO,M,MW,N
2710,1405.62,N,Elder,F,14,B,INDIGO,S,SE,N
2711,1007.8,N,Elder,M,17,B,MAGENTA,S,SE,N
2712,514.69,N,Elder,M,17,A,INDIGO,N,NE,N
2713,750.61,N,Elder,M,17,B,INDIGO,N,NW,N
2714,959.46,N,Elder,M,15,C,INDIGO,N,NE,Y
2715,646.63,Y,Young,F,13,B,INDIGO,N,NE,Y
2716,356.86,N,Elder,F,14,A,BROWN,S,SW,N
2717,731,Y,Elder,F,14,B,MAGENTA,S,SW,N
2718,597.92,Y,Elder,M,19,A,BROWN,M,ME,Y
2719,828.02,Y,Young,F,14,C,INDIGO,M,MW,Y
2720,1103.6,N,Elder,M,18,C,BROWN,M,ME,Y
2721,880.47,N,Elder,M,15,B,BROWN,M,MW,Y
2722,1031.71,N,Elder,M,20,B,BROWN,N,NW,Y
2723,1015.03,N,Elder,M,17,C,BROWN,M,ME,Y
2724,787.31,Y,Elder,F,17,B,PURPLE,N,NW,N
2725,727.81,N,Elder,M,16,B,BROWN,N,NW,Y
2726,1011.37,N,Elder,M,16,C,BROWN,M,ME,Y
2727,598.67,N,Elder,F,14,B,BROWN,M,MW,N
2728,1038.57,N,Elder,M,17,C,INDIGO,M,MW,N
2729,1018.33,N,Elder,M,18,B,MAGENTA,M,ME,N
2730,1025.22,N,Elder,F,13,B,MAGENTA,S,SW,Y
2731,461.59,N,Elder,M,12,B,MAGENTA,S,SW,N
2732,653.19,N,Elder,F,18,A,BROWN,N,NW,Y
2733,843.5,N,Elder,F,18,B,BROWN,S,SW,Y
2734,576.48,N,Elder,M,14,B,MAGENTA,N,NE,N
2735,659.77,N,Elder,M,15,B,BROWN,N,NE,Y
2736,271.55,N,Elder,F,11,A,BROWN,N,NW,Y
2737,709.55,N,Elder,M,17,B,BROWN,N,NW,Y
2738,697.81,Y,Young,M,13,B,BROWN,M,MW,Y
2739,606.13,N,Elder,M,13,B,INDIGO,S,SW,Y
2740,535.67,N,Elder,F,16,A,INDIGO,M,MW,Y
2741,1121.93,N,Elder,F,13,C,BROWN,N,NW,Y
2742,383.35,N,Elder,M,10,B,BROWN,N,NW,Y
2743,755.44,N,Elder,M,16,A,BROWN,N,NE,N
2744,613.98,N,Elder,M,15,B,MAGENTA,N,NW,N
2745,1165.79,N,Elder,M,17,C,BROWN,M,ME,Y
2746,882.17,N,Elder,M,20,B,INDIGO,N,NE,N
2747,621.71,N,Elder,M,18,A,MAGENTA,M,MW,N
2748,859.95,N,Elder,M,15,B,MAGENTA,N,NW,N
2749,1067.69,N,Elder,M,20,B,MAGENTA,N,NE,N
2750,1033.66,N,Elder,M,18,C,BROWN,M,MW,Y
2751,1737.5,N,Elder,F,19,B,MAGENTA,M,ME,Y
2752,1028.3,Y,Elder,M,17,C,BROWN,M,MW,Y
2753,1549.83,Y,Young,M,16,D,BROWN,N,NW,Y
2754,790.17,N,Elder,F,16,B,PURPLE,N,NE,N
2755,897.16,Y,Elder,M,16,B,INDIGO,S,SW,Y
2756,547.99,N,Elder,F,14,B,BROWN,N,NE,Y
2757,693.25,N,Elder,M,14,B,BROWN,M,ME,Y
2758,930.62,N,Elder,M,18,B,BROWN,S,SW,N
2759,695.53,N,Elder,F,17,A,MAGENTA,M,ME,N
2760,901.72,N,Elder,M,14,C,INDIGO,S,SW,Y
2761,818.77,N,Elder,M,18,B,PURPLE,N,NW,N
2762,820.5,N,Elder,M,24,A,MAGENTA,N,NE,Y
2763,701.89,N,Elder,M,16,B,INDIGO,N,NW,Y
2764,1222.88,N,Elder,M,21,C,INDIGO,M,MW,Y
2765,434.35,N,Elder,F,17,A,INDIGO,M,MW,N
2766,830.03,N,Elder,M,19,B,BROWN,M,MW,Y
2767,1565.35,N,Elder,F,19,D,MAGENTA,S,SW,N
2768,1047.01,N,Elder,M,18,C,INDIGO,S,SW,Y
2769,1118.17,N,Elder,M,16,C,BROWN,N,NW,N
2770,694.93,N,Elder,F,15,B,BROWN,M,ME,Y
2771,1636.43,Y,Elder,M,15,D,INDIGO,M,ME,Y
2772,692.55,N,Elder,F,12,B,INDIGO,S,SE,N
2773,939.52,Y,Elder,M,16,C,BROWN,S,SW,Y
2774,173.22,N,Elder,F,12,A,MAGENTA,M,ME,Y
2775,674.71,N,Elder,F,15,B,BROWN,S,SW,N
2776,695.22,N,Elder,F,16,A,INDIGO,S,SW,Y
2777,876.43,N,Elder,F,15,C,BROWN,S,SE,Y
2778,866.7,N,Elder,F,18,B,PURPLE,S,SE,N
2779,1233.65,N,Elder,F,20,C,BROWN,M,MW,N
2780,870.82,N,Elder,M,11,C,INDIGO,M,MW,Y
2781,663.04,N,Elder,M,16,B,BROWN,S,SE,Y
2782,390.47,N,Elder,F,11,B,MAGENTA,M,ME,N
2783,714.25,N,Elder,M,16,A,MAGENTA,N,NE,Y
2784,1178.8,N,Elder,M,17,B,INDIGO,N,NW,N
2785,528.01,Y,Elder,M,15,A,INDIGO,N,NE,Y
2786,1232.13,N,Elder,M,16,D,PURPLE,N,NW,N
2787,1279.16,N,Elder,F,15,C,INDIGO,N,NE,N
2788,1357.33,N,Elder,F,16,C,INDIGO,N,NW,N
2789,664.23,N,Elder,M,13,B,INDIGO,N,NE,Y
2790,1051.77,N,Elder,M,18,C,INDIGO,S,SW,N
2791,383.53,N,Elder,F,11,B,BROWN,S,SE,Y
2792,281.67,N,Elder,F,13,A,BROWN,N,NE,Y
2793,976.06,N,Elder,F,20,B,BROWN,N,NE,N
2794,735.89,N,Elder,F,19,A,INDIGO,M,MW,Y
2795,675.56,N,Elder,M,16,B,INDIGO,M,MW,Y
2796,728.45,N,Elder,M,15,A,BROWN,N,NW,Y
2797,513.72,N,Elder,F,18,A,MAGENTA,N,NW,N
2798,1595.68,N,Elder,M,21,C,BROWN,M,MW,Y
2799,347.28,N,Young,F,15,A,MAGENTA,S,SW,N
2800,744.46,N,Elder,F,17,B,BROWN,S,SW,N
2801,1065.32,N,Elder,F,14,C,BROWN,N,NW,Y
2802,548.78,N,Elder,M,13,B,MAGENTA,S,SE,N
2803,672.66,N,Young,F,20,A,INDIGO,S,SW,N
2804,618.56,N,Elder,M,15,B,BROWN,M,MW,N
2805,948.52,N,Elder,M,17,B,MAGENTA,N,NE,N
2806,838.64,N,Elder,F,14,C,BROWN,S,SE,Y
2807,834.47,N,Elder,M,18,A,BROWN,N,NW,Y
2808,544.06,N,Elder,M,17,A,MAGENTA,M,ME,Y
2809,911.09,N,Elder,M,19,B,BROWN,M,MW,Y
2810,834.15,Y,Young,F,10,B,BROWN,M,MW,N
2811,767.61,N,Elder,F,17,B,INDIGO,N,NW,N
2812,675.92,N,Elder,F,11,C,BROWN,N,NE,Y
2813,1191.64,N,Elder,M,14,B,INDIGO,M,MW,Y
2814,345.57,N,Elder,M,14,A,BROWN,N,NE,Y
2815,1167.99,N,Elder,M,15,B,MAGENTA,M,ME,N
2816,1081.48,N,Elder,F,16,C,INDIGO,M,ME,Y
2817,1212.39,N,Elder,M,18,B,MAGENTA,S,SW,N
2818,286.96,N,Elder,M,14,A,BROWN,M,MW,Y
2819,1004.7,Y,Elder,M,19,B,BROWN,M,ME,Y
2820,781.45,Y,Elder,F,13,B,BROWN,M,ME,Y
2821,763.58,Y,Young,F,14,B,BROWN,S,SE,Y
2822,784.2,N,Elder,M,17,B,BROWN,N,NW,Y
2823,826.18,N,Elder,M,14,C,MAGENTA,S,SE,Y
2824,1450.29,N,Elder,M,19,B,PURPLE,S,SE,N
2825,277.26,N,Elder,F,14,A,MAGENTA,S,SE,Y
2826,1167.46,N,Elder,M,18,C,BROWN,M,MW,N
2827,1682.29,Y,Elder,F,23,C,BROWN,M,MW,Y
2828,1567.64,N,Elder,M,18,D,MAGENTA,M,MW,Y
2829,1216.56,N,Elder,M,19,A,BROWN,N,NE,Y
2830,492.12,N,Elder,F,14,A,BROWN,M,ME,Y
2831,719.86,N,Elder,M,14,B,BROWN,M,ME,Y
2832,1284.83,N,Elder,F,16,D,MAGENTA,N,NE,N
2833,726.49,N,Elder,M,16,B,INDIGO,M,MW,Y
2834,1030.48,N,Young,F,13,C,INDIGO,N,NW,Y
2835,596.18,N,Young,M,14,B,BROWN,M,MW,Y
2836,1069.19,N,Elder,M,19,A,INDIGO,N,NW,Y
2837,484.96,N,Elder,F,17,A,INDIGO,S,SW,N
2838,1537.86,N,Elder,M,20,B,INDIGO,M,ME,N
2839,1175.65,Y,Elder,M,17,C,INDIGO,S,SW,Y
2840,501.98,N,Young,M,13,A,PURPLE,S,SE,N
2841,515.74,N,Elder,F,16,A,BROWN,N,NE,Y
2842,777.15,N,Elder,F,18,B,MAGENTA,N,NW,Y
2843,868.67,N,Elder,M,19,B,MAGENTA,M,MW,N
2844,216.88,N,Elder,F,13,A,BROWN,N,NW,N
2845,896.85,N,Elder,M,22,A,MAGENTA,M,MW,Y
2846,160.52,N,Elder,F,11,A,INDIGO,S,SW,N
2847,299.79,N,Elder,M,14,A,BROWN,N,NW,N
2848,812.8,N,Elder,M,18,B,BROWN,N,NE,Y
2849,988.35,Y,Elder,M,17,B,INDIGO,S,SE,Y
2850,1074.91,N,Elder,F,16,C,BROWN,M,ME,Y
2851,728.17,N,Elder,M,17,B,INDIGO,M,MW,N
2852,1185.18,Y,Elder,F,13,D,INDIGO,S,SW,N
2853,795.36,N,Elder,F,13,C,MAGENTA,M,MW,Y
2854,1670.89,N,Elder,M,16,B,INDIGO,S,SE,Y
2855,287.7,N,Elder,F,14,A,INDIGO,S,SW,N
2856,657.25,N,Elder,F,16,B,INDIGO,N,NW,Y
2857,1049.28,N,Elder,M,13,D,INDIGO,S,SW,Y
2858,827.38,N,Elder,M,14,C,MAGENTA,N,NW,Y
2859,990.71,Y,Young,M,17,C,MAGENTA,S,SE,N
2860,602.88,N,Elder,M,15,B,INDIGO,M,ME,N
2861,851.51,N,Elder,M,18,B,BROWN,N,NW,N
2862,422.96,N,Elder,M,13,A,INDIGO,S,SW,Y
2863,595.25,N,Elder,M,18,A,BROWN,M,MW,Y
2864,429.57,N,Elder,F,13,A,INDIGO,S,SW,N
2865,597.76,N,Elder,M,19,A,INDIGO,N,NE,Y
2866,1511.43,N,Elder,M,19,B,BROWN,N,NW,Y
2867,404.36,N,Elder,F,15,A,MAGENTA,M,MW,N
2868,396.26,N,Elder,M,13,A,PURPLE,M,ME,N
2869,856.41,N,Elder,M,19,B,BROWN,N,NW,Y
2870,821.11,N,Elder,M,19,B,INDIGO,M,MW,N
2871,882.76,N,Elder,M,19,B,BROWN,S,SE,N
2872,831.42,N,Elder,F,16,B,INDIGO,M,MW,N
2873,865.47,N,Elder,M,14,B,BROWN,M,ME,N
2874,729.34,N,Elder,F,12,A,PURPLE,M,ME,N
2875,1071.73,N,Elder,F,19,B,INDIGO,N,NE,Y
2876,647.03,N,Elder,F,19,A,MAGENTA,M,MW,N
2877,474.44,N,Elder,M,16,A,MAGENTA,S,SE,N
2878,777.22,N,Elder,M,23,A,BROWN,N,NW,Y
2879,1093.52,N,Elder,M,17,B,INDIGO,M,MW,Y
2880,280.13,N,Elder,F,14,A,MAGENTA,N,NE,Y
2881,1121.79,N,Elder,M,17,B,INDIGO,S,SW,Y
2882,612.52,N,Elder,F,15,A,INDIGO,M,MW,Y
2883,1038.07,N,Elder,F,15,C,MAGENTA,M,ME,N
2884,1262.15,N,Elder,M,22,C,BROWN,N,NE,N
2885,736.64,N,Elder,M,17,B,BROWN,M,MW,Y
2886,710.94,Y,Elder,F,16,B,MAGENTA,N,NE,Y
2887,776.56,N,Elder,F,17,B,BROWN,N,NW,Y
2888,795.95,N,Elder,F,18,B,BROWN,N,NE,Y
2889,653.63,N,Elder,M,19,A,MAGENTA,M,MW,N
2890,600.1,N,Elder,F,18,A,INDIGO,M,ME,N
2891,574.14,N,Elder,F,14,A,INDIGO,N,NE,Y
2892,580.76,N,Elder,F,16,A,INDIGO,N,NE,Y
2893,1143.17,N,Elder,M,18,C,MAGENTA,N,NW,N
2894,785.21,N,Elder,M,17,B,INDIGO,S,SW,N
2895,920.49,N,Elder,M,19,B,INDIGO,N,NW,Y
2896,1230.09,Y,Elder,M,20,C,INDIGO,S,SW,Y
2897,291.76,N,Elder,F,14,A,BROWN,S,SW,Y
2898,546.78,Y,Elder,M,14,B,BROWN,S,SE,Y
2899,1013.96,N,Elder,M,16,C,MAGENTA,N,NW,N
2900,791.49,N,Elder,F,14,B,BROWN,N,NW,N
2901,527.89,N,Young,F,11,A,INDIGO,S,SW,Y
2902,771.26,N,Elder,F,14,B,MAGENTA,M,ME,N
2903,638.36,N,Elder,F,19,A,MAGENTA,M,MW,N
2904,875.83,N,Elder,F,14,C,INDIGO,N,NW,N
2905,782.97,N,Elder,M,19,A,MAGENTA,M,MW,N
2906,898.4,Y,Elder,F,16,B,BROWN,N,NE,Y
2907,913.33,N,Elder,M,18,B,INDIGO,M,MW,N
2908,377.11,N,Elder,M,14,A,BROWN,M,MW,N
2909,1212.79,Y,Elder,F,16,C,BROWN,M,MW,N
2910,1361.53,Y,Young,M,13,D,BROWN,N,NW,Y
2911,1102.99,N,Elder,M,20,B,INDIGO,S,SW,Y
2912,584.74,N,Elder,M,17,A,MAGENTA,N,NW,N
2913,571.62,N,Elder,F,14,B,BROWN,M,MW,Y
2914,829.11,N,Elder,M,14,C,MAGENTA,S,SW,Y
2915,766.62,N,Young,F,15,B,MAGENTA,S,SW,N
2916,908.2,N,Elder,F,15,C,BROWN,N,NE,Y
2917,688.27,N,Elder,F,16,B,MAGENTA,M,MW,N
2918,179.95,N,Elder,M,12,A,PURPLE,M,ME,N
2919,1511.26,N,Elder,F,19,C,INDIGO,S,SW,Y
2920,202.73,N,Young,F,12,A,BROWN,M,ME,Y
2921,588.58,N,Elder,M,17,A,BROWN,N,NW,N
2922,489.3,N,Elder,F,15,A,INDIGO,M,MW,N
2923,1364.16,N,Elder,M,18,D,MAGENTA,N,NW,N
2924,506.87,N,Elder,F,16,A,INDIGO,N,NE,Y
2925,553.33,Y,Young,M,17,A,BROWN,S,SW,Y
2926,483.56,N,Elder,M,17,A,BROWN,N,NW,Y
2927,282.43,N,Elder,M,13,A,INDIGO,N,NW,N
2928,511.39,N,Elder,F,13,B,BROWN,N,NE,Y
2929,854.07,N,Elder,F,17,B,BROWN,S,SW,N
2930,1185.25,N,Young,F,16,C,MAGENTA,N,NE,N
2931,607.96,N,Elder,F,15,B,MAGENTA,S,SW,Y
2932,858.61,N,Elder,M,14,C,BROWN,N,NW,N
2933,1255.8,N,Elder,M,15,C,BROWN,N,NW,Y
2934,2035.32,Y,Young,M,16,C,PURPLE,N,NW,N
2935,1030.75,N,Elder,F,16,C,MAGENTA,M,MW,N
2936,716.56,N,Elder,M,17,B,INDIGO,N,NW,N
2937,449.8,Y,Elder,F,16,A,INDIGO,S,SE,Y
2938,956.41,N,Elder,M,14,C,BROWN,N,NW,N
2939,756.86,N,Young,M,17,B,INDIGO,M,ME,N
2940,702.29,N,Elder,F,16,B,INDIGO,N,NE,N
2941,922.23,Y,Elder,F,15,C,BROWN,S,SW,Y
2942,402.04,N,Young,M,11,B,BROWN,N,NW,Y
2943,939.79,N,Young,F,13,A,MAGENTA,N,NW,N
2944,885.84,N,Elder,M,15,C,INDIGO,N,NE,Y
2945,1173.48,N,Elder,F,18,C,INDIGO,N,NE,Y
2946,363.68,N,Elder,F,10,B,BROWN,S,SE,Y
2947,727.32,N,Elder,M,17,B,BROWN,N,NW,Y
2948,557.58,N,Elder,M,14,B,INDIGO,M,MW,N
2949,809.51,N,Elder,F,17,B,INDIGO,M,MW,N
2950,477.12,N,Elder,M,14,A,BROWN,N,NW,Y
2951,1245.59,Y,Elder,M,16,D,INDIGO,N,NE,Y
2952,741.88,N,Elder,M,17,B,INDIGO,N,NW,N
2953,452.32,N,Elder,F,15,A,BROWN,S,SW,N
2954,620.35,N,Elder,F,14,A,BROWN,S,SW,N
2955,821.67,N,Elder,M,16,B,BROWN,N,NE,Y
2956,1014.27,N,Young,F,18,B,BROWN,M,ME,Y
2957,623.57,N,Elder,M,18,A,INDIGO,S,SW,N
2958,1463.3,N,Elder,M,20,D,MAGENTA,M,ME,Y
2959,934.02,N,Elder,F,16,A,INDIGO,M,ME,N
2960,743.1,N,Elder,M,15,B,INDIGO,S,SE,N
2961,671.33,N,Elder,F,16,B,INDIGO,M,MW,N
2962,674.35,N,Elder,M,16,B,INDIGO,M,MW,N
2963,486.59,N,Elder,M,12,B,BROWN,S,SE,N
2964,1315.86,N,Elder,F,13,C,INDIGO,N,NE,Y
2965,719.7,N,Elder,M,14,B,MAGENTA,S,SE,N
2966,913.71,N,Elder,M,15,C,PURPLE,M,MW,N
2967,1004.42,N,Elder,M,17,C,INDIGO,N,NW,N
2968,724.39,N,Elder,M,17,B,BROWN,M,MW,Y
2969,438.23,N,Elder,F,16,A,BROWN,S,SE,N
2970,899.4,N,Elder,F,20,B,INDIGO,N,NW,Y
2971,1035.69,N,Elder,M,17,C,INDIGO,S,SW,Y
2972,841.99,N,Elder,M,17,B,MAGENTA,M,ME,N
2973,1752.57,N,Elder,M,17,B,INDIGO,N,NW,N
2974,943.55,N,Elder,F,15,B,INDIGO,M,MW,N
2975,1570.29,N,Elder,F,17,D,INDIGO,S,SW,Y
2976,769.16,N,Elder,M,16,B,MAGENTA,M,MW,N
2977,894.34,N,Elder,F,15,B,BROWN,S,SE,Y
2978,481.74,N,Elder,M,14,A,MAGENTA,M,ME,N
2979,1080.15,N,Elder,F,18,C,BROWN,N,NE,Y
2980,587.95,Y,Young,M,14,B,BROWN,M,ME,Y
2981,717.79,N,Elder,M,12,C,INDIGO,S,SW,N
2982,481.58,N,Elder,M,16,A,INDIGO,N,NW,N
2983,1472.7,N,Elder,M,25,B,INDIGO,M,ME,N
2984,818.41,N,Elder,M,15,B,INDIGO,S,SW,Y
2985,488.9,N,Elder,F,12,B,INDIGO,M,ME,Y
2986,529.37,N,Elder,F,10,B,INDIGO,M,ME,N
2987,1324.01,N,Elder,M,16,D,MAGENTA,M,MW,N
2988,555.68,N,Elder,F,13,B,INDIGO,S,SW,N
2989,833.73,N,Elder,M,18,B,BROWN,N,NW,N
2990,824.59,N,Elder,F,19,B,BROWN,S,SW,Y
2991,804.9,N,Elder,F,16,B,INDIGO,M,MW,Y
2992,609.48,N,Elder,F,15,B,MAGENTA,N,NE,N
2993,1213.54,N,Elder,F,21,B,INDIGO,N,NW,Y
2994,788.87,N,Elder,M,14,B,INDIGO,M,ME,Y
2995,766.84,N,Elder,F,17,B,INDIGO,S,SE,N
2996,484.32,N,Elder,F,16,A,MAGENTA,S,SE,Y
2997,560.49,N,Elder,F,14,B,BROWN,M,MW,Y
2998,493.41,N,Elder,M,18,A,MAGENTA,M,ME,Y
2999,873.04,N,Elder,F,18,B,INDIGO,M,MW,N
3000,1198.67,N,Elder,F,18,B,INDIGO,M,MW,N
3001,1028.89,N,Elder,F,18,B,INDIGO,N,NW,Y
3002,1427.59,N,Elder,M,19,D,INDIGO,S,SW,N
3003,556.71,N,Elder,F,13,B,INDIGO,M,ME,Y
3004,1323.31,Y,Elder,F,18,D,BROWN,M,MW,Y
3005,1118.55,N,Elder,F,17,C,MAGENTA,M,MW,Y
3006,1344.49,Y,Young,F,13,B,BROWN,N,NE,Y
3007,1295.31,N,Elder,M,13,A,MAGENTA,M,ME,Y
3008,636.81,N,Elder,M,15,B,INDIGO,S,SE,N
3009,763.36,N,Elder,M,15,B,BROWN,M,ME,N
3010,564.76,Y,Young,F,15,A,INDIGO,M,MW,Y
3011,843.98,N,Elder,M,15,B,PURPLE,M,ME,N
3012,759.08,N,Elder,F,15,B,MAGENTA,M,MW,Y
3013,993.73,N,Elder,F,16,C,BROWN,N,NE,N
3014,866.73,Y,Young,F,18,B,INDIGO,N,NE,Y
3015,290.32,N,Elder,M,13,A,INDIGO,N,NW,N
3016,801.09,N,Elder,F,18,B,INDIGO,N,NW,Y
3017,714.83,N,Elder,M,16,A,INDIGO,N,NW,Y
3018,383.01,N,Elder,M,16,A,BROWN,S,SE,Y
3019,564.9,N,Elder,M,14,B,BROWN,N,NW,Y
3020,1490.14,N,Elder,M,18,D,BROWN,S,SE,Y
3021,1053.58,N,Elder,M,20,B,BROWN,S,SW,Y
3022,1506.18,N,Elder,M,24,C,INDIGO,N,NE,N
3023,682.46,N,Elder,F,14,B,BROWN,N,NW,Y
3024,682.35,N,Elder,M,16,A,BROWN,N,NW,Y
3025,917.35,N,Elder,M,20,B,BROWN,M,MW,Y
3026,772.03,N,Elder,M,16,B,INDIGO,S,SE,Y
3027,1061.21,N,Elder,M,17,C,INDIGO,N,NE,Y
3028,607.15,N,Elder,F,15,A,BROWN,N,NE,Y
3029,1255.23,N,Young,M,17,B,INDIGO,S,SW,N
3030,718.53,N,Elder,F,15,B,BROWN,S,SW,Y
3031,940.88,N,Elder,M,15,B,BROWN,M,MW,Y
3032,701.01,N,Elder,F,14,B,MAGENTA,M,MW,N
3033,926.28,N,Elder,M,16,B,MAGENTA,M,ME,N
3034,1484.46,N,Elder,M,20,D,INDIGO,N,NE,N
3035,414.87,N,Elder,F,14,A,BROWN,N,NE,Y
3036,1523.62,N,Elder,F,13,D,MAGENTA,S,SE,Y
3037,1094.24,N,Elder,M,17,B,BROWN,N,NW,Y
3038,804.46,N,Elder,M,11,C,INDIGO,M,ME,N
3039,1069.21,N,Elder,M,15,C,MAGENTA,M,ME,N
3040,1089.78,N,Young,F,17,A,PURPLE,S,SW,N
3041,715.93,N,Elder,M,15,B,INDIGO,S,SW,Y
3042,738.74,Y,Elder,M,20,A,BROWN,S,SE,Y
3043,1141.77,Y,Elder,M,18,C,INDIGO,M,ME,Y
3044,1148.92,N,Elder,M,21,B,BROWN,M,MW,Y
3045,463.43,N,Elder,F,17,A,INDIGO,M,MW,Y
3046,357.79,N,Elder,M,14,A,INDIGO,M,ME,Y
3047,1042.1,N,Elder,F,22,B,BROWN,N,NE,Y
3048,1081.57,N,Elder,F,16,B,BROWN,N,NE,Y
3049,1000.92,N,Elder,M,16,B,BROWN,M,ME,Y
3050,423.96,Y,Elder,F,11,A,MAGENTA,N,NW,N
3051,993.59,N,Elder,F,16,C,BROWN,N,NE,N
3052,678.65,N,Elder,F,13,B,BROWN,M,ME,Y
3053,1021.51,N,Elder,M,21,B,INDIGO,N,NW,Y
3054,293.62,N,Elder,F,14,A,INDIGO,N,NE,N
3055,825.76,N,Elder,M,19,B,INDIGO,M,MW,N
3056,364.16,N,Elder,M,15,A,BROWN,M,ME,Y
3057,755.72,N,Elder,F,14,B,MAGENTA,N,NE,Y
3058,753.17,N,Elder,F,17,B,BROWN,S,SE,N
3059,890.81,N,Young,F,12,C,BROWN,M,MW,Y
3060,1001.71,N,Elder,M,16,C,BROWN,N,NE,N
3061,853.89,N,Elder,M,19,B,BROWN,M,MW,Y
3062,927.48,N,Elder,F,14,C,BROWN,S,SE,Y
3063,944.84,N,Elder,M,16,C,BROWN,M,MW,N
3064,696.2,N,Elder,M,16,B,INDIGO,S,SE,Y
3065,1087.76,N,Elder,M,14,B,INDIGO,M,ME,N
3066,500.22,Y,Young,M,13,B,BROWN,S,SE,Y
3067,1734.98,Y,Elder,F,14,D,BROWN,N,NW,Y
3068,1134.23,N,Elder,M,19,C,BROWN,N,NE,Y
3069,639.51,N,Young,F,12,B,INDIGO,S,SE,N
3070,347.48,N,Elder,F,13,A,BROWN,N,NW,Y
3071,951.57,N,Elder,F,13,C,INDIGO,S,SE,Y
3072,588.16,N,Young,M,15,A,PURPLE,M,MW,N
3073,879.81,N,Elder,M,20,B,MAGENTA,M,MW,Y
3074,795.02,Y,Elder,M,18,B,MAGENTA,N,NW,Y
3075,462.55,N,Elder,M,12,B,INDIGO,N,NW,N
3076,1300.84,N,Elder,M,17,D,INDIGO,S,SE,N
3077,670.44,Y,Young,M,16,B,BROWN,M,ME,Y
3078,1576.95,Y,Elder,F,15,B,MAGENTA,S,SW,Y
3079,1081.67,N,Elder,M,22,B,BROWN,N,NW,N
3080,659.03,N,Elder,M,16,B,BROWN,N,NW,Y
3081,1720.28,N,Elder,M,16,D,MAGENTA,N,NW,Y
3082,1277.88,N,Elder,M,17,D,BROWN,M,ME,Y
3083,997.24,N,Elder,M,17,C,INDIGO,N,NW,N
3084,1069.14,N,Elder,F,19,B,BROWN,M,ME,N
3085,420.49,Y,Elder,M,16,A,INDIGO,M,MW,Y
3086,979.05,N,Elder,M,19,B,BROWN,N,NW,N
3087,818.8,Y,Elder,F,14,C,INDIGO,S,SW,N
3088,820.49,Y,Elder,M,16,B,MAGENTA,S,SW,Y
3089,625.43,N,Elder,F,16,A,BROWN,N,NW,N
3090,761.23,N,Elder,M,17,B,BROWN,S,SE,Y
3091,455.39,N,Young,M,15,A,PURPLE,S,SE,N
3092,837.91,N,Elder,F,13,B,BROWN,S,SW,Y
3093,566.72,N,Elder,F,13,B,BROWN,N,NW,N
3094,1571.85,Y,Young,M,18,D,INDIGO,N,NW,Y
3095,1093.88,N,Elder,M,19,C,BROWN,N,NE,Y
3096,1506.79,N,Elder,F,17,D,INDIGO,N,NW,N
3097,994.01,N,Elder,F,16,B,INDIGO,N,NE,N
3098,891.76,N,Elder,F,15,C,INDIGO,N,NW,N
3099,1246.44,Y,Elder,M,14,C,BROWN,S,SE,N
3100,912.04,Y,Elder,M,13,C,BROWN,N,NE,Y
3101,1162.79,N,Young,M,14,C,BROWN,M,MW,N
3102,1120.01,N,Elder,M,16,B,MAGENTA,M,MW,N
3103,820.05,Y,Elder,M,14,B,INDIGO,M,MW,Y
3104,461.88,N,Elder,F,16,A,BROWN,N,NW,Y
3105,1075.31,N,Elder,M,18,A,MAGENTA,N,NE,N
3106,653.78,N,Elder,F,14,B,BROWN,M,ME,Y
3107,542.64,N,Elder,M,18,A,BROWN,S,SE,Y
3108,715.33,N,Elder,F,17,A,MAGENTA,M,ME,Y
3109,992.41,N,Elder,M,12,D,BROWN,N,NE,Y
3110,1030.33,N,Elder,M,20,B,PURPLE,S,SW,N
3111,1527.34,N,Elder,M,21,D,BROWN,N,NE,Y
3112,959.67,N,Elder,F,16,C,INDIGO,N,NW,Y
3113,259.87,N,Elder,M,13,A,INDIGO,M,MW,Y
3114,752.61,Y,Elder,M,17,B,BROWN,N,NW,Y
3115,658.68,N,Elder,F,14,B,MAGENTA,N,NE,N
3116,737.68,N,Elder,F,16,B,PURPLE,M,ME,N
3117,998.65,Y,Elder,M,15,C,BROWN,N,NW,Y
3118,690.85,Y,Elder,F,16,A,BROWN,S,SE,Y
3119,628.61,N,Elder,M,17,A,INDIGO,N,NE,N
3120,943.15,N,Elder,F,16,B,MAGENTA,S,SW,N
3121,491,N,Elder,M,14,A,INDIGO,N,NW,Y
3122,1215.98,N,Elder,M,20,B,BROWN,M,MW,Y
3123,1080.63,N,Elder,M,17,C,INDIGO,N,NE,Y
3124,391.64,N,Elder,F,16,A,BROWN,M,MW,Y
3125,1052.17,N,Elder,F,13,D,INDIGO,N,NW,Y
3126,887.61,N,Elder,F,18,A,BROWN,N,NW,Y
3127,992.09,N,Elder,F,17,C,BROWN,N,NW,Y
3128,994.32,N,Elder,F,11,B,MAGENTA,M,ME,N
3129,1351.09,N,Elder,F,13,C,BROWN,S,SE,N
3130,1100.71,N,Elder,M,16,C,INDIGO,N,NW,N
3131,769.97,N,Elder,M,17,B,BROWN,N,NW,N
3132,878.92,Y,Elder,M,15,B,INDIGO,M,MW,Y
3133,993.41,Y,Elder,F,16,C,MAGENTA,N,NW,Y
3134,815.35,N,Elder,M,17,B,MAGENTA,M,MW,N
3135,718.49,N,Elder,M,15,B,BROWN,M,MW,N
3136,901.22,Y,Young,M,15,C,INDIGO,N,NE,Y
3137,552.72,N,Elder,M,13,B,BROWN,N,NE,Y
3138,1930.42,N,Elder,M,20,B,BROWN,N,NW,N
3139,382.03,N,Elder,F,16,A,INDIGO,M,ME,Y
3140,1481.66,N,Elder,M,16,C,INDIGO,M,MW,N
3141,590.51,N,Elder,F,18,A,BROWN,M,ME,Y
3142,678.63,N,Elder,M,16,B,BROWN,S,SE,Y
3143,429.83,N,Elder,M,15,A,MAGENTA,N,NW,N
3144,727.69,Y,Elder,F,13,B,MAGENTA,N,NW,Y
3145,792.99,N,Elder,M,18,B,BROWN,M,MW,N
3146,653.82,N,Young,M,15,B,BROWN,M,MW,Y
3147,1196.61,N,Elder,M,20,C,INDIGO,N,NE,Y
3148,1001.36,N,Elder,M,21,B,INDIGO,N,NE,N
3149,625.4,N,Elder,M,15,B,INDIGO,M,ME,Y
3150,984.05,N,Elder,M,21,B,PURPLE,S,SE,N
3151,333.55,N,Elder,M,15,A,BROWN,N,NW,Y
3152,1290.67,N,Elder,F,18,C,MAGENTA,S,SW,N
3153,1098.39,Y,Elder,M,18,C,BROWN,N,NW,Y
3154,389.54,N,Elder,F,15,A,MAGENTA,S,SE,N
3155,1103.51,N,Elder,F,14,C,MAGENTA,M,MW,Y
3156,423.52,N,Elder,F,15,A,INDIGO,M,MW,Y
3157,398.52,N,Elder,M,16,A,BROWN,M,MW,N
3158,733,N,Elder,M,19,A,MAGENTA,S,SE,Y
3159,1014.27,N,Elder,M,17,C,BROWN,N,NW,Y
3160,626.51,N,Young,F,14,B,INDIGO,M,MW,N
3161,810.88,N,Young,M,13,C,BROWN,M,ME,Y
3162,1177.67,N,Elder,F,13,B,BROWN,M,ME,N
3163,1502,N,Elder,M,21,C,PURPLE,N,NE,N
3164,507.16,N,Elder,F,13,B,BROWN,M,MW,Y
3165,1011.33,N,Elder,M,16,C,INDIGO,M,MW,N
3166,497.56,N,Elder,M,13,B,MAGENTA,M,MW,Y
3167,671.26,N,Elder,M,16,B,MAGENTA,N,NE,Y
3168,1148.4,N,Elder,M,19,C,MAGENTA,N,NE,N
3169,711.87,N,Elder,M,13,A,PURPLE,N,NW,N
3170,356.11,N,Elder,M,14,A,BROWN,S,SW,Y
3171,676.84,N,Elder,M,14,B,MAGENTA,N,NE,N
3172,332.91,N,Elder,M,15,A,BROWN,M,ME,N
3173,790.35,N,Elder,M,18,B,INDIGO,M,ME,Y
3174,692.02,N,Young,F,11,C,INDIGO,N,NW,N
3175,581.7,N,Young,F,14,B,BROWN,N,NW,Y
3176,555.58,N,Elder,M,18,A,PURPLE,S,SE,N
3177,632.17,N,Elder,M,17,A,MAGENTA,M,ME,Y
3178,1118.25,Y,Elder,M,18,C,INDIGO,S,SE,Y
3179,709.21,N,Elder,F,17,B,BROWN,N,NW,Y
3180,573.8,N,Young,M,17,A,INDIGO,N,NE,N
3181,1355.86,N,Elder,M,18,D,PURPLE,M,MW,N
3182,1595.15,N,Elder,M,18,D,MAGENTA,M,MW,N
3183,710.67,Y,Young,M,15,B,BROWN,N,NW,Y
3184,550.09,N,Elder,F,12,B,INDIGO,N,NE,N
3185,681.62,N,Elder,M,17,A,MAGENTA,N,NW,N
3186,392.64,N,Elder,M,16,A,INDIGO,M,ME,N
3187,612.91,N,Elder,M,15,B,BROWN,S,SW,Y
3188,668.82,N,Elder,F,11,C,BROWN,S,SE,Y
3189,832.34,N,Elder,M,14,C,BROWN,S,SE,Y
3190,1164.87,Y,Young,M,19,C,BROWN,M,MW,Y
3191,626.38,N,Elder,M,14,B,BROWN,M,MW,Y
3192,435.71,N,Elder,F,15,A,BROWN,M,ME,Y
3193,993.66,N,Elder,F,17,C,PURPLE,N,NE,N
3194,540.73,N,Elder,F,12,B,BROWN,M,MW,Y
3195,1095.32,N,Elder,F,15,B,INDIGO,S,SW,N
3196,611.19,N,Elder,F,15,B,BROWN,M,MW,N
3197,325.25,Y,Elder,M,14,A,INDIGO,M,ME,N
3198,526.08,N,Elder,M,18,A,INDIGO,N,NW,N
3199,624.48,N,Elder,M,15,B,INDIGO,S,SE,Y
3200,278.42,N,Elder,M,14,A,INDIGO,M,MW,Y
3201,747.07,N,Elder,M,16,B,INDIGO,N,NW,Y
3202,889.87,N,Elder,F,20,B,MAGENTA,N,NW,N
3203,405.61,N,Elder,M,15,A,INDIGO,S,SE,Y
3204,779.28,Y,Elder,M,18,B,BROWN,M,ME,Y
3205,641.08,N,Elder,F,14,A,BROWN,M,MW,N
3206,1306.15,N,Elder,M,20,B,BROWN,N,NW,N
3207,1704.78,N,Elder,M,19,D,BROWN,M,ME,N
3208,669.67,N,Elder,M,16,B,MAGENTA,M,MW,Y
3209,324.82,N,Elder,M,14,A,INDIGO,M,MW,Y
3210,777.95,N,Elder,M,18,B,INDIGO,S,SW,N
3211,1566.86,N,Elder,M,16,D,BROWN,M,MW,Y
3212,668.98,N,Elder,M,16,B,INDIGO,N,NW,Y
3213,886.49,N,Elder,F,19,B,BROWN,S,SW,Y
3214,400.6,N,Young,F,10,B,BROWN,M,MW,Y
3215,945.28,N,Elder,M,18,B,INDIGO,S,SW,Y
3216,937.92,N,Elder,M,15,C,INDIGO,S,SW,N
3217,968.38,N,Elder,M,15,C,BROWN,S,SE,Y
3218,732.5,N,Elder,F,16,B,BROWN,N,NW,Y
3219,985.45,N,Elder,M,21,B,BROWN,N,NE,Y
3220,1137.17,N,Elder,M,17,C,BROWN,S,SE,Y
3221,393.4,N,Elder,M,16,A,MAGENTA,N,NE,N
3222,487.97,N,Elder,M,17,A,BROWN,M,MW,Y
3223,571.55,N,Young,F,14,B,BROWN,S,SE,Y
3224,950.37,N,Elder,M,20,B,INDIGO,N,NE,Y
3225,1206.29,Y,Elder,M,21,C,PURPLE,N,NW,N
3226,1887.96,N,Elder,M,20,A,INDIGO,S,SE,Y
3227,796.21,N,Elder,F,13,C,PURPLE,M,MW,N
3228,560.54,N,Elder,M,14,B,BROWN,N,NW,Y
3229,209.51,N,Elder,F,12,A,MAGENTA,N,NE,N
3230,370.34,N,Elder,M,15,A,MAGENTA,N,NE,N
3231,1328.18,N,Elder,M,21,A,INDIGO,S,SE,Y
3232,977.54,N,Elder,F,16,B,INDIGO,M,ME,N
3233,490.08,N,Elder,M,18,A,BROWN,M,MW,Y
3234,1122.11,N,Elder,M,18,C,INDIGO,N,NW,N
3235,1110.84,N,Elder,M,17,C,MAGENTA,S,SE,N
3236,690.92,N,Elder,M,18,A,BROWN,M,ME,Y
3237,735.68,N,Elder,M,17,B,BROWN,M,MW,Y
3238,552.86,N,Elder,F,14,B,BROWN,N,NE,Y
3239,906.56,Y,Young,F,17,B,BROWN,S,SE,Y
3240,951.57,N,Elder,F,18,B,INDIGO,N,NW,N
3241,995.89,N,Elder,F,20,B,MAGENTA,M,ME,N
3242,505.13,Y,Young,M,13,B,MAGENTA,N,NW,Y
3243,426.67,N,Elder,F,14,A,BROWN,M,ME,N
3244,1135.29,N,Elder,F,17,C,INDIGO,M,ME,Y
3245,709.75,N,Elder,F,14,B,MAGENTA,S,SE,N
3246,993.94,Y,Elder,M,17,C,BROWN,N,NE,Y
3247,526.66,N,Elder,F,17,A,BROWN,M,MW,N
3248,477.84,N,Elder,M,17,A,MAGENTA,N,NW,N
3249,552.97,N,Elder,F,11,B,INDIGO,N,NE,N
3250,522.5,N,Elder,F,18,A,INDIGO,N,NW,N
3251,941.81,N,Elder,F,17,B,BROWN,N,NW,Y
3252,1066.44,N,Elder,M,17,C,BROWN,N,NE,Y
3253,332.63,Y,Elder,F,14,A,BROWN,S,SE,Y
3254,808.72,N,Elder,M,11,C,INDIGO,N,NE,Y
3255,559.97,N,Elder,M,14,B,MAGENTA,N,NE,N
3256,502.82,N,Elder,M,18,A,BROWN,S,SW,Y
3257,494.89,N,Elder,F,13,B,MAGENTA,N,NE,Y
3258,1056.8,N,Elder,F,18,A,BROWN,M,MW,N
3259,681.91,N,Elder,F,15,B,INDIGO,M,MW,N
3260,1336.81,N,Elder,F,17,D,MAGENTA,N,NW,Y
3261,1139.85,N,Elder,F,19,B,BROWN,N,NW,N
3262,419.15,N,Elder,M,16,A,BROWN,S,SW,Y
3263,666.53,N,Elder,F,16,B,INDIGO,M,MW,Y
3264,986.93,N,Elder,F,17,C,MAGENTA,N,NW,N
3265,993.69,N,Elder,M,19,B,MAGENTA,N,NE,Y
3266,1294.4,N,Elder,M,17,C,BROWN,S,SW,N
3267,757.55,N,Elder,F,15,B,BROWN,N,NW,Y
3268,1292.23,Y,Young,F,16,D,PURPLE,M,ME,N
3269,883.47,N,Elder,F,15,C,INDIGO,N,NE,Y
3270,876.41,N,Elder,M,17,B,MAGENTA,N,NW,N
3271,911.32,N,Elder,M,14,C,BROWN,S,SE,Y
3272,962.19,N,Young,M,16,C,INDIGO,M,ME,N
3273,767.69,N,Elder,M,18,B,BROWN,M,MW,Y
3274,679.68,N,Elder,M,16,B,BROWN,N,NW,Y
3275,1024.49,Y,Elder,M,17,C,INDIGO,S,SW,Y
3276,303.87,N,Elder,M,13,A,BROWN,N,NW,Y
3277,661.48,N,Elder,M,18,A,BROWN,S,SW,N
3278,1261.6,Y,Elder,M,15,D,INDIGO,N,NE,Y
3279,673.64,Y,Young,M,15,B,INDIGO,M,ME,Y
3280,932.41,N,Elder,M,19,B,BROWN,M,ME,Y
3281,642.37,N,Elder,M,15,A,MAGENTA,S,SE,Y
3282,1119.05,Y,Elder,M,16,C,BROWN,N,NW,Y
3283,614.98,N,Elder,M,14,B,BROWN,N,NW,Y
3284,1255.48,Y,Young,F,14,A,INDIGO,M,ME,N
3285,257.64,N,Elder,M,13,A,INDIGO,M,MW,Y
3286,713.78,N,Elder,F,15,B,BROWN,N,NE,Y
3287,1026.89,N,Elder,F,18,A,BROWN,M,MW,N
3288,834.65,N,Elder,M,17,B,INDIGO,N,NW,Y
3289,751.95,N,Elder,M,21,A,INDIGO,N,NE,N
3290,346.84,N,Young,M,13,A,INDIGO,M,MW,N
3291,617.23,N,Elder,F,15,B,MAGENTA,M,MW,N
3292,499.59,N,Elder,M,17,A,MAGENTA,M,ME,N
3293,716.29,N,Elder,F,17,B,INDIGO,N,NE,Y
3294,722.82,N,Elder,M,16,B,INDIGO,N,NW,N
3295,562.28,N,Young,F,14,B,BROWN,S,SW,Y
3296,977.29,N,Elder,M,17,B,PURPLE,M,ME,N
3297,1682.83,N,Elder,M,15,A,MAGENTA,S,SW,Y
3298,739.16,N,Elder,M,17,B,INDIGO,M,ME,Y
3299,1260.23,N,Elder,F,15,D,PURPLE,N,NW,N
3300,779.63,N,Young,F,18,B,MAGENTA,M,MW,N
3301,536.99,N,Elder,F,18,A,MAGENTA,S,SW,N
3302,846.74,N,Elder,M,14,C,INDIGO,S,SW,Y
3303,334.24,N,Elder,M,15,A,INDIGO,N,NW,Y
3304,510.44,N,Elder,M,11,B,BROWN,N,NW,N
3305,1148.38,N,Elder,M,17,C,MAGENTA,N,NE,N
3306,899.15,N,Elder,F,20,B,MAGENTA,N,NW,N
3307,981.38,N,Elder,F,13,B,PURPLE,N,NW,N
3308,734.14,N,Elder,F,17,B,PURPLE,N,NW,N
3309,1231.75,N,Elder,F,22,B,INDIGO,S,SW,N
3310,336.74,N,Elder,M,13,A,BROWN,N,NW,Y
3311,439.23,Y,Elder,F,17,A,BROWN,S,SW,Y
3312,806.1,N,Elder,F,14,B,INDIGO,M,ME,Y
3313,729.01,N,Elder,M,16,B,INDIGO,M,MW,Y
3314,933.75,Y,Elder,M,12,C,MAGENTA,S,SE,N
3315,1197.59,N,Elder,M,20,A,INDIGO,N,NW,N
3316,397.24,N,Elder,M,15,A,INDIGO,N,NW,Y
3317,759.41,N,Elder,F,16,B,INDIGO,N,NE,N
3318,889.05,Y,Young,M,19,B,BROWN,M,MW,Y
3319,905.59,N,Elder,F,16,B,INDIGO,N,NW,Y
3320,1026.48,N,Elder,M,16,C,MAGENTA,M,MW,N
3321,1011.7,N,Elder,M,21,A,INDIGO,M,MW,Y
3322,1057.53,N,Elder,F,20,B,MAGENTA,N,NW,Y
3323,850.92,N,Young,F,14,B,MAGENTA,N,NE,N
3324,1332.37,N,Elder,F,17,D,INDIGO,M,MW,N
3325,370.6,N,Elder,M,15,A,BROWN,N,NW,N
3326,1033.47,N,Elder,M,17,C,BROWN,S,SE,Y
3327,892.14,N,Elder,M,19,B,BROWN,S,SE,N
3328,974.74,N,Elder,M,14,C,MAGENTA,M,MW,N
3329,1243.84,N,Elder,M,15,C,INDIGO,S,SE,Y
3330,1471.34,Y,Elder,M,14,D,BROWN,S,SE,Y
3331,470.58,N,Elder,M,15,A,INDIGO,N,NW,N
3332,751.06,N,Elder,F,15,B,BROWN,M,ME,Y
3333,717.04,N,Young,F,15,B,BROWN,M,ME,Y
3334,655.1,N,Elder,F,15,B,INDIGO,S,SE,Y
3335,926.09,N,Elder,F,13,B,PURPLE,M,MW,N
3336,1117.81,Y,Elder,F,18,B,BROWN,N,NW,Y
3337,986.65,N,Elder,M,22,B,BROWN,S,SW,Y
3338,573.43,N,Elder,M,14,B,MAGENTA,M,MW,Y
3339,491.76,N,Elder,M,18,A,INDIGO,M,ME,N
3340,858.37,N,Elder,M,19,B,BROWN,N,NW,Y
3341,449.02,N,Elder,F,15,A,INDIGO,M,MW,Y
3342,548,N,Elder,F,18,A,BROWN,N,NW,Y
3343,262.4,N,Young,M,13,A,INDIGO,S,SE,Y
3344,684.44,N,Elder,M,16,B,BROWN,N,NE,Y
3345,832.82,Y,Young,F,19,B,MAGENTA,S,SE,Y
3346,841.58,N,Elder,M,13,C,MAGENTA,M,MW,Y
3347,923.62,Y,Elder,F,18,B,MAGENTA,M,ME,Y
3348,863.94,N,Elder,M,17,B,BROWN,M,MW,N
3349,1196.29,N,Elder,M,14,C,MAGENTA,S,SE,Y
3350,851.36,N,Elder,M,19,B,MAGENTA,N,NW,N
3351,823.86,N,Elder,M,19,B,BROWN,M,MW,N
3352,866.66,N,Elder,F,18,B,BROWN,N,NW,Y
3353,259.06,N,Elder,M,13,A,INDIGO,N,NE,N
3354,1009.01,N,Young,M,11,C,INDIGO,N,NW,N
3355,356.13,Y,Young,M,14,A,INDIGO,N,NE,Y
3356,441.08,N,Elder,M,12,B,PURPLE,N,NW,N
3357,874.09,N,Elder,M,18,A,BROWN,S,SE,Y
3358,1063.69,N,Elder,M,18,C,INDIGO,N,NW,Y
3359,529.27,N,Elder,F,17,A,INDIGO,S,SW,Y
3360,844.6,N,Elder,F,13,C,BROWN,S,SW,Y
3361,548.15,N,Elder,F,14,B,MAGENTA,S,SW,Y
3362,1431.91,N,Elder,F,14,C,MAGENTA,M,ME,N
3363,682.61,N,Elder,M,16,B,MAGENTA,S,SW,N
3364,1267.61,N,Elder,F,20,C,BROWN,M,MW,Y
3365,538,N,Elder,F,17,A,BROWN,N,NE,Y
3366,1012.53,N,Young,M,18,B,BROWN,N,NE,Y
3367,824.86,Y,Elder,F,14,C,INDIGO,N,NE,N
3368,502.56,N,Elder,M,18,A,PURPLE,N,NW,N
3369,1136.38,N,Elder,M,19,B,BROWN,N,NW,Y
3370,898.5,N,Elder,F,15,C,BROWN,M,MW,Y
3371,1459.46,N,Elder,F,14,B,BROWN,N,NE,Y
3372,921.3,N,Elder,F,19,A,BROWN,N,NW,N
3373,427.24,N,Elder,M,15,A,INDIGO,S,SW,Y
3374,398.88,Y,Young,M,16,A,INDIGO,N,NW,Y
3375,584.27,N,Elder,F,19,A,BROWN,S,SE,N
3376,659.83,N,Elder,M,17,A,MAGENTA,M,MW,N
3377,573.96,N,Elder,F,14,B,BROWN,M,MW,Y
3378,811.69,N,Elder,F,18,B,BROWN,M,MW,Y
3379,767.48,N,Elder,M,16,B,MAGENTA,N,NW,Y
3380,173.62,N,Elder,F,12,A,BROWN,M,MW,Y
3381,794.26,N,Elder,M,13,B,BROWN,M,ME,Y
3382,947.04,N,Elder,F,16,C,INDIGO,S,SW,N
3383,741.94,N,Elder,M,13,B,BROWN,N,NW,Y
3384,776.82,N,Elder,M,18,B,MAGENTA,S,SE,N
3385,1115.2,N,Elder,F,24,A,BROWN,N,NW,N
3386,750.73,N,Elder,F,12,C,INDIGO,S,SW,N
3387,990.11,Y,Elder,F,19,B,INDIGO,N,NW,Y
3388,991.9,N,Elder,M,22,B,INDIGO,N,NE,N
3389,914.31,N,Elder,M,12,C,MAGENTA,N,NW,N
3390,489.08,N,Elder,M,17,A,INDIGO,N,NW,Y
3391,234.05,Y,Elder,F,13,A,INDIGO,N,NW,Y
3392,508.52,N,Elder,M,18,A,MAGENTA,N,NW,N
3393,451.17,N,Elder,M,14,A,MAGENTA,N,NE,N
3394,1066.43,N,Elder,M,21,B,MAGENTA,M,ME,N
3395,1394.76,N,Elder,M,15,C,MAGENTA,S,SW,N
3396,676.46,N,Elder,F,18,A,INDIGO,N,NE,Y
3397,580.99,Y,Young,F,14,B,INDIGO,N,NW,N
3398,494.58,Y,Elder,M,18,A,BROWN,N,NW,Y
3399,450.5,N,Elder,F,14,A,BROWN,N,NE,Y
3400,905.78,N,Elder,M,19,A,MAGENTA,S,SE,N
3401,970.73,N,Elder,M,18,B,INDIGO,N,NE,N
3402,909.08,N,Elder,M,15,C,INDIGO,M,ME,Y
3403,692.31,N,Elder,F,16,B,INDIGO,S,SE,N
3404,566.37,N,Elder,F,18,A,BROWN,S,SE,Y
3405,1335.1,N,Elder,M,18,D,INDIGO,N,NW,N
3406,762.08,N,Elder,M,17,B,INDIGO,S,SW,N
3407,722.35,N,Elder,M,17,B,MAGENTA,M,MW,Y
3408,444.73,N,Elder,F,16,A,INDIGO,S,SE,N
3409,890.05,N,Young,F,15,B,INDIGO,M,MW,Y
3410,1053.22,Y,Elder,F,12,C,MAGENTA,N,NE,Y
3411,779.59,N,Elder,F,16,B,BROWN,M,MW,Y
3412,1646.34,N,Elder,F,19,B,BROWN,S,SW,Y
3413,915.55,N,Elder,M,20,B,BROWN,S,SE,N
3414,376.17,N,Elder,F,13,A,BROWN,N,NW,Y
3415,1086.56,N,Elder,M,16,B,BROWN,N,NE,Y
3416,1240.9,N,Elder,M,19,C,BROWN,M,MW,Y
3417,447.2,N,Elder,M,17,A,INDIGO,S,SW,Y
3418,273.68,N,Elder,M,13,A,BROWN,M,MW,N
3419,508.23,N,Young,M,13,A,INDIGO,M,ME,N
3420,390.59,N,Elder,F,16,A,INDIGO,N,NW,N
3421,646.9,N,Elder,M,15,B,INDIGO,M,ME,Y
3422,496.23,N,Elder,M,16,A,PURPLE,S,SW,N
3423,731.35,N,Young,F,15,A,INDIGO,N,NW,N
3424,742.18,N,Elder,F,17,B,MAGENTA,S,SE,N
3425,802.25,N,Elder,M,18,A,MAGENTA,N,NW,Y
3426,405.08,N,Elder,F,16,A,INDIGO,M,ME,N
3427,881.72,Y,Young,F,16,B,BROWN,M,MW,Y
3428,1176.2,N,Elder,M,15,D,BROWN,N,NE,Y
3429,809.74,Y,Elder,M,18,B,INDIGO,M,MW,Y
3430,929.33,N,Elder,M,19,B,INDIGO,N,NE,Y
3431,525.46,Y,Elder,M,17,A,INDIGO,S,SE,Y
3432,728.27,N,Elder,M,16,B,BROWN,S,SW,Y
3433,312.7,N,Elder,M,13,A,INDIGO,N,NW,N
3434,591.97,N,Elder,M,14,B,INDIGO,M,MW,N
3435,659.8,N,Elder,M,15,B,INDIGO,N,NW,Y
3436,448.44,N,Elder,M,16,A,INDIGO,S,SE,N
3437,989.66,N,Elder,M,17,C,BROWN,N,NE,Y
3438,667.49,N,Young,M,11,C,PURPLE,N,NW,N
3439,348.99,N,Elder,M,15,A,BROWN,N,NW,Y
3440,739.67,N,Elder,F,13,A,INDIGO,M,MW,Y
3441,865.53,N,Elder,F,13,B,BROWN,M,ME,Y
3442,441.04,N,Elder,M,14,A,BROWN,M,ME,Y
3443,876.85,N,Elder,M,15,C,INDIGO,M,MW,N
3444,452.36,N,Elder,F,14,A,BROWN,M,MW,Y
3445,1118.37,Y,Elder,F,13,C,INDIGO,N,NE,Y
3446,1042.23,N,Elder,M,18,C,MAGENTA,N,NW,N
3447,625.74,N,Elder,M,18,A,BROWN,N,NW,Y
3448,836.43,N,Elder,F,14,C,INDIGO,N,NE,Y
3449,787.56,N,Elder,M,16,B,BROWN,M,ME,Y
3450,804.81,N,Elder,F,17,B,INDIGO,M,MW,Y
3451,960.15,N,Elder,F,16,B,BROWN,S,SW,N
3452,1297.49,N,Elder,M,21,B,INDIGO,N,NW,Y
3453,797.14,N,Elder,M,18,B,MAGENTA,M,MW,N
3454,947.38,N,Elder,M,16,B,INDIGO,M,ME,Y
3455,652.73,N,Elder,F,15,A,BROWN,N,NE,Y
3456,1035.79,N,Elder,M,16,B,MAGENTA,M,MW,N
3457,1190.58,N,Elder,F,20,C,BROWN,N,NW,Y
3458,1091.8,N,Elder,M,23,B,PURPLE,S,SW,N
3459,1019.59,N,Elder,M,17,A,BROWN,M,ME,Y
3460,667.58,N,Elder,F,16,B,INDIGO,N,NE,Y
3461,627.21,N,Elder,M,19,A,INDIGO,M,ME,Y
3462,373,N,Elder,M,14,A,MAGENTA,M,ME,N
3463,900.79,N,Elder,M,14,B,BROWN,N,NW,Y
3464,690.41,Y,Young,F,19,A,INDIGO,N,NW,Y
3465,944.67,N,Elder,F,21,B,INDIGO,N,NE,Y
3466,353.88,N,Elder,M,15,A,BROWN,S,SW,N
3467,547.91,N,Elder,M,14,B,MAGENTA,S,SE,N
3468,558.29,N,Elder,M,14,B,PURPLE,N,NW,N
3469,845.77,Y,Elder,M,14,C,INDIGO,S,SW,Y
3470,1037.1,N,Elder,F,20,B,BROWN,N,NE,Y
3471,690.32,N,Elder,F,12,B,INDIGO,M,ME,Y
3472,882.3,N,Elder,M,15,C,INDIGO,M,ME,N
3473,623.99,N,Young,F,15,B,INDIGO,M,MW,N
3474,856.11,N,Elder,F,20,A,BROWN,N,NE,Y
3475,1111.37,N,Elder,M,23,B,BROWN,M,MW,Y
3476,442.28,N,Elder,M,16,A,BROWN,S,SE,Y
3477,1028.12,N,Elder,M,18,B,MAGENTA,M,MW,N
3478,1157.25,N,Elder,M,14,D,INDIGO,N,NW,Y
3479,493.16,N,Elder,F,18,A,BROWN,N,NW,Y
3480,1502.09,N,Elder,M,19,D,INDIGO,S,SW,Y
3481,568.28,Y,Young,M,13,B,INDIGO,M,ME,Y
3482,996.32,N,Elder,M,13,C,MAGENTA,N,NW,N
3483,688.88,N,Elder,M,16,A,BROWN,M,ME,Y
3484,605.81,Y,Elder,M,14,B,BROWN,S,SW,Y
3485,780.71,N,Elder,F,13,C,BROWN,N,NE,Y
3486,533.16,N,Elder,F,17,A,BROWN,N,NW,Y
3487,1039.84,N,Young,F,16,C,BROWN,M,MW,N
3488,263.65,N,Elder,F,13,A,BROWN,S,SW,Y
3489,668.58,N,Young,F,14,B,MAGENTA,S,SE,N
3490,1279.46,N,Elder,M,18,C,BROWN,M,ME,Y
3491,1147.92,N,Elder,F,20,C,BROWN,M,ME,Y
3492,1291.92,N,Elder,M,17,C,MAGENTA,N,NE,N
3493,293.76,N,Elder,M,14,A,INDIGO,N,NE,Y
3494,800.3,Y,Young,M,13,C,INDIGO,N,NW,Y
3495,1988.75,N,Elder,F,21,B,BROWN,M,MW,Y
3496,238.27,N,Elder,M,13,A,BROWN,N,NE,Y
3497,558.31,N,Elder,M,19,A,BROWN,S,SE,N
3498,427.74,N,Elder,F,15,A,MAGENTA,M,MW,N
3499,948.61,N,Elder,F,14,C,INDIGO,M,MW,N
3500,825.22,N,Elder,M,13,B,BROWN,N,NE,N
3501,696.58,N,Elder,M,19,A,INDIGO,N,NE,N
3502,2013.33,N,Elder,M,18,A,PURPLE,S,SE,N
3503,1020.87,N,Elder,M,16,B,BROWN,N,NW,Y
3504,983.05,N,Elder,F,15,C,BROWN,M,MW,Y
3505,810.33,Y,Young,M,18,B,BROWN,M,ME,Y
3506,826.02,N,Elder,F,14,C,BROWN,M,MW,Y
3507,1027.71,N,Elder,M,17,C,BROWN,M,MW,Y
3508,708.6,N,Elder,M,16,B,MAGENTA,S,SW,N
3509,924.22,N,Elder,M,19,B,MAGENTA,S,SE,N
3510,1609.89,N,Elder,F,14,C,BROWN,M,ME,N
3511,551.82,N,Elder,M,19,A,BROWN,S,SW,Y
3512,1301.01,N,Elder,F,17,D,BROWN,N,NW,Y
3513,712.89,N,Elder,M,14,B,MAGENTA,N,NW,Y
3514,353.78,N,Elder,M,13,A,MAGENTA,M,ME,N
3515,682.78,N,Elder,F,16,B,INDIGO,M,MW,Y
3516,1161.69,N,Elder,F,19,C,INDIGO,S,SE,Y
3517,1051.56,Y,Elder,M,19,B,INDIGO,N,NW,Y
3518,645.58,N,Elder,F,15,B,INDIGO,N,NW,Y
3519,1084.44,N,Elder,M,19,B,BROWN,N,NW,N
3520,1660.43,N,Elder,M,22,C,BROWN,S,SE,Y
3521,718.78,N,Elder,M,16,B,INDIGO,S,SE,N
3522,351.12,N,Elder,M,15,A,INDIGO,S,SE,N
3523,389.86,N,Elder,F,14,A,BROWN,S,SE,N
3524,1040.53,N,Elder,M,22,B,BROWN,N,NE,Y
3525,281.88,N,Elder,M,14,A,BROWN,S,SE,Y
3526,1032.55,N,Elder,M,13,C,BROWN,N,NW,Y
3527,1628.65,N,Elder,M,15,C,MAGENTA,N,NE,Y
3528,551.31,N,Elder,M,19,A,INDIGO,N,NE,Y
3529,1277.34,N,Elder,M,21,C,BROWN,M,MW,Y
3530,532.61,N,Elder,F,15,A,PURPLE,N,NE,N
3531,545.09,N,Elder,F,14,B,INDIGO,N,NW,Y
3532,436.55,Y,Young,F,16,A,BROWN,N,NE,Y
3533,740.39,N,Elder,F,16,B,INDIGO,N,NE,N
3534,609.18,N,Elder,M,15,B,MAGENTA,S,SE,Y
3535,694.94,N,Elder,F,16,B,MAGENTA,S,SE,Y
3536,1428.09,N,Elder,M,23,C,MAGENTA,N,NW,N
3537,1403.47,N,Elder,F,18,D,BROWN,N,NE,Y
3538,976.24,N,Elder,M,24,A,INDIGO,N,NW,N
3539,537.8,N,Elder,M,14,A,INDIGO,N,NW,N
3540,1095.95,N,Elder,M,19,C,BROWN,S,SE,Y
3541,917.93,Y,Elder,M,20,B,INDIGO,N,NE,Y
3542,86.77,N,Young,F,9,A,BROWN,M,MW,Y
3543,623.94,N,Elder,F,15,B,MAGENTA,N,NW,N
3544,687.72,N,Elder,F,16,A,BROWN,N,NE,Y
3545,1481.03,Y,Young,M,15,D,BROWN,M,MW,Y
3546,806.26,N,Elder,M,17,B,BROWN,M,MW,Y
3547,1163.64,Y,Young,F,13,B,MAGENTA,M,MW,N
3548,475.54,N,Elder,F,13,A,INDIGO,S,SW,Y
3549,318.19,N,Elder,M,14,A,INDIGO,M,ME,Y
3550,1083.08,N,Elder,F,17,C,BROWN,N,NW,Y
3551,525.63,N,Young,F,17,A,BROWN,S,SW,Y
3552,894.64,N,Elder,M,20,B,MAGENTA,M,MW,Y
3553,697.45,N,Elder,F,11,C,INDIGO,N,NW,N
3554,996,N,Elder,M,16,C,INDIGO,N,NW,Y
3555,1044.16,N,Elder,F,15,C,BROWN,N,NW,N
3556,1042.34,N,Elder,F,17,C,MAGENTA,S,SE,N
3557,1209.29,N,Elder,M,16,D,BROWN,N,NE,Y
3558,628.85,N,Elder,M,14,B,BROWN,N,NE,Y
3559,879.41,N,Elder,M,12,C,MAGENTA,M,MW,N
3560,740.1,Y,Elder,M,17,B,BROWN,N,NW,Y
3561,352.82,N,Elder,F,14,A,INDIGO,N,NE,Y
3562,529.09,Y,Elder,F,11,B,BROWN,N,NW,Y
3563,1177.71,N,Elder,M,16,C,BROWN,M,ME,Y
3564,1156.94,N,Elder,M,17,C,INDIGO,M,ME,Y
3565,464.53,N,Elder,F,17,A,INDIGO,N,NW,Y
3566,971.11,N,Elder,M,20,B,MAGENTA,S,SE,N
3567,179.22,N,Elder,M,12,A,BROWN,S,SW,Y
3568,817.24,N,Young,M,17,B,MAGENTA,M,ME,N
3569,601.57,N,Elder,M,16,A,BROWN,M,ME,Y
3570,189.06,N,Elder,F,12,A,BROWN,M,ME,N
3571,672,N,Elder,F,13,B,BROWN,M,MW,N
3572,703.18,N,Elder,M,14,B,INDIGO,M,ME,N
3573,842.94,N,Elder,F,19,B,BROWN,M,MW,N
3574,1009.23,N,Young,F,22,B,BROWN,S,SW,Y
3575,288.35,N,Elder,M,12,A,MAGENTA,N,NE,Y
3576,1146.54,N,Elder,M,17,B,MAGENTA,M,ME,N
3577,1093.04,Y,Elder,M,13,D,MAGENTA,M,MW,N
3578,579.5,N,Elder,M,14,B,MAGENTA,M,MW,N
3579,959.45,Y,Elder,M,15,C,PURPLE,N,NE,N
3580,520.21,N,Elder,F,13,B,BROWN,S,SW,N
3581,438.97,N,Elder,M,17,A,MAGENTA,S,SE,N
3582,502.72,N,Young,F,17,A,MAGENTA,S,SW,N
3583,437,N,Elder,F,17,A,MAGENTA,M,MW,N
3584,1009.12,N,Elder,F,20,B,INDIGO,M,ME,Y
3585,220.49,N,Elder,M,13,A,MAGENTA,N,NE,Y
3586,2128.82,N,Elder,M,20,C,INDIGO,N,NE,N
3587,507.11,N,Elder,F,13,B,MAGENTA,N,NW,Y
3588,602.44,N,Elder,F,14,B,BROWN,N,NE,Y
3589,1879.49,N,Elder,M,16,B,MAGENTA,S,SW,Y
3590,880.69,N,Elder,M,14,C,INDIGO,N,NW,Y
3591,1120.93,N,Elder,F,18,B,MAGENTA,M,MW,N
3592,356.7,N,Elder,F,15,A,BROWN,S,SE,Y
3593,401.42,N,Elder,M,16,A,INDIGO,M,ME,N
3594,491.61,N,Elder,M,16,A,BROWN,N,NE,N
3595,1034.07,Y,Elder,M,17,C,BROWN,M,ME,Y
3596,279.47,Y,Young,F,13,A,BROWN,N,NE,Y
3597,661.46,N,Elder,M,10,C,BROWN,N,NE,Y
3598,834.27,N,Elder,M,20,A,INDIGO,N,NW,Y
3599,544.08,N,Elder,F,19,A,MAGENTA,M,MW,N
3600,723.48,N,Young,F,13,B,BROWN,M,MW,Y
3601,949.29,Y,Young,F,15,C,BROWN,S,SE,N
3602,940.55,N,Elder,F,15,B,BROWN,N,NW,Y
3603,927.61,N,Elder,M,20,B,INDIGO,S,SW,N
3604,385.44,N,Elder,M,15,A,BROWN,S,SW,Y
3605,737.55,N,Elder,M,19,A,BROWN,S,SW,Y
3606,963.7,N,Elder,M,15,B,BROWN,S,SE,N
3607,1231.16,N,Elder,M,20,B,MAGENTA,M,ME,N
3608,861.61,N,Elder,F,19,A,BROWN,M,ME,Y
3609,1234.55,Y,Young,F,13,C,INDIGO,M,ME,Y
3610,723.51,N,Elder,F,16,A,BROWN,M,ME,Y
3611,395.31,N,Elder,F,15,A,INDIGO,S,SW,Y
3612,538.67,N,Elder,M,15,A,BROWN,M,MW,N
3613,353.52,N,Elder,F,15,A,INDIGO,N,NE,Y
3614,843.52,N,Young,M,13,B,INDIGO,N,NW,Y
3615,705.01,Y,Elder,F,15,B,BROWN,N,NW,Y
3616,934.51,N,Elder,F,19,B,INDIGO,M,MW,N
3617,639.41,N,Elder,F,14,B,BROWN,N,NW,Y
3618,969.29,N,Elder,F,11,B,INDIGO,N,NE,N
3619,571.02,N,Elder,M,14,B,BROWN,M,ME,Y
3620,546.3,N,Elder,F,17,A,INDIGO,N,NE,N
3621,711.57,N,Elder,M,17,B,BROWN,M,MW,Y
3622,1154.49,N,Elder,M,13,C,BROWN,M,MW,Y
3623,819.57,N,Elder,M,17,A,MAGENTA,N,NW,N
3624,820.41,N,Elder,M,18,B,BROWN,M,MW,Y
3625,537.91,N,Elder,M,12,B,INDIGO,M,MW,Y
3626,589.36,N,Elder,F,15,A,INDIGO,M,MW,N
3627,716.31,N,Elder,M,20,A,INDIGO,M,MW,Y
3628,532.32,N,Elder,M,17,A,INDIGO,M,MW,Y
3629,748.75,N,Elder,F,17,B,MAGENTA,N,NW,Y
3630,850.38,N,Elder,M,19,B,INDIGO,S,SW,N
3631,635.09,N,Elder,M,18,A,INDIGO,M,ME,Y
3632,744.48,N,Elder,M,16,B,MAGENTA,S,SE,Y
3633,815.34,N,Elder,F,14,B,BROWN,S,SE,N
3634,556.05,Y,Young,F,13,B,INDIGO,N,NE,Y
3635,606.94,N,Elder,F,18,A,BROWN,S,SW,Y
3636,822.27,N,Elder,M,19,B,BROWN,M,MW,Y
3637,656.37,N,Elder,F,15,B,INDIGO,N,NW,N
3638,1095.11,Y,Elder,M,18,C,BROWN,N,NE,Y
3639,1142.09,N,Elder,M,19,C,MAGENTA,N,NE,N
3640,198.81,N,Elder,F,11,A,INDIGO,M,MW,Y
3641,1323.05,N,Elder,M,19,C,INDIGO,M,MW,N
3642,667.98,N,Elder,M,15,B,BROWN,M,MW,Y
3643,1349.16,N,Elder,M,14,C,MAGENTA,M,ME,N
3644,1511.99,N,Elder,M,13,C,MAGENTA,N,NW,Y
3645,840.25,Y,Elder,M,14,C,BROWN,M,ME,Y
3646,954.59,N,Elder,F,15,C,INDIGO,M,ME,N
3647,846.43,N,Elder,M,18,B,BROWN,S,SE,N
3648,158.28,N,Elder,F,11,A,BROWN,M,ME,Y
3649,570.24,N,Elder,M,14,B,BROWN,N,NE,Y
3650,408.94,N,Elder,F,14,A,INDIGO,N,NE,N
3651,1211.42,N,Elder,F,20,B,MAGENTA,N,NW,N
3652,399.09,N,Young,M,11,B,MAGENTA,S,SW,N
3653,860.08,N,Elder,F,16,B,INDIGO,S,SE,Y
3654,487.88,N,Elder,F,18,A,MAGENTA,M,MW,N
3655,403.26,N,Elder,F,15,A,BROWN,S,SW,Y
3656,902.33,Y,Elder,F,18,B,INDIGO,M,MW,Y
3657,840.71,N,Elder,M,17,A,PURPLE,M,MW,N
3658,1217.45,N,Elder,F,20,C,INDIGO,M,MW,N
3659,912.9,N,Elder,M,19,B,BROWN,N,NE,Y
3660,1034.03,N,Elder,F,17,C,MAGENTA,N,NW,N
3661,830.42,N,Elder,M,16,B,INDIGO,M,MW,N
3662,969.54,N,Elder,M,20,B,MAGENTA,N,NE,N
3663,1113.31,N,Elder,F,17,C,BROWN,M,ME,N
3664,561.96,N,Elder,F,14,B,BROWN,N,NE,Y
3665,985.75,N,Elder,F,14,B,BROWN,M,ME,Y
3666,650.42,N,Elder,M,19,A,INDIGO,N,NE,N
3667,866.85,N,Elder,F,11,C,BROWN,N,NW,N
3668,275.55,N,Elder,F,14,A,INDIGO,S,SE,N
3669,742.84,N,Elder,M,15,B,INDIGO,M,ME,Y
3670,570.85,N,Elder,M,19,A,INDIGO,S,SE,Y
3671,652.16,N,Elder,M,18,A,BROWN,N,NE,N
3672,441.93,N,Elder,M,17,A,BROWN,M,MW,N
3673,784.08,N,Elder,M,13,C,INDIGO,M,MW,Y
3674,833.21,N,Young,F,13,C,BROWN,S,SW,Y
3675,847.25,N,Elder,F,19,B,BROWN,S,SW,Y
3676,1448.2,N,Elder,M,22,B,MAGENTA,N,NW,Y
3677,551.11,N,Elder,M,14,B,PURPLE,M,ME,N
3678,731.47,N,Elder,M,17,B,MAGENTA,N,NE,Y
3679,166.41,N,Elder,F,12,A,INDIGO,N,NW,N
3680,784.71,N,Elder,F,17,A,MAGENTA,S,SW,Y
3681,774.98,Y,Elder,F,17,B,INDIGO,N,NE,Y
3682,1519.34,N,Elder,M,17,B,MAGENTA,M,ME,N
3683,823.66,N,Elder,M,19,B,PURPLE,S,SE,N
3684,619.25,Y,Elder,M,14,B,INDIGO,M,MW,Y
3685,651.55,N,Elder,M,15,B,BROWN,N,NW,Y
3686,743.58,N,Elder,M,14,B,INDIGO,S,SE,Y
3687,801.24,N,Elder,F,15,B,PURPLE,M,ME,N
3688,671.85,N,Elder,F,13,B,INDIGO,M,ME,N
3689,322.39,N,Elder,M,14,A,BROWN,S,SE,Y
3690,763.03,N,Young,F,17,B,INDIGO,N,NE,N
3691,995.68,N,Elder,M,17,C,INDIGO,M,MW,Y
3692,481.32,N,Elder,M,17,A,BROWN,S,SW,Y
3693,748.85,N,Elder,M,15,A,INDIGO,S,SE,N
3694,993.25,N,Elder,M,21,B,MAGENTA,M,ME,N
3695,253.45,N,Elder,F,13,A,MAGENTA,N,NE,Y
3696,1257.92,N,Elder,M,15,D,BROWN,M,MW,Y
3697,1043.7,N,Elder,M,18,C,BROWN,M,MW,N
3698,1503.76,N,Elder,F,19,D,MAGENTA,N,NE,Y
3699,811.55,N,Young,F,18,B,INDIGO,N,NW,N
3700,687.42,N,Elder,M,16,A,INDIGO,M,ME,N
3701,1116.57,N,Elder,M,15,C,INDIGO,M,ME,N
3702,780.62,Y,Elder,M,17,B,MAGENTA,S,SE,Y
3703,382.61,N,Elder,M,16,A,BROWN,N,NW,N
3704,793.9,Y,Young,M,13,B,BROWN,N,NW,Y
3705,345.67,N,Elder,M,14,A,MAGENTA,N,NW,Y
3706,718.73,N,Elder,F,16,B,MAGENTA,N,NE,N
3707,670.17,N,Elder,F,12,B,BROWN,M,ME,Y
3708,1112.47,Y,Young,F,16,B,BROWN,N,NW,Y
3709,917.46,N,Elder,M,14,C,INDIGO,S,SE,N
3710,770.73,Y,Elder,F,18,B,MAGENTA,M,ME,Y
3711,781.33,N,Elder,F,12,B,MAGENTA,N,NE,N
3712,616.66,N,Elder,M,16,A,INDIGO,S,SW,Y
3713,755.96,N,Elder,F,12,C,BROWN,N,NE,Y
3714,1604.87,N,Elder,F,23,D,INDIGO,M,ME,Y
3715,950.07,N,Elder,M,19,B,INDIGO,N,NW,N
3716,1025.4,N,Elder,M,21,A,BROWN,S,SE,Y
3717,772.99,N,Young,M,16,B,BROWN,S,SW,Y
3718,1515.52,N,Elder,M,21,D,INDIGO,N,NW,N
3719,363.77,N,Elder,F,15,A,INDIGO,M,MW,Y
3720,538.74,N,Elder,M,13,B,BROWN,N,NW,Y
3721,524.36,N,Elder,F,13,B,INDIGO,M,MW,Y
3722,968.29,N,Elder,F,15,B,PURPLE,N,NW,N
3723,1202.28,N,Elder,M,14,B,BROWN,S,SW,Y
3724,466.17,N,Elder,F,12,B,INDIGO,M,ME,Y
3725,548.08,N,Elder,F,14,B,MAGENTA,M,ME,N
3726,971.31,N,Elder,M,16,C,MAGENTA,S,SW,N
3727,823.56,N,Elder,F,17,B,BROWN,S,SW,Y
3728,1093.44,N,Elder,F,19,B,MAGENTA,N,NW,Y
3729,724.44,N,Elder,F,16,B,BROWN,N,NW,Y
3730,1120.3,Y,Elder,M,17,B,BROWN,N,NW,Y
3731,724.31,N,Elder,M,17,A,MAGENTA,S,SW,N
3732,543.36,N,Elder,M,18,A,BROWN,N,NW,Y
3733,1064.84,Y,Elder,M,18,C,BROWN,S,SW,Y
3734,882.67,N,Elder,F,20,B,BROWN,M,MW,Y
3735,1408.94,N,Elder,F,16,C,BROWN,N,NE,Y
3736,653.11,N,Elder,F,14,B,BROWN,S,SW,Y
3737,1728.08,N,Elder,F,14,C,INDIGO,N,NE,N
3738,1867.35,N,Elder,M,20,C,INDIGO,S,SW,Y
3739,667.26,N,Elder,F,15,B,BROWN,N,NW,N
3740,566.16,N,Elder,M,19,A,MAGENTA,N,NE,N
3741,1778.97,Y,Elder,F,14,C,INDIGO,M,ME,Y
3742,1177.26,N,Elder,F,18,C,BROWN,M,MW,Y
3743,229.22,N,Elder,M,13,A,BROWN,N,NE,N
3744,763.84,Y,Young,F,14,A,BROWN,M,MW,Y
3745,1823.07,N,Elder,F,19,B,INDIGO,N,NW,N
3746,814.36,N,Elder,M,17,B,INDIGO,S,SW,Y
3747,880.86,N,Elder,M,20,B,BROWN,S,SW,Y
3748,626.89,N,Young,M,18,A,MAGENTA,N,NE,N
3749,1374.23,N,Elder,M,17,D,BROWN,N,NE,Y
3750,779.37,N,Young,M,13,A,INDIGO,N,NW,N
3751,1178.81,N,Elder,M,19,B,PURPLE,N,NW,N
3752,920.71,N,Elder,M,20,A,BROWN,M,MW,Y
3753,1358.22,N,Elder,M,15,B,BROWN,M,ME,Y
3754,884.84,N,Elder,M,18,A,PURPLE,M,MW,N
3755,716.63,N,Elder,F,16,B,PURPLE,S,SE,N
3756,1223.44,N,Elder,M,20,C,PURPLE,M,ME,N
3757,694.51,N,Elder,F,17,A,BROWN,N,NE,Y
3758,619.24,N,Young,M,15,B,INDIGO,M,ME,N
3759,1280.71,N,Elder,F,13,D,INDIGO,S,SE,Y
3760,709.39,N,Elder,M,16,B,MAGENTA,N,NW,Y
3761,1254.21,N,Elder,F,17,B,PURPLE,S,SW,N
3762,783.91,Y,Elder,M,18,B,INDIGO,M,MW,Y
3763,899.46,N,Elder,F,19,B,BROWN,S,SW,Y
3764,678.88,N,Elder,M,14,B,INDIGO,N,NE,N
3765,578.76,N,Elder,F,14,B,BROWN,N,NW,Y
3766,615.96,N,Elder,F,14,B,PURPLE,S,SW,N
3767,494.87,N,Elder,F,17,A,MAGENTA,M,MW,N
3768,2419.43,N,Elder,F,18,B,BROWN,N,NE,N
3769,2522.31,N,Elder,M,17,D,INDIGO,S,SW,N
3770,1027.94,N,Elder,M,16,C,INDIGO,N,NE,Y
3771,663.34,N,Elder,M,15,B,BROWN,M,MW,Y
3772,1014.71,N,Elder,M,19,B,BROWN,N,NE,Y
3773,1021.08,N,Young,M,17,C,BROWN,N,NE,Y
3774,951.03,N,Elder,M,15,C,MAGENTA,S,SW,Y
3775,276.75,N,Elder,F,14,A,BROWN,S,SW,Y
3776,871.65,N,Elder,F,15,B,BROWN,N,NW,N
3777,477.88,N,Young,F,15,A,INDIGO,M,ME,N
3778,959.19,N,Elder,M,16,C,INDIGO,N,NW,N
3779,394.81,N,Elder,M,15,A,BROWN,N,NW,Y
3780,1006.63,N,Elder,M,14,C,MAGENTA,S,SE,N
3781,895.37,N,Elder,M,14,C,BROWN,N,NE,N
3782,629.2,N,Elder,F,13,B,INDIGO,M,MW,N
3783,522.01,N,Elder,M,15,A,BROWN,S,SW,Y
3784,542.31,N,Elder,M,17,A,MAGENTA,N,NW,N
3785,482.72,N,Elder,F,16,A,BROWN,S,SE,Y
3786,657.59,N,Elder,M,15,B,BROWN,N,NE,Y
3787,559.06,N,Elder,M,19,A,INDIGO,N,NE,Y
3788,671.9,N,Elder,F,21,A,BROWN,M,MW,N
3789,818.7,N,Elder,F,19,B,BROWN,S,SW,N
3790,1364.48,N,Elder,M,23,C,BROWN,M,ME,Y
3791,1518.04,N,Elder,M,21,B,BROWN,N,NE,Y
3792,430.93,N,Young,M,15,A,MAGENTA,S,SW,N
3793,934.82,N,Elder,M,17,B,BROWN,N,NW,N
3794,1042.42,N,Elder,F,15,C,INDIGO,M,MW,N
3795,1306.76,N,Elder,M,20,B,MAGENTA,M,ME,Y
3796,1098.46,N,Elder,M,21,B,INDIGO,S,SW,Y
3797,552.3,Y,Elder,M,14,B,INDIGO,N,NW,Y
3798,1028.67,N,Elder,M,16,C,MAGENTA,N,NW,N
3799,825,N,Elder,M,18,B,BROWN,N,NE,N
3800,1421.02,N,Elder,M,19,D,INDIGO,M,MW,Y
3801,561.48,Y,Elder,F,16,A,BROWN,N,NW,Y
3802,890.21,N,Elder,M,13,C,BROWN,M,MW,N
3803,761.53,Y,Young,M,19,A,INDIGO,S,SW,Y
3804,389.87,N,Elder,M,16,A,PURPLE,N,NE,N
3805,811.37,Y,Elder,M,21,A,INDIGO,N,NW,N
3806,580.86,N,Elder,M,14,A,MAGENTA,M,ME,N
3807,747.39,N,Elder,F,19,A,BROWN,N,NE,Y
3808,702.55,N,Elder,M,20,A,BROWN,M,ME,N
3809,631.83,N,Young,M,15,B,BROWN,N,NW,N
3810,581.37,N,Elder,M,17,A,INDIGO,N,NE,N
3811,1257.56,N,Elder,F,11,C,BROWN,S,SW,Y
3812,1400.77,N,Elder,M,16,B,BROWN,M,ME,N
3813,795.79,N,Elder,M,17,B,INDIGO,M,ME,Y
3814,695.69,N,Elder,F,15,B,INDIGO,M,ME,Y
3815,1126.55,N,Elder,M,19,B,MAGENTA,M,MW,N
3816,827.48,N,Elder,F,16,B,INDIGO,M,ME,Y
3817,899.09,N,Elder,F,15,C,INDIGO,N,NW,Y
3818,1352.58,N,Elder,F,18,C,MAGENTA,S,SE,Y
3819,272.87,N,Elder,F,13,A,INDIGO,M,MW,Y
3820,907.43,N,Young,M,20,B,INDIGO,M,MW,N
3821,284.21,N,Elder,M,14,A,INDIGO,N,NW,N
3822,673.57,N,Elder,M,20,A,MAGENTA,N,NW,Y
3823,950.69,N,Elder,M,12,C,INDIGO,N,NW,Y
3824,548.93,N,Elder,M,18,A,MAGENTA,S,SE,Y
3825,540.78,N,Elder,M,16,A,BROWN,N,NE,N
3826,594.73,N,Young,M,18,A,INDIGO,N,NE,Y
3827,991.91,N,Elder,M,19,A,BROWN,N,NW,Y
3828,1347.38,N,Elder,M,17,C,INDIGO,N,NW,Y
3829,1260.6,N,Young,F,12,D,BROWN,N,NW,Y
3830,993.87,N,Elder,M,20,B,BROWN,N,NW,N
3831,215.13,N,Elder,F,11,A,INDIGO,N,NE,Y
3832,1199.46,N,Elder,M,16,C,INDIGO,N,NW,N
3833,1108.75,N,Elder,F,15,B,INDIGO,S,SE,Y
3834,742.91,N,Elder,M,16,B,BROWN,N,NW,Y
3835,1134.32,N,Elder,M,18,B,BROWN,N,NE,Y
3836,1077.97,N,Elder,F,18,C,MAGENTA,N,NE,N
3837,951.46,N,Elder,F,15,A,BROWN,M,ME,Y
3838,1161.07,N,Elder,F,19,C,INDIGO,N,NW,Y
3839,828.59,N,Elder,F,19,A,PURPLE,N,NW,N
3840,441.17,N,Elder,F,12,B,MAGENTA,N,NW,N
3841,458.03,Y,Elder,M,15,A,BROWN,M,ME,Y
3842,312.64,N,Young,F,11,A,PURPLE,S,SW,N
3843,2532.46,N,Elder,M,18,B,BROWN,N,NE,N
3844,699.88,N,Elder,F,15,A,INDIGO,N,NE,N
3845,1029.98,Y,Elder,M,16,C,MAGENTA,S,SE,Y
3846,837.91,N,Elder,M,17,A,BROWN,S,SE,Y
3847,883.4,N,Elder,M,20,B,BROWN,N,NE,Y
3848,899.23,N,Elder,M,14,B,PURPLE,N,NE,N
3849,866.1,N,Elder,M,22,A,INDIGO,M,MW,Y
3850,434.28,N,Elder,M,16,A,BROWN,N,NW,Y
3851,1129,N,Elder,M,15,C,MAGENTA,M,MW,N
3852,1001.68,N,Elder,F,14,B,BROWN,N,NW,Y
3853,474.83,Y,Elder,M,16,A,PURPLE,M,ME,N
3854,770.84,N,Elder,M,13,B,BROWN,N,NW,N
3855,675.87,N,Elder,F,15,B,BROWN,N,NE,N
3856,1253.17,N,Elder,M,16,D,INDIGO,N,NW,N
3857,1449.93,N,Elder,M,16,C,INDIGO,M,ME,Y
3858,558.22,N,Elder,M,19,A,INDIGO,S,SW,Y
3859,1600.46,N,Elder,F,17,A,BROWN,N,NE,N
3860,820.88,N,Elder,F,19,B,BROWN,N,NW,Y
3861,849.74,N,Elder,M,19,B,MAGENTA,M,ME,N
3862,443.88,N,Elder,M,12,B,MAGENTA,S,SW,Y
3863,1081.01,N,Elder,M,17,C,BROWN,M,MW,Y
3864,731.74,N,Elder,M,17,A,BROWN,S,SW,N
3865,719.54,N,Elder,M,17,B,INDIGO,N,NW,N
3866,1210.73,N,Elder,F,15,D,INDIGO,S,SE,Y
3867,728.62,N,Elder,M,15,B,MAGENTA,N,NE,N
3868,1094.26,N,Elder,F,19,C,BROWN,M,MW,N
3869,1409.32,N,Elder,M,19,D,INDIGO,N,NE,N
3870,865.61,N,Elder,M,13,A,BROWN,N,NW,Y
3871,573.61,N,Elder,M,19,A,BROWN,N,NW,Y
3872,804.49,Y,Elder,F,17,B,INDIGO,M,MW,Y
3873,1311.93,N,Elder,F,18,B,BROWN,M,ME,Y
3874,297.18,N,Elder,F,14,A,MAGENTA,M,ME,N
3875,2581.85,N,Elder,F,15,A,BROWN,S,SE,N
3876,558.74,N,Elder,M,14,B,PURPLE,S,SE,N
3877,702.5,N,Young,F,16,B,BROWN,M,MW,Y
3878,1150.07,Y,Elder,M,20,C,INDIGO,N,NE,Y
3879,1312.09,N,Elder,M,16,B,INDIGO,S,SE,N
3880,763.23,N,Elder,M,18,B,BROWN,N,NE,Y
3881,563.47,N,Elder,M,14,B,MAGENTA,S,SE,N
3882,309.8,N,Young,M,14,A,MAGENTA,M,MW,N
3883,718.48,N,Young,F,16,B,INDIGO,N,NW,Y
3884,395.53,N,Young,M,15,A,INDIGO,N,NE,N
3885,1256.13,N,Elder,M,17,C,INDIGO,S,SW,Y
3886,1424.19,N,Elder,M,14,C,INDIGO,M,MW,N
3887,504.24,N,Young,M,13,A,BROWN,N,NW,Y
3888,711.65,N,Elder,M,12,C,INDIGO,N,NE,N
3889,667.09,N,Elder,M,17,A,INDIGO,S,SE,Y
3890,1395.08,N,Elder,M,16,C,BROWN,N,NW,Y
3891,454.59,N,Elder,M,17,A,INDIGO,N,NE,N
3892,746.48,N,Elder,M,12,B,MAGENTA,N,NE,N
3893,390.77,N,Elder,F,15,A,INDIGO,M,MW,N
3894,501.79,N,Elder,M,18,A,INDIGO,N,NW,Y
3895,800.27,N,Elder,M,15,B,INDIGO,N,NE,N
3896,885.83,N,Elder,F,16,B,BROWN,S,SE,Y
3897,253.39,N,Young,F,13,A,BROWN,S,SW,Y
3898,732.91,N,Elder,M,17,B,INDIGO,S,SE,Y
3899,1226.68,N,Elder,M,16,D,MAGENTA,N,NW,Y
3900,1296.85,N,Elder,F,14,D,INDIGO,N,NW,Y
3901,606.48,N,Elder,F,17,A,BROWN,M,MW,N
3902,649,N,Elder,M,12,B,INDIGO,M,ME,Y
3903,1434.55,N,Elder,F,18,B,INDIGO,M,MW,Y
3904,972.91,N,Young,F,12,A,INDIGO,S,SW,N
3905,825.2,Y,Elder,F,17,B,BROWN,S,SW,Y
3906,540.09,N,Elder,F,17,A,MAGENTA,N,NW,N
3907,1172.71,Y,Elder,F,17,C,BROWN,M,MW,Y
3908,1308.17,N,Elder,F,22,B,BROWN,N,NW,Y
3909,792.09,N,Elder,M,22,A,MAGENTA,M,MW,Y
3910,568.67,N,Elder,M,16,A,INDIGO,N,NW,N
3911,785.38,N,Elder,M,14,B,INDIGO,S,SE,Y
3912,1252.28,N,Elder,F,20,C,BROWN,N,NE,Y
3913,672.46,N,Elder,M,16,B,MAGENTA,M,ME,N
3914,726.37,N,Elder,F,17,B,INDIGO,S,SW,N
3915,899.38,N,Elder,F,15,C,BROWN,S,SE,Y
3916,486.96,N,Elder,M,13,A,INDIGO,N,NE,Y
3917,424.11,N,Elder,M,15,A,INDIGO,N,NW,N
3918,727.2,N,Young,F,15,B,INDIGO,S,SW,N
3919,1316.86,N,Elder,M,22,A,INDIGO,S,SE,Y
3920,421.7,N,Elder,M,16,A,BROWN,N,NW,Y
3921,825.41,N,Elder,M,18,B,BROWN,S,SW,N
3922,701.75,N,Elder,M,16,B,BROWN,N,NW,Y
3923,399,N,Elder,F,10,B,BROWN,M,MW,Y
3924,627.31,N,Elder,F,15,B,INDIGO,S,SW,Y
3925,614.99,N,Young,F,15,A,INDIGO,S,SE,Y
3926,1042.83,N,Elder,M,14,C,INDIGO,M,MW,Y
3927,726.26,N,Elder,M,16,B,INDIGO,S,SW,Y
3928,700.86,N,Elder,F,19,A,PURPLE,N,NW,N
3929,606.75,N,Elder,M,15,B,MAGENTA,N,NE,N
3930,1103.98,N,Elder,F,12,C,BROWN,N,NE,Y
3931,791.17,N,Elder,M,20,A,MAGENTA,M,MW,N
3932,942.28,N,Young,F,14,B,INDIGO,M,ME,N
3933,492.05,Y,Young,M,14,A,INDIGO,S,SE,Y
3934,853.64,N,Young,M,14,C,BROWN,S,SW,Y
3935,559.71,N,Young,M,11,B,INDIGO,M,ME,N
3936,514.69,N,Elder,M,16,A,INDIGO,M,ME,Y
3937,593.38,N,Elder,F,14,B,BROWN,M,ME,Y
3938,1378.48,Y,Elder,F,21,C,INDIGO,M,MW,Y
3939,1094.51,N,Elder,M,19,C,INDIGO,M,MW,Y
3940,1006.09,N,Elder,M,20,A,BROWN,M,ME,Y
3941,1190.58,N,Elder,M,19,C,BROWN,S,SE,N
3942,1284.46,Y,Young,M,20,C,INDIGO,N,NE,Y
3943,769.86,N,Elder,M,17,B,INDIGO,N,NW,Y
3944,431.85,N,Elder,F,16,A,BROWN,M,ME,Y
3945,770.71,N,Elder,M,15,B,MAGENTA,M,ME,Y
3946,1019.13,N,Elder,F,16,C,BROWN,N,NW,N
3947,782.63,N,Elder,F,17,B,INDIGO,N,NW,Y
3948,727.22,N,Young,M,15,B,BROWN,M,MW,Y
3949,268.3,N,Elder,F,13,A,INDIGO,M,MW,Y
3950,813.98,N,Elder,F,16,B,BROWN,S,SW,Y
3951,849.46,N,Elder,F,19,B,BROWN,M,MW,Y
3952,869.9,N,Elder,M,19,B,INDIGO,N,NW,Y
3953,1568.87,Y,Elder,F,17,C,BROWN,S,SW,Y
3954,220.2,N,Elder,F,13,A,BROWN,N,NE,Y
3955,512.65,N,Elder,F,13,B,MAGENTA,S,SW,Y
3956,884.42,N,Elder,F,15,C,INDIGO,S,SE,N
3957,882.5,Y,Young,M,15,C,BROWN,M,MW,Y
3958,345.62,N,Elder,M,15,A,INDIGO,N,NW,Y
3959,469.43,N,Elder,F,17,A,BROWN,N,NW,N
3960,668.34,N,Elder,M,19,A,BROWN,M,MW,Y
3961,911.21,N,Elder,M,18,B,BROWN,S,SW,Y
3962,549.49,N,Young,F,16,A,INDIGO,N,NW,Y
3963,873.5,Y,Elder,M,13,C,INDIGO,N,NW,N
3964,927.32,Y,Elder,F,15,C,BROWN,S,SE,Y
3965,503.75,N,Elder,M,16,A,INDIGO,N,NW,Y
3966,661.19,N,Elder,M,16,B,MAGENTA,M,ME,Y
3967,667.11,N,Elder,F,16,B,MAGENTA,N,NE,N
3968,546.35,Y,Elder,M,13,B,INDIGO,N,NW,Y
3969,848.09,N,Young,F,17,B,BROWN,S,SE,Y
3970,624.1,N,Elder,M,20,A,BROWN,M,ME,Y
3971,743.67,N,Elder,M,15,B,INDIGO,N,NW,N
3972,386.5,N,Elder,M,15,A,INDIGO,S,SE,Y
3973,611.2,N,Elder,F,15,B,MAGENTA,S,SW,N
3974,572.1,N,Elder,M,19,A,BROWN,S,SE,N
3975,1538.7,N,Elder,M,20,A,BROWN,S,SW,N
3976,1704.69,N,Elder,M,22,A,BROWN,S,SW,Y
3977,1218.5,N,Elder,M,16,D,BROWN,S,SE,Y
3978,848.09,N,Elder,M,18,B,BROWN,N,NW,Y
3979,826.25,N,Elder,F,14,C,INDIGO,S,SW,Y
3980,312.58,N,Elder,M,14,A,INDIGO,S,SW,Y
3981,1091.96,Y,Elder,M,16,B,INDIGO,S,SE,Y
3982,411.04,N,Young,F,12,A,MAGENTA,S,SW,N
3983,408.69,N,Elder,F,15,A,INDIGO,M,MW,N
3984,518.07,N,Elder,F,13,B,BROWN,S,SW,Y
3985,422.85,N,Elder,M,15,A,INDIGO,S,SW,N
3986,871.89,N,Elder,M,13,C,BROWN,S,SE,Y
3987,922.07,N,Elder,F,12,B,PURPLE,N,NW,N
3988,412.92,N,Elder,M,16,A,INDIGO,N,NE,N
3989,550.24,N,Elder,F,13,B,INDIGO,N,NE,N
3990,604.41,N,Elder,M,14,B,MAGENTA,S,SW,Y
3991,1209.22,N,Elder,F,20,C,MAGENTA,N,NW,Y
3992,696.89,N,Elder,M,16,B,BROWN,M,ME,Y
3993,944.94,Y,Elder,F,16,A,BROWN,M,MW,Y
3994,323.34,N,Elder,M,13,A,BROWN,M,MW,N
3995,724.85,N,Elder,M,16,B,INDIGO,N,NW,Y
3996,1359.64,N,Elder,M,20,C,INDIGO,M,MW,N
3997,1330.48,N,Elder,M,17,D,BROWN,M,ME,Y
3998,1207.36,N,Elder,F,15,C,BROWN,N,NE,Y
3999,892.93,Y,Elder,M,15,C,BROWN,S,SE,Y
4000,896.73,N,Elder,F,13,C,INDIGO,M,MW,Y
4001,449.91,N,Elder,F,15,A,INDIGO,S,SW,N
4002,886.18,N,Elder,M,15,C,INDIGO,M,ME,Y
4003,774.15,Y,Elder,M,14,B,BROWN,M,ME,N
4004,841.28,N,Elder,F,17,B,BROWN,S,SE,Y
4005,1041.13,N,Elder,M,19,A,MAGENTA,N,NW,Y
4006,502.44,N,Elder,M,13,B,INDIGO,S,SE,Y
4007,355.26,Y,Elder,M,15,A,INDIGO,N,NE,Y
4008,1185.5,N,Elder,F,16,B,BROWN,N,NE,Y
4009,884.39,N,Elder,F,20,B,INDIGO,S,SW,Y
4010,559.61,N,Elder,F,12,B,MAGENTA,M,MW,Y
4011,518.25,N,Elder,M,17,A,PURPLE,N,NW,N
4012,619.43,N,Elder,M,17,A,BROWN,M,ME,Y
4013,1175.47,N,Elder,M,19,C,MAGENTA,S,SE,N
4014,440.65,N,Elder,F,12,B,INDIGO,N,NE,N
4015,616.26,N,Elder,M,12,B,INDIGO,S,SE,Y
4016,823,N,Elder,F,14,C,BROWN,S,SW,Y
4017,686.24,N,Elder,M,14,B,BROWN,N,NE,Y
4018,625.38,N,Elder,M,18,A,BROWN,M,ME,Y
4019,1096.41,N,Elder,M,17,C,INDIGO,M,ME,N
4020,490.78,N,Elder,F,16,A,BROWN,N,NW,Y
4021,699.93,N,Elder,M,16,B,BROWN,S,SE,Y
4022,501.37,N,Elder,F,18,A,INDIGO,N,NE,Y
4023,1157.07,N,Elder,M,20,B,INDIGO,N,NW,Y
4024,554.53,N,Elder,F,14,B,BROWN,N,NW,Y
4025,1063.99,Y,Elder,M,18,C,BROWN,M,MW,Y
4026,991.91,N,Elder,M,18,B,MAGENTA,M,ME,N
4027,751.77,N,Elder,M,15,B,MAGENTA,M,ME,N
4028,506.22,N,Elder,M,13,B,BROWN,M,ME,Y
4029,796.86,N,Elder,M,16,B,INDIGO,M,MW,Y
4030,650.52,N,Elder,M,15,B,INDIGO,M,ME,Y
4031,1453.26,N,Elder,M,19,C,BROWN,M,MW,Y
4032,815.52,N,Elder,F,16,B,MAGENTA,M,ME,N
4033,1056.77,N,Elder,M,18,C,BROWN,S,SE,Y
4034,721.37,Y,Young,F,12,B,BROWN,N,NE,Y
4035,1002.7,N,Young,F,17,C,PURPLE,M,MW,N
4036,1083.75,N,Elder,F,17,C,MAGENTA,S,SE,Y
4037,336.81,N,Elder,F,12,A,BROWN,M,MW,Y
4038,466.23,N,Young,F,17,A,BROWN,N,NW,Y
4039,1165.38,Y,Elder,M,20,C,MAGENTA,N,NE,N
4040,1229.48,N,Elder,M,19,B,INDIGO,S,SW,N
4041,609.72,N,Elder,M,15,B,PURPLE,N,NE,N
4042,910.27,N,Elder,M,18,B,PURPLE,M,ME,N
4043,588.11,N,Elder,F,19,A,INDIGO,N,NW,Y
4044,958.49,N,Elder,M,19,B,MAGENTA,M,ME,N
4045,911.46,N,Elder,M,20,B,BROWN,N,NW,Y
4046,558.78,N,Elder,F,13,A,BROWN,N,NE,Y
4047,821.35,N,Elder,M,18,B,INDIGO,S,SW,Y
4048,1177.3,N,Elder,M,20,C,MAGENTA,S,SW,Y
4049,436.89,N,Elder,M,15,A,MAGENTA,S,SW,Y
4050,775.74,N,Elder,M,16,B,INDIGO,S,SE,Y
4051,1061.57,N,Elder,F,18,A,BROWN,N,NW,Y
4052,1436.36,N,Elder,M,18,B,INDIGO,S,SW,Y
4053,1810.02,N,Elder,M,12,C,BROWN,S,SW,Y
4054,559.07,N,Elder,M,19,A,INDIGO,M,ME,Y
4055,1102.84,N,Elder,M,13,D,MAGENTA,N,NW,N
4056,518.28,N,Elder,M,18,A,INDIGO,M,MW,N
4057,388.87,N,Elder,F,16,A,INDIGO,M,ME,N
4058,859.36,N,Elder,M,16,B,INDIGO,M,MW,N
4059,787.6,N,Elder,F,13,C,MAGENTA,M,MW,N
4060,965.56,N,Elder,M,20,A,BROWN,N,NW,Y
4061,815.53,Y,Elder,M,18,B,INDIGO,M,MW,N
4062,736.15,N,Elder,M,17,A,BROWN,M,MW,Y
4063,1323.32,N,Elder,M,18,D,INDIGO,S,SE,Y
4064,859.42,N,Elder,M,19,B,INDIGO,M,ME,Y
4065,1182.03,N,Elder,M,18,C,BROWN,N,NE,Y
4066,646.91,N,Elder,F,15,B,INDIGO,M,ME,Y
4067,857.42,N,Elder,M,18,B,BROWN,N,NE,Y
4068,278.8,N,Elder,F,14,A,MAGENTA,N,NW,N
4069,1412.61,N,Elder,M,19,D,INDIGO,M,MW,Y
4070,469.95,N,Elder,M,16,A,PURPLE,M,ME,N
4071,392.16,N,Elder,F,15,A,INDIGO,N,NE,N
4072,837.09,N,Elder,F,14,C,PURPLE,M,MW,N
4073,1090.05,N,Elder,F,19,C,PURPLE,M,ME,N
4074,1053.77,N,Elder,M,17,C,INDIGO,N,NE,Y
4075,391.31,Y,Elder,F,11,B,MAGENTA,M,ME,N
4076,448.12,N,Elder,F,15,A,MAGENTA,S,SE,Y
4077,677.63,N,Elder,F,17,A,BROWN,N,NW,Y
4078,1136.61,N,Elder,F,18,B,INDIGO,N,NE,Y
4079,653.82,N,Elder,M,16,B,BROWN,N,NW,Y
4080,903.2,N,Elder,F,14,C,BROWN,N,NW,N
4081,611.19,Y,Elder,M,13,B,INDIGO,N,NW,Y
4082,1182.21,N,Elder,M,16,B,INDIGO,M,MW,N
4083,586.24,N,Elder,M,17,A,BROWN,S,SW,N
4084,1544.21,N,Elder,M,17,C,MAGENTA,N,NW,N
4085,195.99,N,Elder,F,12,A,MAGENTA,M,ME,N
4086,868.08,N,Elder,M,18,B,BROWN,M,ME,Y
4087,956.54,N,Elder,F,18,B,MAGENTA,S,SW,N
4088,1104.43,N,Elder,M,18,B,PURPLE,M,ME,N
4089,1021.61,Y,Young,M,14,C,BROWN,N,NW,Y
4090,1318.82,N,Elder,F,23,C,BROWN,N,NW,Y
4091,1039.58,Y,Elder,M,18,C,INDIGO,S,SW,Y
4092,845.02,N,Elder,F,17,A,INDIGO,M,MW,Y
4093,975.87,N,Elder,M,23,A,INDIGO,M,MW,N
4094,638.14,N,Elder,M,13,B,BROWN,N,NW,N
4095,804.16,N,Elder,F,22,A,MAGENTA,N,NW,N
4096,886.28,N,Elder,F,20,B,INDIGO,M,MW,N
4097,1168.47,N,Elder,M,17,C,MAGENTA,N,NW,N
4098,568.75,N,Elder,M,14,B,MAGENTA,N,NW,N
4099,811.71,N,Elder,F,17,B,INDIGO,N,NW,Y
4100,497.47,Y,Elder,F,13,B,INDIGO,M,MW,Y
4101,670.06,N,Elder,F,21,A,INDIGO,N,NW,Y
4102,677.99,N,Elder,M,16,B,BROWN,M,MW,N
4103,499.81,Y,Elder,M,13,B,MAGENTA,N,NW,N
4104,844.57,N,Elder,F,16,B,BROWN,N,NE,Y
4105,622.25,N,Elder,F,14,B,BROWN,S,SE,N
4106,931.17,N,Elder,M,24,A,INDIGO,N,NE,Y
4107,800.81,N,Elder,F,18,B,MAGENTA,S,SE,Y
4108,949.85,N,Elder,F,18,B,BROWN,M,MW,Y
4109,671.93,N,Elder,M,19,A,MAGENTA,M,MW,N
4110,1555.93,Y,Elder,M,22,B,INDIGO,N,NE,Y
4111,839.34,N,Elder,M,14,C,INDIGO,M,ME,N
4112,596.99,N,Elder,F,15,A,MAGENTA,M,MW,N
4113,645.97,N,Elder,F,15,A,BROWN,N,NW,N
4114,331.83,Y,Young,M,14,A,MAGENTA,S,SW,N
4115,774.91,N,Elder,M,16,B,BROWN,M,ME,Y
4116,1447.02,N,Elder,M,21,C,BROWN,M,MW,Y
4117,652.55,N,Elder,M,15,B,INDIGO,M,ME,Y
4118,819.65,N,Elder,F,14,B,MAGENTA,S,SW,N
4119,1087.83,N,Elder,F,19,C,INDIGO,N,NW,Y
4120,513.72,Y,Elder,M,13,A,BROWN,N,NE,Y
4121,1435.91,N,Elder,F,20,D,MAGENTA,S,SW,N
4122,1016.95,Y,Elder,F,14,C,BROWN,M,MW,Y
4123,296.95,N,Young,M,14,A,MAGENTA,S,SE,N
4124,923.88,Y,Elder,M,20,B,BROWN,M,MW,Y
4125,815.12,N,Elder,F,19,B,BROWN,M,MW,N
4126,1308.25,N,Elder,F,23,B,BROWN,M,ME,Y
4127,833.3,N,Elder,M,15,B,INDIGO,N,NE,N
4128,587.16,N,Elder,F,14,B,INDIGO,N,NW,Y
4129,474.89,N,Elder,F,17,A,MAGENTA,N,NW,Y
4130,298.64,N,Young,M,14,A,BROWN,N,NE,N
4131,174.64,N,Elder,F,12,A,BROWN,M,ME,Y
4132,1337.44,N,Elder,M,17,D,INDIGO,S,SW,Y
4133,404.69,Y,Young,F,11,B,BROWN,M,MW,Y
4134,978.3,N,Elder,F,16,B,BROWN,N,NE,N
4135,1005.46,N,Young,M,13,B,MAGENTA,M,MW,N
4136,2001.36,N,Elder,F,15,C,MAGENTA,M,MW,Y
4137,656.03,N,Elder,F,15,B,INDIGO,S,SW,N
4138,254.21,Y,Young,F,13,A,MAGENTA,S,SW,Y
4139,262.77,N,Young,F,13,A,INDIGO,M,ME,Y
4140,1266.75,Y,Elder,M,21,A,BROWN,S,SE,Y
4141,507.8,N,Elder,M,12,B,BROWN,S,SW,Y
4142,574.01,N,Elder,F,15,A,BROWN,M,MW,Y
4143,468.42,N,Elder,M,16,A,BROWN,N,NW,Y
4144,528.19,N,Elder,M,18,A,MAGENTA,N,NW,N
4145,589.44,N,Elder,M,14,B,INDIGO,N,NW,Y
4146,379.39,N,Elder,M,15,A,BROWN,M,ME,Y
4147,752.61,N,Elder,F,14,A,BROWN,N,NW,Y
4148,1062.16,N,Elder,F,20,B,INDIGO,M,ME,Y
4149,650.28,N,Elder,F,12,B,INDIGO,N,NE,Y
4150,935.27,N,Elder,M,20,A,PURPLE,M,MW,N
4151,1356.91,N,Elder,M,15,B,INDIGO,N,NW,Y
4152,651.29,N,Young,F,12,B,INDIGO,N,NE,N
4153,960.72,N,Elder,F,19,B,BROWN,M,ME,Y
4154,875.99,N,Elder,M,17,A,INDIGO,N,NW,Y
4155,808.44,Y,Elder,F,13,C,INDIGO,M,MW,Y
4156,232.18,N,Young,M,13,A,PURPLE,M,MW,N
4157,1191.43,Y,Elder,M,17,C,BROWN,N,NE,Y
4158,515.12,N,Elder,F,17,A,MAGENTA,N,NW,N
4159,611.91,N,Elder,M,17,A,INDIGO,M,MW,Y
4160,624.76,N,Elder,M,17,A,BROWN,S,SE,Y
4161,1366.29,N,Elder,M,19,D,BROWN,N,NE,N
4162,1313.02,N,Elder,M,15,C,INDIGO,N,NE,N
4163,655.98,N,Elder,F,16,B,BROWN,N,NW,N
4164,629.64,N,Elder,F,20,A,BROWN,N,NE,Y
4165,498.25,N,Elder,M,17,A,BROWN,M,ME,N
4166,1012.99,N,Elder,M,16,C,PURPLE,M,ME,N
4167,459.32,N,Elder,F,17,A,INDIGO,M,ME,N
4168,864.51,N,Elder,F,15,B,MAGENTA,M,ME,N
4169,942.99,N,Elder,M,16,C,INDIGO,S,SW,Y
4170,657.95,N,Elder,F,16,B,INDIGO,N,NE,N
4171,1136.4,Y,Elder,M,14,C,MAGENTA,N,NW,N
4172,907.16,N,Young,F,12,C,PURPLE,S,SE,N
4173,833.69,N,Elder,M,18,B,MAGENTA,M,MW,N
4174,930.21,N,Elder,M,17,B,MAGENTA,M,MW,Y
4175,513.3,N,Elder,F,16,A,INDIGO,M,MW,Y
4176,674.65,N,Elder,M,18,A,BROWN,S,SW,N
4177,835.45,N,Elder,F,18,B,BROWN,S,SW,Y
4178,670.58,N,Elder,M,15,B,INDIGO,S,SW,Y
4179,1243.56,N,Elder,F,14,B,BROWN,M,MW,N
4180,878.8,N,Elder,M,19,B,INDIGO,M,ME,Y
4181,772.76,N,Elder,M,19,A,INDIGO,N,NE,N
4182,1237.2,N,Elder,M,15,B,BROWN,S,SE,Y
4183,1034.58,N,Elder,M,16,B,INDIGO,N,NW,Y
4184,864.01,N,Elder,F,14,C,MAGENTA,N,NW,N
4185,114.3,N,Elder,M,11,A,BROWN,N,NE,Y
4186,402.34,N,Elder,M,16,A,INDIGO,S,SW,Y
4187,1185.94,N,Elder,F,19,B,INDIGO,N,NW,N
4188,1644.88,N,Elder,F,13,C,BROWN,M,ME,Y
4189,839.97,N,Elder,F,16,A,INDIGO,M,MW,N
4190,934.44,N,Elder,M,19,B,BROWN,N,NW,Y
4191,454.38,N,Elder,M,16,A,INDIGO,N,NW,Y
4192,540.34,N,Elder,M,15,A,BROWN,S,SW,N
4193,963.97,Y,Elder,M,16,C,MAGENTA,N,NE,Y
4194,606.49,N,Elder,M,15,B,MAGENTA,S,SW,N
4195,997.97,N,Elder,F,17,C,MAGENTA,N,NE,N
4196,231.67,N,Elder,M,12,A,MAGENTA,S,SW,Y
4197,669.54,N,Elder,M,16,B,PURPLE,N,NW,N
4198,792.88,Y,Elder,M,18,B,INDIGO,M,ME,N
4199,953.09,N,Elder,F,14,C,INDIGO,M,MW,N
4200,1255.34,N,Elder,M,22,C,MAGENTA,N,NE,N
4201,555.38,Y,Elder,F,19,A,BROWN,N,NW,Y
4202,701.51,N,Elder,M,16,B,INDIGO,M,MW,Y
4203,859.5,N,Elder,M,15,B,INDIGO,M,MW,Y
4204,774.59,N,Elder,M,18,A,BROWN,N,NW,Y
4205,442.01,N,Young,M,15,A,BROWN,S,SE,Y
4206,274.97,N,Elder,M,14,A,MAGENTA,M,MW,N
4207,945.6,N,Elder,M,19,B,BROWN,N,NE,Y
4208,726.42,N,Elder,M,17,B,INDIGO,N,NE,Y
4209,232.47,N,Elder,F,13,A,MAGENTA,S,SE,N
4210,1048.63,N,Elder,F,11,C,INDIGO,S,SW,N
4211,816.31,N,Elder,F,16,B,INDIGO,S,SW,N
4212,654.43,N,Elder,M,14,B,BROWN,S,SW,Y
4213,487.66,Y,Elder,F,17,A,BROWN,M,MW,Y
4214,746.81,N,Young,F,16,B,INDIGO,N,NW,Y
4215,778.24,N,Elder,M,18,B,BROWN,M,MW,Y
4216,2026.94,N,Elder,M,20,C,INDIGO,N,NE,N
4217,608.23,N,Elder,F,14,B,BROWN,S,SW,Y
4218,835.95,N,Elder,M,18,B,BROWN,N,NW,Y
4219,705.18,N,Elder,F,20,A,MAGENTA,N,NE,N
4220,599.35,N,Elder,M,14,B,INDIGO,M,ME,Y
4221,463.28,N,Elder,F,12,B,BROWN,M,MW,Y
4222,540.24,Y,Young,M,14,A,INDIGO,M,ME,Y
4223,366.52,N,Elder,M,14,A,BROWN,S,SW,Y
4224,668.08,Y,Elder,M,16,B,INDIGO,N,NE,Y
4225,520.04,N,Elder,M,18,A,BROWN,M,MW,N
4226,627.16,N,Elder,M,18,A,BROWN,S,SW,Y
4227,665.29,N,Elder,F,16,B,INDIGO,M,ME,Y
4228,1292.06,N,Elder,F,14,A,MAGENTA,M,ME,Y
4229,1199.28,N,Elder,M,16,B,BROWN,S,SE,Y
4230,328.43,Y,Elder,F,13,A,BROWN,S,SW,Y
4231,668.43,N,Elder,M,19,A,INDIGO,M,ME,N
4232,998.81,N,Elder,F,16,B,INDIGO,M,ME,Y
4233,1103.87,N,Young,F,10,C,INDIGO,N,NE,N
4234,1156.82,N,Elder,F,20,C,BROWN,N,NW,Y
4235,329.35,N,Elder,M,15,A,BROWN,M,MW,Y
4236,843.23,N,Elder,M,19,B,BROWN,N,NW,Y
4237,749.3,N,Elder,M,16,B,BROWN,S,SE,Y
4238,709.89,N,Elder,M,19,A,BROWN,M,MW,Y
4239,676.59,N,Elder,F,16,B,MAGENTA,N,NE,N
4240,1070.47,N,Elder,M,17,C,INDIGO,N,NW,N
4241,846.62,Y,Elder,M,20,A,MAGENTA,N,NE,Y
4242,732.71,N,Elder,M,17,B,BROWN,M,ME,Y
4243,522.81,N,Elder,M,13,B,BROWN,S,SE,N
4244,731.53,N,Elder,F,16,B,MAGENTA,N,NW,Y
4245,779.55,N,Elder,M,13,C,PURPLE,N,NW,N
4246,1036.63,N,Young,M,17,C,BROWN,N,NE,N
4247,654.57,N,Elder,M,21,A,BROWN,N,NE,Y
4248,1519.9,N,Elder,M,18,B,INDIGO,N,NE,N
4249,436.39,Y,Elder,M,17,A,INDIGO,N,NE,Y
4250,935.22,N,Elder,F,14,B,MAGENTA,M,ME,N
4251,739.92,N,Elder,M,12,B,BROWN,S,SW,Y
4252,826.52,N,Elder,M,17,B,BROWN,N,NW,Y
4253,1202.5,N,Elder,M,17,C,BROWN,S,SE,N
4254,399.77,N,Elder,M,16,A,MAGENTA,M,MW,N
4255,654.4,N,Elder,M,16,A,INDIGO,N,NW,Y
4256,952.64,N,Elder,F,15,C,BROWN,M,ME,Y
4257,435,N,Elder,M,13,A,PURPLE,S,SW,N
4258,1203.9,N,Elder,M,21,B,MAGENTA,M,MW,Y
4259,929.4,N,Elder,F,16,A,INDIGO,N,NW,Y
4260,1293.34,N,Elder,F,16,C,MAGENTA,S,SW,N
4261,338,N,Elder,F,15,A,PURPLE,M,MW,N
4262,766.47,N,Elder,F,13,B,INDIGO,N,NW,N
4263,961.19,N,Elder,F,16,A,BROWN,S,SW,Y
4264,1260.98,N,Elder,M,17,C,BROWN,S,SW,Y
4265,893.2,N,Elder,M,20,B,BROWN,N,NW,Y
4266,756.92,Y,Young,M,16,B,BROWN,N,NE,Y
4267,758.95,N,Elder,F,15,B,MAGENTA,N,NW,N
4268,1066.17,N,Elder,M,17,B,MAGENTA,N,NW,Y
4269,682.15,N,Elder,F,18,A,MAGENTA,M,MW,N
4270,1504.43,N,Elder,F,21,C,BROWN,M,MW,N
4271,659.25,N,Elder,F,16,A,BROWN,M,MW,Y
4272,1293.49,N,Elder,M,20,C,BROWN,N,NE,Y
4273,283.09,N,Elder,M,14,A,BROWN,M,MW,Y
4274,1325.28,N,Elder,M,16,D,INDIGO,N,NW,N
4275,1078.16,N,Elder,M,17,C,INDIGO,N,NW,N
4276,672.07,N,Elder,F,16,B,BROWN,M,ME,Y
4277,1357.87,N,Elder,M,17,D,BROWN,S,SE,Y
4278,422.66,N,Young,M,13,A,BROWN,N,NE,Y
4279,1595.93,N,Elder,M,16,C,BROWN,N,NW,Y
4280,1145.52,N,Elder,M,16,A,BROWN,M,MW,N
4281,982.88,N,Young,M,18,B,BROWN,N,NE,Y
4282,564.65,N,Elder,F,14,B,BROWN,N,NW,Y
4283,1071.81,N,Elder,M,15,C,BROWN,N,NW,Y
4284,866.4,N,Elder,M,19,B,BROWN,M,ME,Y
4285,747.89,N,Elder,F,15,A,MAGENTA,M,ME,Y
4286,1023.2,N,Elder,M,17,C,BROWN,N,NE,Y
4287,899.13,N,Elder,F,17,B,PURPLE,M,MW,N
4288,715.04,N,Elder,F,17,B,BROWN,N,NE,Y
4289,1832.96,N,Elder,M,24,D,MAGENTA,M,MW,N
4290,255.1,N,Young,F,13,A,INDIGO,M,ME,Y
4291,853.2,Y,Elder,F,13,C,MAGENTA,M,ME,N
4292,929.46,N,Elder,F,15,C,MAGENTA,N,NE,N
4293,710.52,N,Elder,M,16,B,BROWN,N,NE,N
4294,1258.33,N,Elder,M,17,C,MAGENTA,S,SE,N
4295,502.03,N,Elder,M,12,B,INDIGO,N,NE,Y
4296,1172.33,N,Elder,M,18,C,BROWN,S,SW,Y
4297,655.66,N,Elder,F,16,B,BROWN,M,ME,Y
4298,640.72,N,Elder,F,15,B,PURPLE,S,SW,N
4299,1169.55,N,Elder,M,19,C,BROWN,S,SW,Y
4300,867.77,N,Elder,M,18,B,MAGENTA,M,MW,N
4301,1240.05,N,Elder,F,20,C,BROWN,M,ME,Y
4302,866.25,N,Elder,M,19,B,BROWN,N,NE,Y
4303,961.28,N,Elder,M,15,C,BROWN,N,NE,N
4304,954.13,N,Elder,F,19,B,BROWN,N,NE,N
4305,525.57,N,Elder,M,15,A,BROWN,M,MW,N
4306,1587.13,N,Elder,M,18,C,INDIGO,S,SE,N
4307,810.73,N,Elder,F,12,C,INDIGO,M,MW,Y
4308,1434.62,Y,Elder,F,17,D,BROWN,M,MW,Y
4309,1032.82,N,Elder,M,17,C,INDIGO,S,SW,N
4310,627.76,N,Elder,M,15,B,PURPLE,N,NW,N
4311,618.28,N,Elder,M,18,A,INDIGO,S,SE,N
4312,1110.8,N,Elder,F,16,C,MAGENTA,N,NE,N
4313,989.42,N,Elder,M,15,B,INDIGO,S,SW,N
4314,885.79,N,Elder,M,20,B,INDIGO,N,NW,Y
4315,542.02,Y,Young,M,18,A,BROWN,M,ME,Y
4316,669.52,N,Elder,M,15,B,BROWN,N,NE,Y
4317,786.53,N,Elder,M,12,A,BROWN,S,SW,Y
4318,695.16,N,Elder,F,14,B,PURPLE,N,NW,N
4319,808.07,N,Elder,M,17,B,MAGENTA,N,NW,N
4320,1093.77,N,Elder,F,17,A,BROWN,N,NW,N
4321,1016.8,N,Elder,F,16,C,INDIGO,N,NW,Y
4322,668.8,N,Elder,M,16,B,MAGENTA,N,NW,N
4323,421.9,N,Elder,F,11,B,BROWN,S,SW,Y
4324,976.47,N,Elder,F,15,C,MAGENTA,S,SW,N
4325,1045.96,N,Elder,M,18,B,MAGENTA,M,ME,N
4326,329.63,N,Elder,M,14,A,INDIGO,N,NE,Y
4327,813.55,N,Elder,F,15,B,MAGENTA,S,SE,N
4328,1048.09,Y,Elder,M,21,B,BROWN,M,MW,Y
4329,443.34,N,Elder,M,17,A,INDIGO,M,ME,Y
4330,1103.9,N,Elder,F,15,C,PURPLE,N,NE,N
4331,1149.42,Y,Elder,M,20,C,BROWN,S,SE,Y
4332,840.74,N,Elder,M,18,B,PURPLE,S,SW,N
4333,442.35,N,Elder,M,15,A,BROWN,S,SW,Y
4334,570.4,N,Elder,F,15,A,BROWN,N,NW,Y
4335,734.57,N,Elder,F,11,C,BROWN,M,MW,N
4336,457.69,N,Elder,M,17,A,INDIGO,M,MW,N
4337,465.68,N,Elder,F,15,A,MAGENTA,N,NE,N
4338,1407.73,N,Elder,F,19,B,MAGENTA,M,MW,N
4339,986.93,N,Young,F,16,C,BROWN,N,NW,Y
4340,983.15,N,Elder,F,17,C,INDIGO,M,MW,N
4341,567.83,N,Elder,F,15,A,INDIGO,S,SW,Y
4342,963.88,N,Elder,F,15,C,BROWN,M,MW,Y
4343,435.68,Y,Elder,F,17,A,INDIGO,M,MW,Y
4344,794.87,N,Young,F,13,A,PURPLE,S,SW,N
4345,693.77,Y,Elder,M,21,A,INDIGO,M,MW,Y
4346,2624.57,N,Elder,F,20,C,INDIGO,S,SW,N
4347,1235.43,Y,Elder,M,20,B,INDIGO,S,SW,Y
4348,827.26,Y,Young,M,12,C,BROWN,S,SW,Y
4349,825.23,Y,Elder,F,11,C,PURPLE,S,SW,N
4350,640.13,N,Young,F,14,B,MAGENTA,N,NW,N
4351,1851.76,N,Elder,M,21,C,INDIGO,S,SE,Y
4352,763.25,Y,Young,M,11,B,MAGENTA,M,ME,N
4353,171.34,Y,Elder,M,12,A,BROWN,N,NW,Y
4354,977.53,N,Elder,M,17,B,BROWN,M,MW,Y
4355,1433.64,N,Elder,F,19,C,PURPLE,M,ME,N
4356,666.02,N,Elder,M,15,B,PURPLE,M,MW,N
4357,605.04,Y,Elder,M,15,B,BROWN,N,NW,Y
4358,790.57,N,Elder,M,17,B,INDIGO,M,MW,Y
4359,941.36,N,Elder,M,16,C,INDIGO,N,NE,Y
4360,1021.18,N,Elder,M,21,B,INDIGO,M,MW,N
4361,618.14,N,Elder,M,15,B,MAGENTA,N,NE,N
4362,332.75,N,Elder,M,10,B,MAGENTA,M,MW,N
4363,999.48,N,Elder,M,16,B,BROWN,N,NW,Y
4364,1210.24,N,Elder,M,17,B,INDIGO,S,SE,N
4365,747.08,N,Elder,M,14,A,BROWN,N,NW,Y
4366,966.27,N,Elder,F,16,C,MAGENTA,S,SE,Y
4367,533.87,N,Elder,M,17,A,PURPLE,N,NE,N
4368,366.17,N,Elder,F,15,A,INDIGO,M,ME,N
4369,1008.5,N,Elder,M,20,B,BROWN,N,NW,Y
4370,1749.5,N,Elder,M,14,B,BROWN,M,ME,Y
4371,1082.89,N,Elder,M,22,B,INDIGO,S,SE,N
4372,858.23,N,Elder,M,19,B,MAGENTA,N,NW,Y
4373,912.3,Y,Elder,M,15,B,INDIGO,M,ME,Y
4374,517.28,N,Elder,F,13,B,INDIGO,N,NE,N
4375,859.68,Y,Elder,F,14,C,INDIGO,M,MW,Y
4376,756.07,N,Elder,M,19,A,BROWN,N,NE,Y
4377,740.86,N,Elder,F,14,B,INDIGO,S,SW,Y
4378,685.74,N,Elder,M,16,B,INDIGO,N,NE,Y
4379,388.54,N,Elder,M,16,A,BROWN,N,NE,N
4380,1010.45,N,Elder,F,20,B,BROWN,N,NW,N
4381,483.67,Y,Young,M,12,B,INDIGO,M,ME,Y
4382,684.16,N,Elder,M,16,B,INDIGO,N,NE,N
4383,1071.53,N,Elder,M,19,B,BROWN,N,NW,Y
4384,411.78,N,Elder,M,14,A,INDIGO,N,NW,N
4385,298.68,N,Elder,F,14,A,BROWN,M,MW,Y
4386,1126,N,Elder,F,14,C,BROWN,M,MW,Y
4387,392.89,N,Young,F,15,A,MAGENTA,M,ME,N
4388,599.88,N,Elder,F,19,A,MAGENTA,S,SW,N
4389,388.28,N,Elder,F,16,A,BROWN,M,ME,Y
4390,800.56,N,Elder,M,22,A,INDIGO,S,SE,Y
4391,657.73,N,Elder,M,15,B,MAGENTA,N,NW,N
4392,832.81,N,Elder,M,16,B,INDIGO,S,SE,Y
4393,539.65,Y,Elder,M,18,A,PURPLE,S,SE,N
4394,1847.26,N,Elder,F,18,B,INDIGO,M,MW,N
4395,1220.59,N,Young,F,15,A,BROWN,M,MW,N
4396,1576.62,N,Elder,F,14,C,BROWN,M,MW,Y
4397,853.55,Y,Elder,F,19,B,BROWN,S,SW,Y
4398,715.33,N,Elder,F,16,B,BROWN,N,NW,Y
4399,1883.13,N,Elder,M,19,C,BROWN,M,MW,Y
4400,708.05,N,Elder,M,15,B,INDIGO,M,ME,N
4401,1071.97,N,Elder,F,16,B,BROWN,N,NE,Y
4402,928.36,N,Elder,F,11,B,MAGENTA,N,NW,N
4403,487.39,Y,Elder,F,12,B,INDIGO,N,NE,Y
4404,994.71,N,Elder,M,17,C,INDIGO,S,SW,N
4405,1140.28,N,Elder,M,11,C,MAGENTA,S,SE,Y
4406,916.99,N,Elder,F,17,B,MAGENTA,M,ME,Y
4407,775.9,N,Elder,M,17,B,PURPLE,S,SE,N
4408,603.17,N,Elder,M,15,B,BROWN,M,MW,Y
4409,816.85,N,Elder,M,18,B,MAGENTA,S,SE,Y
4410,780.23,N,Elder,M,17,A,BROWN,M,MW,Y
4411,347.28,N,Elder,F,12,A,BROWN,N,NW,N
4412,1854.55,N,Elder,F,17,B,PURPLE,M,ME,N
4413,1012.02,Y,Elder,F,16,C,MAGENTA,N,NW,N
4414,496.08,N,Elder,F,18,A,BROWN,N,NW,Y
4415,1384.75,N,Elder,M,19,B,INDIGO,N,NW,N
4416,1187.37,N,Elder,M,17,B,BROWN,M,MW,Y
4417,1617.19,N,Elder,M,17,C,INDIGO,N,NW,N
4418,1150.62,Y,Elder,M,20,C,INDIGO,N,NW,Y
4419,470.29,N,Elder,F,12,B,BROWN,N,NW,Y
4420,1138.03,N,Elder,F,17,C,INDIGO,M,MW,Y
4421,460.5,N,Elder,M,12,B,BROWN,N,NE,Y
4422,817.84,Y,Elder,M,16,B,BROWN,N,NE,Y
4423,952.84,N,Elder,M,12,A,BROWN,M,ME,Y
4424,1359.53,N,Elder,F,16,B,INDIGO,M,ME,N
4425,908.85,N,Elder,M,19,B,INDIGO,S,SE,Y
4426,1137.27,N,Elder,M,18,A,BROWN,N,NW,Y
4427,615.99,N,Elder,M,14,B,INDIGO,S,SE,N
4428,365.57,N,Elder,F,15,A,INDIGO,M,MW,N
4429,1325.26,N,Elder,M,15,D,INDIGO,M,ME,Y
4430,255.05,N,Elder,M,13,A,MAGENTA,M,ME,Y
4431,495.13,N,Elder,M,17,A,PURPLE,M,ME,N
4432,2043.17,N,Elder,M,16,C,INDIGO,M,MW,N
4433,101.73,N,Young,F,10,A,MAGENTA,M,MW,N
4434,341.48,N,Elder,F,14,A,INDIGO,S,SW,N
4435,1006.14,N,Elder,M,15,B,INDIGO,S,SE,Y
4436,975.01,N,Elder,M,20,B,BROWN,S,SW,N
4437,788.11,N,Elder,M,18,A,MAGENTA,S,SW,N
4438,715.41,N,Elder,M,22,A,BROWN,N,NW,Y
4439,990.07,N,Elder,M,17,C,INDIGO,M,MW,Y
4440,221.93,N,Elder,F,13,A,BROWN,M,MW,Y
4441,532.59,N,Elder,M,16,A,MAGENTA,M,ME,N
4442,430.96,N,Elder,M,15,A,BROWN,S,SW,N
4443,1580,N,Elder,M,19,D,BROWN,M,MW,N
4444,1199.56,N,Elder,M,21,B,BROWN,M,MW,Y
4445,1270.35,N,Elder,M,22,B,INDIGO,M,ME,N
4446,735.3,N,Elder,M,16,B,MAGENTA,S,SW,N
4447,729.42,N,Elder,M,16,B,MAGENTA,S,SE,N
4448,999.43,N,Elder,F,16,C,MAGENTA,M,ME,N
4449,675.03,N,Elder,F,16,B,BROWN,N,NE,Y
4450,1197.14,Y,Elder,F,18,C,BROWN,M,ME,Y
4451,838.86,N,Elder,F,19,B,PURPLE,S,SW,N
4452,580.24,N,Elder,F,17,A,INDIGO,M,ME,Y
4453,904.87,N,Elder,M,16,B,BROWN,N,NW,Y
4454,1295.85,N,Elder,M,21,B,MAGENTA,M,ME,N
4455,799.23,N,Elder,F,16,B,INDIGO,M,ME,N
4456,946.51,Y,Elder,F,16,C,BROWN,S,SW,Y
4457,992.39,N,Elder,M,17,C,PURPLE,M,MW,N
4458,853.24,N,Elder,F,14,B,MAGENTA,M,MW,N
4459,455.56,N,Elder,M,17,A,BROWN,S,SW,Y
4460,1134.43,N,Elder,M,14,C,BROWN,S,SE,Y
4461,719.28,N,Elder,F,17,A,BROWN,S,SE,N
4462,884.71,N,Elder,M,15,C,INDIGO,N,NE,N
4463,432.24,N,Elder,F,17,A,INDIGO,S,SW,N
4464,570.9,N,Elder,F,14,B,INDIGO,S,SE,N
4465,768.84,N,Elder,F,18,B,BROWN,M,MW,Y
4466,504.42,N,Elder,M,16,A,BROWN,S,SW,N
4467,371.34,N,Elder,F,12,A,PURPLE,N,NE,N
4468,839.02,Y,Elder,M,14,C,BROWN,M,MW,Y
4469,546.7,N,Elder,M,18,A,BROWN,M,MW,Y
4470,847.3,N,Elder,M,20,A,BROWN,S,SW,Y
4471,506.16,N,Elder,F,18,A,INDIGO,M,ME,N
4472,1053.63,N,Elder,F,17,C,INDIGO,N,NW,Y
4473,1114.14,Y,Elder,F,18,C,INDIGO,M,ME,Y
4474,792.54,N,Elder,F,18,B,PURPLE,M,MW,N
4475,1370.9,N,Elder,M,17,C,INDIGO,N,NW,N
4476,1166.68,N,Elder,M,20,C,MAGENTA,M,MW,N
4477,1122.89,N,Elder,M,15,B,MAGENTA,N,NE,N
4478,837.92,Y,Young,F,12,C,INDIGO,S,SE,Y
4479,662.14,N,Young,F,13,B,INDIGO,N,NE,Y
4480,776.75,N,Elder,M,18,B,BROWN,M,MW,Y
4481,502.87,Y,Elder,M,17,A,INDIGO,N,NW,Y
4482,896.14,N,Elder,F,18,B,MAGENTA,N,NE,N
4483,1296.95,N,Elder,F,22,C,BROWN,N,NE,N
4484,507.85,N,Elder,M,18,A,INDIGO,N,NE,Y
4485,687.61,N,Elder,M,15,B,MAGENTA,N,NW,N
4486,487.36,N,Elder,M,16,A,MAGENTA,M,MW,N
4487,1459.28,N,Elder,M,20,D,INDIGO,M,MW,N
4488,638.63,N,Elder,M,17,A,BROWN,M,MW,Y
4489,1293.34,N,Elder,F,21,B,BROWN,M,MW,Y
4490,594.41,N,Elder,M,19,A,INDIGO,N,NE,N
4491,759.91,N,Elder,M,17,B,BROWN,M,ME,Y
4492,841.57,N,Elder,M,19,B,INDIGO,M,MW,Y
4493,751.21,N,Elder,M,15,A,MAGENTA,S,SW,N
4494,743.07,N,Elder,M,16,B,MAGENTA,N,NW,N
4495,1125.78,N,Elder,M,19,B,PURPLE,S,SE,N
4496,824.71,N,Elder,F,15,B,MAGENTA,N,NE,Y
4497,227.41,N,Elder,M,13,A,BROWN,N,NW,Y
4498,488.86,N,Elder,M,17,A,INDIGO,M,MW,Y
4499,1575.52,N,Elder,M,18,C,BROWN,S,SW,Y
4500,796.3,N,Elder,M,19,A,BROWN,N,NW,N
4501,608.03,N,Elder,M,15,B,BROWN,M,ME,N
4502,616.66,N,Elder,M,20,A,BROWN,M,MW,Y
4503,915.16,N,Elder,F,11,C,INDIGO,N,NW,Y
4504,778.84,N,Young,M,18,B,INDIGO,N,NW,N
4505,880.13,N,Elder,M,19,B,BROWN,M,MW,Y
4506,1447.49,N,Elder,F,10,C,MAGENTA,S,SW,N
4507,1127.93,N,Elder,M,18,C,BROWN,N,NE,Y
4508,686.64,N,Elder,M,14,B,INDIGO,N,NW,N
4509,426.1,N,Elder,M,14,A,BROWN,N,NE,Y
4510,812.59,N,Elder,M,18,B,MAGENTA,N,NE,N
4511,540.1,N,Elder,F,13,B,INDIGO,M,ME,N
4512,934.91,Y,Young,F,15,B,BROWN,M,ME,Y
4513,929.79,Y,Elder,M,16,C,BROWN,N,NW,Y
4514,1110.21,N,Elder,M,14,C,INDIGO,M,ME,N
4515,829,N,Elder,M,17,B,BROWN,M,MW,N
4516,958.25,N,Elder,M,17,B,MAGENTA,N,NW,N
4517,821.67,N,Elder,F,17,B,MAGENTA,S,SE,N
4518,1178.01,N,Elder,M,20,C,BROWN,M,ME,N
4519,535.14,N,Elder,F,14,A,MAGENTA,N,NE,Y
4520,1350.72,Y,Elder,M,17,D,INDIGO,M,MW,Y
4521,722.92,N,Elder,M,19,A,MAGENTA,N,NW,N
4522,1138.5,N,Elder,M,17,C,BROWN,N,NE,N
4523,1436.15,N,Elder,M,18,C,INDIGO,S,SW,Y
4524,557.32,Y,Elder,M,14,B,BROWN,S,SW,N
4525,1307.57,Y,Elder,M,23,B,BROWN,M,MW,Y
4526,639.43,Y,Elder,F,13,B,BROWN,M,ME,Y
4527,112.44,N,Elder,M,11,A,INDIGO,N,NE,Y
4528,681.94,N,Elder,M,14,B,MAGENTA,S,SW,N
4529,1071.88,N,Elder,M,16,C,BROWN,M,ME,Y
4530,524.37,Y,Elder,M,18,A,BROWN,N,NW,N
4531,525.53,N,Elder,M,18,A,MAGENTA,N,NE,N
4532,517.37,N,Elder,M,17,A,BROWN,N,NW,Y
4533,692.99,N,Elder,F,16,B,INDIGO,S,SW,Y
4534,610.14,Y,Elder,M,19,A,INDIGO,S,SE,Y
4535,1101.83,N,Elder,M,21,B,BROWN,S,SE,Y
4536,1021.17,N,Elder,M,19,A,MAGENTA,N,NE,N
4537,655.39,N,Elder,M,19,A,INDIGO,N,NE,N
4538,754.22,N,Elder,F,16,B,PURPLE,M,MW,N
4539,1032.96,N,Elder,M,17,C,PURPLE,N,NW,N
4540,651.33,N,Elder,M,13,A,BROWN,N,NW,Y
4541,516.58,N,Young,F,18,A,INDIGO,N,NW,N
4542,530.05,N,Elder,F,16,A,MAGENTA,M,MW,Y
4543,827.8,N,Elder,F,18,B,MAGENTA,M,ME,Y
4544,2012.67,N,Elder,F,16,D,BROWN,S,SW,Y
4545,1474.3,N,Elder,M,17,D,BROWN,M,ME,N
4546,832.51,N,Elder,F,18,B,INDIGO,S,SE,Y
4547,1275.88,N,Elder,M,21,C,INDIGO,N,NW,N
4548,718.46,N,Elder,M,12,C,BROWN,M,ME,N
4549,506.94,N,Elder,M,16,A,INDIGO,N,NE,Y
4550,1290.73,Y,Elder,F,17,D,PURPLE,N,NE,N
4551,836.31,N,Elder,M,17,B,INDIGO,S,SE,N
4552,1109.99,N,Elder,F,15,C,MAGENTA,M,ME,Y
4553,1010.32,N,Elder,M,17,C,INDIGO,M,MW,N
4554,703.95,N,Elder,M,14,B,INDIGO,N,NW,Y
4555,677.16,N,Elder,M,16,B,INDIGO,N,NE,Y
4556,1500.25,N,Young,M,15,B,INDIGO,N,NW,Y
4557,502.45,N,Elder,M,17,A,BROWN,M,ME,N
4558,939.94,N,Elder,F,14,C,MAGENTA,S,SE,N
4559,849.58,N,Elder,M,14,C,MAGENTA,M,ME,N
4560,1122.27,N,Elder,M,19,C,BROWN,N,NE,Y
4561,658.82,N,Elder,F,16,B,BROWN,M,ME,N
4562,826.02,N,Elder,M,19,B,BROWN,N,NW,N
4563,958.11,N,Elder,M,18,B,MAGENTA,N,NW,N
4564,459.96,N,Elder,F,17,A,INDIGO,M,MW,Y
4565,728.43,N,Elder,M,16,A,INDIGO,N,NW,N
4566,787.54,Y,Elder,F,18,B,INDIGO,M,ME,N
4567,426.79,N,Elder,F,16,A,BROWN,N,NW,Y
4568,383.23,N,Elder,F,15,A,BROWN,M,MW,N
4569,524.31,N,Elder,F,18,A,INDIGO,S,SW,Y
4570,1203.77,Y,Elder,M,13,C,MAGENTA,M,ME,Y
4571,361.33,N,Elder,F,15,A,MAGENTA,S,SW,N
4572,1163.82,N,Elder,F,20,C,BROWN,N,NW,Y
4573,742.81,Y,Elder,F,12,C,INDIGO,M,MW,N
4574,873.85,N,Elder,M,17,B,BROWN,N,NW,Y
4575,2017.51,Y,Elder,F,15,D,INDIGO,M,MW,Y
4576,1155.86,N,Elder,M,15,D,BROWN,S,SW,Y
4577,373.43,N,Elder,M,15,A,MAGENTA,S,SE,N
4578,751.51,N,Elder,M,17,B,BROWN,N,NE,Y
4579,871.16,N,Elder,F,11,C,BROWN,N,NE,Y
4580,567.83,N,Elder,M,17,A,BROWN,S,SE,Y
4581,244.61,N,Elder,M,12,A,INDIGO,N,NW,Y
4582,644.12,N,Young,M,17,A,INDIGO,N,NW,Y
4583,1143.38,N,Elder,M,19,C,BROWN,M,ME,Y
4584,903.63,Y,Elder,F,15,C,BROWN,M,MW,Y
4585,1281.25,N,Elder,F,17,C,INDIGO,S,SE,N
4586,1354.09,N,Elder,F,17,C,BROWN,S,SW,N
4587,605.68,N,Elder,M,15,B,INDIGO,M,ME,N
4588,1187.09,N,Elder,M,14,D,MAGENTA,M,ME,N
4589,833.84,N,Elder,F,15,B,MAGENTA,M,MW,N
4590,919.94,N,Elder,F,12,C,MAGENTA,S,SW,N
4591,999.66,N,Elder,M,16,C,INDIGO,M,ME,N
4592,573.62,Y,Elder,F,14,A,INDIGO,M,ME,Y
4593,499.21,Y,Elder,F,13,B,INDIGO,N,NE,Y
4594,1051.35,N,Elder,F,17,C,MAGENTA,S,SW,N
4595,1277.36,N,Elder,M,26,B,BROWN,N,NW,N
4596,994.58,N,Elder,M,17,C,BROWN,M,MW,Y
4597,1533.64,Y,Elder,M,22,D,INDIGO,N,NE,Y
4598,474.67,N,Elder,M,17,A,BROWN,N,NW,Y
4599,1074.23,N,Young,F,10,B,BROWN,M,MW,Y
4600,1150.86,Y,Elder,M,15,D,INDIGO,N,NE,Y
4601,858.52,N,Elder,F,15,B,INDIGO,M,MW,Y
4602,1422.78,N,Elder,M,18,C,INDIGO,M,MW,N
4603,944.7,N,Elder,F,19,A,BROWN,M,MW,N
4604,758.08,N,Elder,M,17,B,INDIGO,N,NW,Y
4605,862.62,N,Elder,F,14,B,MAGENTA,M,ME,Y
4606,466.46,N,Elder,M,15,A,MAGENTA,S,SE,N
4607,955.46,N,Elder,F,14,B,INDIGO,M,ME,N
4608,452.98,Y,Young,M,12,B,BROWN,N,NW,Y
4609,1334.16,N,Elder,F,15,D,INDIGO,S,SW,Y
4610,1044.69,N,Elder,M,18,C,INDIGO,M,MW,Y
4611,729.49,N,Elder,M,16,B,MAGENTA,N,NE,N
4612,617.44,N,Young,M,15,B,BROWN,N,NW,Y
4613,663.74,N,Elder,M,14,B,MAGENTA,M,ME,Y
4614,1023.93,N,Elder,M,17,C,BROWN,S,SE,Y
4615,375.94,N,Elder,M,15,A,PURPLE,N,NE,N
4616,782.51,N,Elder,M,16,B,BROWN,N,NE,Y
4617,580.42,N,Elder,M,19,A,BROWN,S,SW,Y
4618,814.33,N,Elder,M,12,C,BROWN,N,NW,Y
4619,360.6,N,Elder,F,13,A,MAGENTA,N,NE,N
4620,1037.34,N,Elder,F,18,B,INDIGO,M,ME,Y
4621,1800.07,N,Elder,M,19,D,BROWN,M,MW,Y
4622,485.72,N,Elder,F,17,A,MAGENTA,N,NW,Y
4623,587.1,N,Elder,F,14,B,MAGENTA,N,NE,Y
4624,1546.53,N,Elder,F,18,B,INDIGO,N,NW,Y
4625,768.43,N,Elder,M,18,B,BROWN,N,NW,Y
4626,520.3,N,Elder,F,17,A,BROWN,N,NW,Y
4627,538.66,Y,Elder,F,15,A,INDIGO,M,MW,N
4628,1576.49,N,Elder,M,23,C,MAGENTA,M,MW,N
4629,763.64,N,Elder,F,17,B,INDIGO,N,NW,N
4630,1218.2,Y,Elder,F,19,B,BROWN,M,MW,Y
4631,570.58,N,Elder,F,14,A,MAGENTA,M,ME,N
4632,568.55,N,Elder,F,14,B,INDIGO,S,SW,Y
4633,986.78,N,Elder,M,17,C,BROWN,M,MW,Y
4634,1352.48,N,Elder,M,16,A,INDIGO,N,NW,N
4635,767.94,N,Elder,M,16,B,PURPLE,S,SE,N
4636,983.43,N,Elder,F,11,C,INDIGO,M,MW,N
4637,1055.46,N,Young,M,17,C,INDIGO,M,MW,Y
4638,727.43,N,Elder,F,11,B,MAGENTA,N,NW,N
4639,1130.61,N,Elder,M,18,C,BROWN,M,MW,Y
4640,570.98,Y,Elder,M,12,B,PURPLE,N,NE,N
4641,1407.84,N,Elder,M,19,C,INDIGO,N,NW,Y
4642,904.1,N,Elder,F,14,C,INDIGO,S,SE,N
4643,1311.06,N,Elder,M,21,C,PURPLE,M,MW,N
4644,829.7,N,Elder,F,14,C,BROWN,M,MW,Y
4645,736.48,N,Elder,M,17,B,MAGENTA,S,SW,N
4646,864.48,N,Elder,M,16,A,INDIGO,N,NW,N
4647,917.01,N,Elder,M,19,B,INDIGO,M,MW,Y
4648,504.47,N,Young,F,14,A,INDIGO,M,ME,N
4649,558.65,Y,Elder,M,14,B,INDIGO,M,MW,Y
4650,928.02,N,Elder,M,16,C,INDIGO,N,NE,N
4651,1805.73,N,Elder,M,16,C,MAGENTA,N,NW,N
4652,665.8,Y,Elder,M,19,A,MAGENTA,S,SE,Y
4653,842.28,N,Elder,F,19,B,INDIGO,S,SW,Y
4654,951.58,N,Elder,F,12,C,BROWN,S,SE,Y
4655,857.74,N,Elder,M,18,B,BROWN,M,MW,Y
4656,1223.15,N,Elder,M,20,B,BROWN,S,SW,Y
4657,931.36,N,Elder,F,19,B,INDIGO,M,MW,Y
4658,804.65,N,Elder,M,17,B,INDIGO,M,MW,Y
4659,1085.42,N,Elder,M,18,C,MAGENTA,N,NW,N
4660,1492.49,N,Elder,F,13,D,INDIGO,M,MW,Y
4661,812.02,N,Elder,M,14,B,BROWN,N,NW,Y
4662,950.65,N,Elder,M,16,B,INDIGO,N,NW,Y
4663,1108.13,N,Elder,F,14,C,MAGENTA,N,NE,N
4664,718.8,N,Young,M,17,B,MAGENTA,S,SE,N
4665,832.53,N,Elder,M,19,B,INDIGO,M,MW,N
4666,668.76,N,Elder,F,16,B,MAGENTA,N,NW,Y
4667,417.39,N,Elder,F,16,A,BROWN,N,NW,Y
4668,576.76,N,Young,M,13,B,MAGENTA,M,MW,N
4669,699.76,N,Elder,F,16,B,INDIGO,M,MW,N
4670,1580.15,N,Elder,F,16,B,MAGENTA,N,NW,N
4671,1005.52,N,Elder,M,16,C,INDIGO,M,MW,N
4672,548.02,N,Elder,M,13,B,BROWN,N,NW,Y
4673,663.64,Y,Young,F,16,B,INDIGO,N,NW,N
4674,442.56,Y,Elder,F,12,B,BROWN,M,ME,Y
4675,785.14,N,Elder,F,17,B,INDIGO,S,SW,Y
4676,781.83,N,Young,M,16,B,BROWN,N,NE,Y
4677,688.54,N,Elder,F,16,B,MAGENTA,M,MW,Y
4678,814.97,N,Elder,M,13,C,MAGENTA,M,MW,N
4679,808.89,N,Elder,M,21,A,BROWN,S,SE,N
4680,872.87,N,Elder,M,20,B,MAGENTA,M,ME,N
4681,661.64,N,Elder,F,16,B,BROWN,M,ME,Y
4682,656.95,N,Elder,M,16,B,BROWN,N,NW,N
4683,1286.55,Y,Elder,M,15,D,MAGENTA,M,ME,N
4684,810.36,N,Elder,F,18,B,INDIGO,N,NW,Y
4685,545.01,N,Elder,F,13,B,BROWN,S,SW,Y
4686,687.47,N,Elder,M,16,B,PURPLE,S,SE,N
4687,1574.05,N,Elder,M,17,D,BROWN,M,MW,Y
4688,674.71,N,Elder,M,14,B,INDIGO,M,ME,N
4689,906.97,N,Young,M,16,B,BROWN,M,MW,Y
4690,731.96,N,Elder,F,16,B,MAGENTA,N,NE,Y
4691,1530.21,Y,Young,M,12,B,MAGENTA,S,SW,Y
4692,899.06,N,Elder,M,17,A,BROWN,N,NE,Y
4693,861.71,N,Elder,M,19,B,BROWN,S,SE,N
4694,948.2,Y,Elder,M,16,B,BROWN,M,ME,Y
4695,1044.9,N,Elder,M,17,C,INDIGO,S,SW,Y
4696,408.01,N,Elder,M,15,A,BROWN,S,SW,N
4697,1040.71,N,Elder,M,18,C,MAGENTA,S,SW,N
4698,338.33,N,Elder,M,11,A,INDIGO,M,ME,N
4699,1269.33,N,Elder,M,18,C,PURPLE,M,ME,N
4700,664.64,N,Elder,M,16,B,MAGENTA,M,ME,Y
4701,977.78,N,Elder,M,18,B,BROWN,M,ME,N
4702,541.14,N,Elder,M,18,A,MAGENTA,S,SE,N
4703,722.92,N,Elder,F,15,B,INDIGO,M,MW,Y
4704,1174.43,N,Young,F,14,A,MAGENTA,M,MW,Y
4705,765.55,Y,Elder,M,18,B,BROWN,N,NE,Y
4706,917.84,N,Elder,F,15,C,INDIGO,N,NE,Y
4707,844.42,N,Elder,M,18,B,INDIGO,S,SW,N
4708,582.72,N,Elder,F,14,B,MAGENTA,M,ME,N
4709,568.54,N,Elder,M,14,B,MAGENTA,M,ME,N
4710,655.98,Y,Elder,F,16,B,BROWN,N,NW,Y
4711,562.8,N,Elder,F,17,A,BROWN,M,ME,N
4712,853.55,N,Elder,F,17,A,MAGENTA,N,NW,N
4713,1005.81,N,Elder,F,16,C,INDIGO,N,NE,Y
4714,711.01,N,Elder,F,16,B,BROWN,M,ME,Y
4715,984.61,N,Elder,M,16,B,MAGENTA,S,SW,N
4716,1535.76,Y,Young,M,20,D,BROWN,M,ME,Y
4717,918.69,N,Elder,F,18,A,BROWN,M,MW,N
4718,557.38,N,Elder,M,14,B,PURPLE,M,MW,N
4719,219.22,N,Elder,F,13,A,MAGENTA,M,ME,N
4720,1042.59,N,Elder,M,18,C,INDIGO,M,ME,Y
4721,71.48,N,Elder,M,10,A,BROWN,N,NW,Y
4722,1204.75,N,Elder,M,15,D,BROWN,M,ME,Y
4723,1127.43,N,Elder,M,18,C,INDIGO,M,MW,Y
4724,652.8,N,Elder,M,16,B,MAGENTA,M,ME,Y
4725,721.87,N,Elder,F,16,B,BROWN,N,NE,Y
4726,340.76,N,Young,F,13,A,BROWN,N,NE,Y
4727,544.99,N,Elder,F,16,A,INDIGO,N,NW,Y
4728,912.79,N,Elder,M,19,B,BROWN,N,NE,N
4729,1088.99,N,Young,M,15,C,INDIGO,N,NW,Y
4730,455.75,N,Elder,M,16,A,BROWN,N,NW,Y
4731,507.56,N,Elder,M,16,A,MAGENTA,N,NW,Y
4732,782.48,N,Elder,F,17,B,MAGENTA,M,MW,N
4733,559.99,N,Elder,F,14,B,BROWN,N,NW,Y
4734,778.22,N,Elder,M,13,C,INDIGO,N,NE,Y
4735,741.17,N,Young,F,14,B,INDIGO,S,SE,Y
4736,487.3,N,Elder,M,16,A,INDIGO,M,MW,Y
4737,836.69,N,Elder,M,14,C,BROWN,N,NE,Y
4738,423.25,N,Young,F,16,A,BROWN,N,NW,N
4739,599.98,N,Elder,M,13,B,INDIGO,M,MW,Y
4740,799.09,N,Elder,M,15,B,BROWN,M,MW,Y
4741,348.49,Y,Elder,F,10,B,PURPLE,N,NW,N
4742,796.9,N,Elder,F,22,A,BROWN,M,ME,Y
4743,794.53,N,Elder,M,18,B,BROWN,M,MW,Y
4744,831.85,N,Elder,M,19,B,BROWN,M,ME,Y
4745,713.26,N,Elder,F,17,B,INDIGO,N,NE,Y
4746,387.45,N,Elder,F,16,A,INDIGO,M,ME,Y
4747,346.19,N,Elder,M,15,A,INDIGO,S,SE,Y
4748,998.17,N,Elder,M,16,B,MAGENTA,M,MW,Y
4749,355.07,N,Elder,F,15,A,MAGENTA,M,MW,Y
4750,548.6,N,Elder,M,17,A,INDIGO,S,SE,Y
4751,538.93,N,Elder,F,18,A,BROWN,S,SE,Y
4752,2383.02,N,Elder,F,18,B,BROWN,N,NW,N
4753,1401.9,N,Elder,M,17,C,INDIGO,N,NW,N
4754,903.04,N,Elder,M,14,C,BROWN,N,NW,Y
4755,946.62,N,Elder,M,15,B,PURPLE,M,ME,N
4756,968.24,Y,Young,M,16,C,BROWN,N,NW,Y
4757,684.61,N,Elder,M,16,B,INDIGO,N,NW,N
4758,1054.77,N,Elder,M,20,B,PURPLE,N,NE,N
4759,585.64,Y,Elder,M,14,B,MAGENTA,S,SE,N
4760,534.93,N,Elder,M,18,A,MAGENTA,N,NW,N
4761,540.89,N,Elder,M,18,A,INDIGO,S,SW,N
4762,699.1,N,Elder,F,16,B,INDIGO,N,NE,Y
4763,816.15,Y,Elder,M,17,A,INDIGO,N,NW,Y
4764,1616.61,N,Elder,M,18,D,BROWN,S,SE,Y
4765,829.25,Y,Elder,F,16,A,INDIGO,M,MW,Y
4766,1012.16,N,Young,M,17,B,BROWN,M,MW,Y
4767,926.26,N,Elder,M,20,B,INDIGO,M,ME,Y
4768,1123.76,N,Elder,F,20,A,PURPLE,S,SW,N
4769,629.72,N,Elder,M,15,A,BROWN,N,NW,Y
4770,482.98,Y,Young,M,15,A,INDIGO,M,ME,Y
4771,815.5,N,Elder,M,18,B,INDIGO,M,ME,Y
4772,613.53,N,Elder,M,17,A,INDIGO,S,SE,Y
4773,1019.58,N,Elder,M,21,B,MAGENTA,S,SW,N
4774,1021.66,N,Elder,M,21,B,INDIGO,M,MW,N
4775,490.71,N,Elder,F,14,A,PURPLE,N,NE,N
4776,1062.42,N,Elder,F,14,B,MAGENTA,S,SE,N
4777,714.9,N,Elder,F,20,A,BROWN,S,SE,Y
4778,640.68,N,Young,M,13,A,PURPLE,N,NE,N
4779,1007.56,N,Elder,F,11,C,BROWN,N,NE,Y
4780,893.87,N,Elder,M,15,C,INDIGO,M,ME,N
4781,1184.77,N,Elder,F,11,B,MAGENTA,S,SW,N
4782,1304.66,N,Elder,M,14,C,MAGENTA,N,NW,N
4783,790.8,N,Elder,F,18,B,INDIGO,N,NE,N
4784,1028.26,N,Elder,M,15,C,BROWN,S,SW,Y
4785,1226.85,N,Elder,M,17,B,BROWN,M,MW,Y
4786,644.46,N,Elder,F,15,B,MAGENTA,N,NE,Y
4787,495.11,N,Elder,M,18,A,BROWN,M,ME,Y
4788,1397.82,N,Elder,F,19,D,MAGENTA,S,SW,N
4789,1236.21,N,Elder,M,19,B,BROWN,S,SE,Y
4790,850.57,N,Elder,M,18,B,BROWN,N,NW,Y
4791,842.95,N,Elder,M,16,A,MAGENTA,S,SW,N
4792,345.9,N,Elder,M,15,A,INDIGO,N,NW,Y
4793,1019.09,N,Elder,F,15,C,BROWN,M,MW,N
4794,706.15,N,Elder,F,14,B,BROWN,S,SW,N
4795,730.38,Y,Elder,M,16,B,BROWN,N,NE,Y
4796,523.08,N,Elder,F,11,B,BROWN,M,MW,Y
4797,977.27,N,Elder,F,17,B,MAGENTA,M,MW,N
4798,1474.06,N,Elder,F,23,C,BROWN,S,SE,Y
4799,817.45,N,Elder,M,18,B,BROWN,M,MW,N
4800,886.79,N,Elder,M,15,C,MAGENTA,N,NE,Y
4801,1064.75,Y,Elder,F,16,C,INDIGO,M,MW,N
4802,746.44,N,Elder,F,17,B,INDIGO,M,MW,N
4803,1219.14,N,Elder,M,18,B,BROWN,M,ME,N
4804,874.79,Y,Elder,M,23,A,BROWN,N,NE,N
4805,429.94,N,Elder,F,12,B,BROWN,N,NE,Y
4806,559.87,N,Elder,F,18,A,INDIGO,S,SW,Y
4807,967.29,N,Elder,F,16,C,INDIGO,M,ME,N
4808,283.73,N,Young,F,13,A,BROWN,N,NW,Y
4809,804.16,N,Young,F,17,B,BROWN,M,ME,Y
4810,806.42,N,Elder,M,12,C,BROWN,M,MW,Y
4811,717.06,N,Elder,F,16,B,INDIGO,N,NE,Y
4812,793.69,N,Elder,M,14,B,BROWN,M,ME,Y
4813,898.78,N,Elder,M,19,B,MAGENTA,N,NW,N
4814,1174.99,N,Elder,M,21,B,BROWN,N,NW,Y
4815,451.79,N,Elder,F,16,A,BROWN,M,ME,Y
4816,634.74,N,Young,F,10,B,BROWN,N,NE,Y
4817,1017.33,N,Elder,F,16,B,MAGENTA,N,NE,Y
4818,208.23,N,Elder,F,12,A,MAGENTA,M,MW,Y
4819,935.95,N,Elder,F,15,C,INDIGO,N,NW,N
4820,1059.05,Y,Young,M,12,C,MAGENTA,M,ME,N
4821,697.19,N,Elder,F,14,A,BROWN,M,MW,Y
4822,719.94,N,Elder,M,16,B,MAGENTA,N,NW,N
4823,1980.16,N,Elder,F,18,A,INDIGO,N,NW,N
4824,397.2,N,Elder,M,14,A,INDIGO,M,MW,N
4825,720.01,N,Elder,M,16,B,INDIGO,S,SE,N
4826,641.42,N,Elder,M,20,A,INDIGO,N,NE,N
4827,516.86,N,Elder,F,15,A,MAGENTA,M,ME,Y
4828,487.89,N,Elder,F,12,B,MAGENTA,S,SE,Y
4829,914.71,N,Elder,M,20,B,BROWN,S,SE,N
4830,1242.71,N,Elder,M,16,A,BROWN,S,SW,Y
4831,644.87,N,Elder,F,15,B,MAGENTA,M,ME,N
4832,574.79,N,Elder,M,14,B,INDIGO,S,SW,N
4833,915.08,N,Elder,M,17,A,INDIGO,N,NW,Y
4834,872.77,N,Elder,F,18,B,INDIGO,N,NE,Y
4835,455.78,N,Elder,F,17,A,INDIGO,M,ME,Y
4836,1161.36,N,Elder,F,14,D,INDIGO,M,ME,Y
4837,718.98,N,Elder,F,16,B,BROWN,M,ME,Y
4838,685,N,Elder,F,19,A,INDIGO,N,NE,Y
4839,619.15,N,Elder,M,15,B,INDIGO,N,NW,Y
4840,538.9,N,Elder,M,18,A,INDIGO,N,NE,N
4841,700.09,N,Elder,M,16,B,INDIGO,N,NW,Y
4842,917.72,N,Young,M,19,B,BROWN,S,SE,N
4843,940.79,N,Elder,M,21,B,INDIGO,M,ME,Y
4844,1399.36,Y,Elder,M,18,D,INDIGO,N,NE,Y
4845,622.77,Y,Elder,M,18,A,BROWN,N,NW,Y
4846,624.24,N,Elder,M,15,B,INDIGO,M,MW,Y
4847,946,N,Elder,F,16,C,INDIGO,N,NW,N
4848,1068.64,N,Elder,F,16,C,INDIGO,S,SW,Y
4849,1335.95,Y,Elder,M,18,C,BROWN,N,NW,Y
4850,906.22,N,Elder,M,20,B,INDIGO,S,SW,Y
4851,688.4,N,Elder,M,16,B,BROWN,M,ME,Y
4852,402.23,N,Elder,F,13,A,BROWN,M,MW,Y
4853,2079.91,N,Elder,M,20,C,BROWN,N,NE,N
4854,542.9,N,Elder,M,18,A,BROWN,N,NE,N
4855,1139.59,N,Elder,M,17,C,MAGENTA,N,NW,N
4856,482.29,N,Elder,F,16,A,BROWN,M,MW,N
4857,736.02,N,Elder,M,17,A,INDIGO,N,NW,Y
4858,1229.98,N,Elder,F,16,C,BROWN,M,MW,N
4859,723.96,Y,Young,F,17,B,INDIGO,N,NE,Y
4860,1362.35,N,Elder,M,17,D,INDIGO,M,ME,Y
4861,830.42,N,Elder,F,18,A,INDIGO,N,NE,Y
4862,453.86,N,Young,M,17,A,INDIGO,S,SE,Y
4863,899.1,Y,Elder,M,18,B,BROWN,N,NW,Y
4864,1370.8,N,Elder,F,20,C,INDIGO,N,NE,N
4865,1327.22,Y,Elder,M,19,B,INDIGO,M,ME,N
4866,740.22,N,Elder,F,17,B,INDIGO,N,NW,Y
4867,931.27,N,Elder,M,19,B,BROWN,M,ME,N
4868,411.8,N,Elder,M,15,A,INDIGO,N,NE,N
4869,571.92,Y,Elder,M,14,B,BROWN,M,ME,Y
4870,515.38,Y,Elder,M,18,A,BROWN,S,SE,Y
4871,492.17,N,Elder,M,18,A,MAGENTA,M,MW,Y
4872,1339.49,N,Elder,F,18,D,INDIGO,S,SE,N
4873,777.95,N,Elder,M,19,A,MAGENTA,N,NE,N
4874,797.25,Y,Elder,F,15,B,BROWN,N,NW,Y
4875,882.16,N,Elder,M,14,B,MAGENTA,M,MW,Y
4876,435.59,N,Elder,F,15,A,BROWN,M,MW,Y
4877,843.09,N,Elder,F,17,B,INDIGO,N,NW,N
4878,1392.24,N,Elder,M,21,C,BROWN,N,NW,Y
4879,948.78,Y,Elder,M,13,C,MAGENTA,M,MW,N
4880,750.87,N,Elder,F,15,B,INDIGO,N,NE,Y
4881,1361.1,N,Elder,M,16,C,INDIGO,N,NW,Y
4882,993.5,N,Elder,M,14,A,BROWN,M,ME,N
4883,298.7,N,Elder,M,14,A,BROWN,N,NE,Y
4884,795.08,N,Elder,F,16,B,MAGENTA,M,ME,N
4885,895.25,N,Elder,M,16,B,BROWN,M,MW,N
4886,665.09,N,Elder,M,15,B,BROWN,N,NW,Y
4887,929.39,N,Elder,M,19,B,BROWN,M,MW,Y
4888,394.27,N,Elder,F,16,A,MAGENTA,S,SE,Y
4889,965.36,N,Elder,F,14,C,BROWN,N,NW,N
4890,798.89,N,Elder,M,18,B,MAGENTA,S,SW,N
4891,1332.02,N,Elder,M,17,C,INDIGO,S,SW,Y
4892,516.78,N,Elder,M,17,A,INDIGO,N,NE,Y
4893,413.04,N,Elder,M,16,A,INDIGO,N,NW,Y
4894,687.15,N,Elder,F,15,B,INDIGO,M,MW,Y
4895,495.11,N,Elder,M,17,A,MAGENTA,N,NW,N
4896,1358.44,N,Elder,F,18,D,INDIGO,S,SW,Y
4897,1317.4,N,Elder,M,22,C,INDIGO,M,MW,Y
4898,821.3,Y,Elder,M,14,A,BROWN,M,ME,Y
4899,1086.01,N,Elder,F,18,C,PURPLE,N,NE,N
4900,719.32,Y,Elder,M,14,B,MAGENTA,S,SW,Y
4901,338.09,N,Elder,M,15,A,INDIGO,M,ME,Y
4902,836.95,N,Elder,M,17,B,MAGENTA,S,SE,Y
4903,497.69,N,Elder,M,13,B,BROWN,M,ME,Y
4904,668.35,N,Elder,M,19,A,BROWN,N,NE,N
4905,1090.5,Y,Elder,M,18,C,INDIGO,M,ME,Y
4906,430.57,N,Elder,M,14,A,INDIGO,N,NE,N
4907,651.09,Y,Elder,F,14,B,BROWN,N,NE,Y
4908,618.95,N,Elder,F,18,A,BROWN,M,ME,Y
4909,486.76,N,Elder,M,15,A,MAGENTA,N,NW,N
4910,814.52,Y,Young,F,17,B,MAGENTA,N,NW,N
4911,434.04,N,Elder,F,16,A,MAGENTA,N,NE,N
4912,276.68,N,Elder,F,14,A,BROWN,M,MW,N
4913,699.65,N,Elder,M,16,B,INDIGO,N,NW,N
4914,1285.35,N,Elder,F,16,B,INDIGO,M,MW,N
4915,682.93,N,Elder,M,16,B,INDIGO,N,NW,Y
4916,1024.18,N,Elder,F,16,C,INDIGO,N,NE,N
4917,1515.72,Y,Elder,M,19,A,INDIGO,M,MW,Y
4918,605.71,N,Elder,M,20,A,MAGENTA,S,SW,N
4919,773.24,N,Elder,M,18,B,INDIGO,M,ME,Y
4920,776.75,N,Elder,M,13,C,BROWN,S,SE,N
4921,553.42,N,Elder,F,18,A,INDIGO,N,NW,N
4922,653.41,N,Elder,F,14,A,BROWN,N,NE,Y
4923,997.67,N,Elder,F,17,C,MAGENTA,S,SE,Y
4924,666.45,Y,Elder,F,16,B,BROWN,N,NE,Y
4925,778.73,N,Elder,M,16,B,MAGENTA,N,NW,Y
4926,702.74,N,Elder,M,16,B,MAGENTA,N,NW,N
4927,715.93,N,Elder,M,21,A,BROWN,M,MW,Y
4928,921.99,N,Elder,F,16,B,INDIGO,N,NE,Y
4929,968.33,N,Young,M,12,B,BROWN,N,NE,N
4930,452.93,N,Elder,M,16,A,INDIGO,M,ME,Y
4931,551.67,N,Elder,F,14,B,MAGENTA,N,NE,Y
4932,470.53,N,Elder,M,12,B,INDIGO,N,NW,Y
4933,2815.43,Y,Elder,F,12,C,MAGENTA,N,NE,Y
4934,592.99,Y,Elder,M,19,A,BROWN,M,MW,Y
4935,902.27,N,Elder,F,13,C,BROWN,S,SE,Y
4936,1095.04,N,Elder,F,14,C,PURPLE,N,NW,N
4937,824.19,N,Elder,M,15,B,INDIGO,M,ME,N
4938,1213.44,N,Young,M,15,C,BROWN,M,MW,Y
4939,998.59,N,Elder,M,17,C,MAGENTA,S,SE,N
4940,1293.14,N,Elder,M,16,D,INDIGO,S,SE,Y
4941,579.68,N,Young,M,17,A,PURPLE,M,MW,N
4942,863.98,N,Elder,F,15,B,INDIGO,N,NW,Y
4943,1069.7,N,Elder,M,17,C,BROWN,M,MW,Y
4944,906.23,Y,Elder,M,23,A,MAGENTA,S,SW,N
4945,989.07,N,Elder,M,20,B,MAGENTA,N,NW,Y
4946,468.58,N,Young,M,14,A,INDIGO,S,SE,Y
4947,486.47,N,Elder,F,17,A,PURPLE,M,MW,N
4948,909.01,Y,Elder,F,19,B,MAGENTA,N,NE,Y
4949,623.87,N,Elder,M,20,A,BROWN,N,NW,Y
4950,457.47,N,Elder,F,12,B,BROWN,S,SE,Y
4951,1233.23,N,Elder,F,16,C,INDIGO,M,ME,Y
4952,685.33,N,Elder,M,15,B,BROWN,S,SW,Y
4953,486.44,N,Elder,F,15,A,MAGENTA,S,SE,Y
4954,939.22,N,Elder,F,12,C,MAGENTA,M,MW,N
4955,915.09,N,Elder,F,19,B,BROWN,N,NW,Y
4956,495.44,N,Elder,M,18,A,BROWN,N,NW,Y
4957,1164.06,N,Elder,M,23,A,INDIGO,N,NW,Y
4958,453.4,N,Elder,M,16,A,BROWN,M,ME,N
4959,584.73,N,Young,M,14,B,BROWN,M,MW,Y
4960,336.2,N,Elder,F,14,A,MAGENTA,N,NW,N
4961,646.95,N,Elder,M,13,B,BROWN,N,NE,Y
4962,934.01,N,Elder,F,19,A,MAGENTA,N,NE,Y
4963,1106.95,N,Elder,F,13,B,BROWN,M,ME,N
4964,399.04,N,Elder,M,16,A,BROWN,S,SW,Y
4965,359.96,N,Young,M,15,A,BROWN,M,MW,Y
4966,767.95,N,Elder,M,13,C,BROWN,S,SE,N
4967,1154.55,N,Young,M,22,B,MAGENTA,N,NW,N
4968,819.65,N,Elder,M,21,A,MAGENTA,M,MW,N
4969,1671.09,N,Elder,M,17,B,BROWN,M,ME,N
4970,742.64,N,Elder,M,17,B,INDIGO,N,NW,N
4971,919.69,N,Elder,M,16,B,BROWN,M,ME,N
4972,1020.3,N,Elder,F,12,B,BROWN,M,MW,N
4973,463.52,N,Elder,M,17,A,INDIGO,N,NE,Y
4974,1533.88,N,Elder,F,17,D,INDIGO,S,SE,N
4975,1389.57,N,Elder,M,17,C,BROWN,M,MW,Y
4976,830.17,N,Elder,F,19,B,BROWN,M,ME,N
4977,815.7,N,Elder,M,17,B,INDIGO,S,SE,Y
4978,773.11,N,Young,M,11,B,BROWN,M,ME,Y
4979,276.63,N,Elder,M,13,A,INDIGO,S,SE,N
4980,1078.5,N,Elder,M,22,B,INDIGO,M,MW,N
4981,538.03,Y,Elder,F,10,B,BROWN,M,ME,Y
4982,599.63,N,Elder,M,16,A,BROWN,N,NW,Y
4983,1220.46,Y,Young,M,16,C,INDIGO,M,ME,Y
4984,981.99,N,Elder,M,16,A,BROWN,S,SW,Y
4985,988.27,N,Elder,M,20,B,BROWN,S,SW,Y
4986,438.94,N,Elder,M,17,A,INDIGO,S,SE,Y
4987,1176.05,N,Elder,F,20,C,BROWN,M,MW,N
4988,1029.6,N,Elder,M,16,C,INDIGO,S,SE,Y
4989,813.12,N,Elder,M,16,B,BROWN,S,SE,N
4990,638.99,N,Elder,M,20,A,MAGENTA,M,MW,N
4991,1115.87,N,Elder,M,18,C,MAGENTA,S,SW,N
4992,1146.14,N,Elder,M,14,C,MAGENTA,S,SE,N
4993,730.3,N,Elder,M,12,C,BROWN,M,MW,Y
4994,945.58,N,Elder,M,16,B,BROWN,S,SW,Y
4995,766.62,N,Elder,M,17,B,BROWN,N,NE,Y
4996,1344.34,N,Elder,M,18,D,BROWN,N,NE,Y
4997,1084.73,N,Elder,F,16,C,MAGENTA,M,MW,Y
4998,434.32,N,Elder,F,16,A,BROWN,M,MW,Y
4999,1437.15,N,Elder,M,20,C,INDIGO,S,SW,Y
5000,473.17,N,Elder,F,17,A,BROWN,M,ME,Y
5001,1069.56,N,Elder,M,15,C,INDIGO,M,MW,N
5002,610.22,Y,Elder,F,12,B,BROWN,N,NW,Y
5003,1436.04,N,Elder,M,17,C,BROWN,S,SW,Y
5004,420.85,N,Elder,M,12,A,INDIGO,M,ME,N
5005,651.89,N,Elder,M,15,B,INDIGO,N,NE,N
5006,853.44,N,Elder,M,19,B,MAGENTA,M,MW,N
5007,287.15,N,Elder,M,14,A,INDIGO,S,SW,N
5008,1075.97,N,Elder,M,16,C,BROWN,M,MW,N
5009,773.18,N,Elder,F,16,B,MAGENTA,M,ME,Y
5010,1099.69,N,Elder,M,14,B,INDIGO,M,ME,N
5011,508.61,Y,Elder,F,16,A,BROWN,M,MW,Y
5012,661.34,N,Elder,F,15,B,INDIGO,M,MW,N
5013,847.36,N,Elder,F,18,B,INDIGO,S,SE,Y
5014,664.79,N,Elder,M,19,A,BROWN,M,ME,Y
5015,621.33,N,Elder,M,13,B,BROWN,N,NW,Y
5016,937.64,N,Elder,M,20,B,INDIGO,M,MW,Y
5017,495.61,Y,Elder,F,13,A,BROWN,M,MW,Y
5018,1464.16,N,Elder,F,18,C,INDIGO,N,NW,Y
5019,1002.21,N,Elder,M,16,C,BROWN,M,MW,N
5020,1080.47,N,Elder,M,17,C,INDIGO,N,NW,N
5021,505.67,N,Elder,M,15,A,BROWN,N,NW,Y
5022,528.13,N,Elder,F,16,A,PURPLE,N,NW,N
5023,1096,N,Elder,M,19,B,MAGENTA,M,ME,Y
5024,685.16,N,Elder,F,20,A,MAGENTA,S,SE,Y
5025,689.58,N,Elder,F,16,B,MAGENTA,M,MW,N
5026,774.02,N,Elder,F,16,B,MAGENTA,M,ME,N
5027,552.78,N,Elder,F,14,B,BROWN,N,NW,Y
5028,745.11,N,Elder,F,17,B,MAGENTA,S,SE,N
5029,788.58,N,Young,M,18,B,INDIGO,N,NW,N
5030,670.01,N,Elder,M,20,A,INDIGO,N,NW,N
5031,1057.61,Y,Elder,F,17,B,BROWN,N,NW,Y
5032,1168.34,N,Elder,M,12,C,BROWN,N,NE,Y
5033,820.25,N,Elder,M,14,A,INDIGO,S,SW,N
5034,1047.09,N,Elder,F,15,C,MAGENTA,N,NW,Y
5035,1327.66,N,Elder,M,19,C,INDIGO,S,SE,Y
5036,523.96,N,Elder,F,18,A,INDIGO,N,NW,N
5037,512.18,Y,Young,M,12,B,INDIGO,N,NE,Y
5038,255.18,N,Elder,M,13,A,BROWN,N,NE,N
5039,752.59,N,Young,M,12,C,BROWN,M,ME,Y
5040,661.14,N,Elder,F,11,C,INDIGO,S,SE,Y
5041,354.05,N,Elder,F,15,A,INDIGO,N,NW,Y
5042,856.02,N,Elder,M,18,B,INDIGO,N,NW,N
5043,1470.89,N,Elder,M,16,C,MAGENTA,M,ME,N
5044,665.71,Y,Elder,M,18,A,INDIGO,S,SE,Y
5045,660.21,N,Elder,F,16,B,INDIGO,S,SW,Y
5046,755.96,N,Elder,F,16,A,BROWN,M,MW,Y
5047,1094.43,N,Elder,F,17,C,INDIGO,M,ME,Y
5048,773.79,N,Elder,M,17,B,PURPLE,S,SW,N
5049,1127.44,N,Elder,F,16,C,BROWN,M,ME,N
5050,723.2,Y,Elder,M,17,B,BROWN,N,NE,Y
5051,605.81,N,Elder,F,14,B,BROWN,M,ME,Y
5052,868.13,N,Elder,F,19,B,INDIGO,M,MW,N
5053,561.93,N,Elder,M,14,B,INDIGO,M,MW,N
5054,674.81,N,Elder,M,16,A,INDIGO,M,MW,Y
5055,833.58,Y,Elder,F,14,C,BROWN,N,NE,Y
5056,222.07,N,Elder,F,12,A,BROWN,M,MW,N
5057,1163.15,N,Elder,M,14,C,BROWN,S,SW,Y
5058,118.94,N,Young,M,11,A,INDIGO,M,MW,N
5059,929.3,N,Elder,F,21,B,MAGENTA,S,SW,Y
5060,386.87,Y,Young,F,13,A,INDIGO,M,MW,N
5061,944.65,N,Elder,M,20,B,INDIGO,M,ME,N
5062,692.34,N,Elder,F,16,B,INDIGO,M,MW,N
5063,882.41,N,Elder,M,16,A,INDIGO,N,NE,N
5064,990.62,N,Elder,F,16,C,BROWN,M,ME,Y
5065,1426.15,N,Elder,F,16,C,BROWN,M,MW,Y
5066,1021.63,N,Elder,F,18,B,INDIGO,M,MW,Y
5067,828.1,N,Elder,F,13,C,PURPLE,N,NW,N
5068,735.94,N,Elder,M,16,A,INDIGO,M,ME,N
5069,718.63,N,Elder,M,21,A,INDIGO,N,NW,N
5070,1015.41,N,Elder,M,17,C,BROWN,M,MW,Y
5071,657.89,Y,Young,M,15,B,BROWN,N,NE,Y
5072,1149.51,N,Elder,F,18,B,BROWN,M,ME,Y
5073,947.68,N,Elder,M,16,C,INDIGO,M,MW,Y
5074,157.29,Y,Elder,M,11,A,INDIGO,M,ME,Y
5075,1057.67,N,Elder,F,14,B,BROWN,S,SE,Y
5076,712.21,N,Young,F,16,B,MAGENTA,M,MW,N
5077,710.39,N,Elder,M,19,A,INDIGO,M,ME,Y
5078,984.68,N,Elder,M,17,C,BROWN,N,NW,N
5079,578.63,Y,Elder,M,19,A,BROWN,M,ME,Y
5080,1571.57,N,Elder,M,15,D,INDIGO,M,ME,N
5081,556.45,N,Elder,M,19,A,MAGENTA,S,SE,N
5082,746.75,N,Elder,M,17,B,BROWN,M,ME,Y
5083,549.43,Y,Elder,F,12,B,BROWN,N,NW,N
5084,1218.06,N,Elder,F,16,D,INDIGO,M,ME,N
5085,982.11,N,Elder,M,21,B,MAGENTA,N,NW,N
5086,1125.01,N,Elder,F,17,B,INDIGO,N,NE,Y
5087,816.35,N,Elder,F,18,B,BROWN,N,NE,N
5088,972.7,N,Elder,M,19,B,BROWN,N,NE,Y
5089,810.71,N,Elder,M,16,B,INDIGO,M,MW,Y
5090,696.07,N,Elder,M,16,B,MAGENTA,N,NE,N
5091,382.51,N,Elder,F,16,A,BROWN,N,NW,N
5092,902,N,Elder,M,19,B,MAGENTA,M,ME,N
5093,484.2,N,Elder,M,17,A,INDIGO,N,NW,Y
5094,319.06,N,Young,F,14,A,PURPLE,N,NW,N
5095,401.43,N,Elder,M,16,A,INDIGO,M,ME,Y
5096,678.97,Y,Elder,F,16,A,BROWN,M,ME,Y
5097,978.91,N,Elder,M,17,C,INDIGO,M,ME,Y
5098,724.65,N,Elder,F,17,B,BROWN,S,SE,Y
5099,829.27,N,Elder,F,16,B,MAGENTA,M,MW,N
5100,1614.46,N,Elder,M,19,C,BROWN,M,ME,Y
5101,721.2,N,Elder,M,17,B,INDIGO,M,MW,Y
5102,1651.84,N,Elder,M,20,B,BROWN,N,NW,Y
5103,420.83,Y,Young,F,16,A,MAGENTA,S,SE,N
5104,339.28,Y,Elder,M,15,A,INDIGO,M,ME,Y
5105,920.67,N,Elder,F,11,B,BROWN,M,ME,N
5106,1027.65,N,Elder,M,19,B,BROWN,S,SE,Y
5107,1223.11,N,Elder,M,21,C,INDIGO,M,MW,N
5108,618.33,Y,Young,M,13,B,PURPLE,N,NW,N
5109,1237.76,N,Elder,F,19,B,INDIGO,M,ME,Y
5110,709.93,N,Elder,F,14,B,MAGENTA,M,MW,N
5111,1035.78,N,Elder,F,15,C,BROWN,S,SW,N
5112,840.29,N,Elder,M,18,B,MAGENTA,N,NW,N
5113,813.07,N,Young,M,12,C,INDIGO,M,MW,Y
5114,938.32,Y,Elder,F,16,C,BROWN,M,MW,Y
5115,370.31,N,Elder,F,15,A,BROWN,M,MW,N
5116,1415.6,N,Elder,M,20,C,INDIGO,M,ME,Y
5117,1260.21,N,Elder,M,19,C,BROWN,N,NW,Y
5118,1057.68,N,Elder,M,22,B,MAGENTA,S,SE,N
5119,760.98,Y,Elder,F,17,B,INDIGO,S,SW,Y
5120,1310.84,N,Elder,F,17,C,BROWN,N,NE,Y
5121,760.94,N,Elder,M,16,B,PURPLE,S,SW,N
5122,759.09,N,Elder,M,14,B,INDIGO,S,SW,Y
5123,449.83,Y,Elder,M,13,A,BROWN,M,MW,Y
5124,1174.61,N,Elder,M,19,C,PURPLE,N,NW,N
5125,443.48,N,Young,F,15,A,INDIGO,M,MW,N
5126,556.4,N,Elder,F,12,B,BROWN,N,NE,Y
5127,1091.53,N,Elder,M,15,C,MAGENTA,N,NE,N
5128,349.45,N,Elder,M,15,A,INDIGO,S,SW,Y
5129,895.84,N,Elder,M,19,B,BROWN,N,NW,N
5130,896.98,N,Elder,M,13,C,BROWN,N,NE,Y
5131,784.39,N,Elder,M,15,B,BROWN,N,NE,Y
5132,889.77,N,Elder,F,15,C,BROWN,N,NE,Y
5133,708.27,N,Elder,F,16,B,BROWN,S,SW,N
5134,798,N,Elder,M,19,A,INDIGO,S,SE,Y
5135,1000.67,N,Elder,F,15,B,INDIGO,S,SW,Y
5136,937.09,N,Elder,M,16,C,BROWN,N,NW,N
5137,243.36,Y,Elder,F,12,A,INDIGO,N,NW,Y
5138,1298.1,N,Elder,M,17,D,BROWN,S,SE,Y
5139,936.93,N,Elder,M,21,B,MAGENTA,S,SE,N
5140,641.71,N,Elder,M,15,B,PURPLE,N,NW,N
5141,1178.17,N,Elder,M,15,D,BROWN,M,ME,N
5142,920.22,N,Elder,M,20,B,BROWN,S,SE,Y
5143,798.13,N,Elder,M,15,B,INDIGO,M,ME,N
5144,294.9,N,Elder,M,12,A,MAGENTA,M,MW,N
5145,930.16,N,Elder,F,19,B,INDIGO,M,MW,Y
5146,1146.42,N,Elder,M,15,D,MAGENTA,S,SE,N
5147,691.14,N,Elder,M,15,B,BROWN,N,NE,Y
5148,658.94,N,Elder,M,16,B,BROWN,S,SW,Y
5149,989.38,N,Elder,M,20,B,BROWN,M,ME,Y
5150,687.42,N,Elder,F,18,A,BROWN,N,NW,Y
5151,506.95,N,Elder,F,18,A,BROWN,S,SE,Y
5152,441.12,N,Elder,M,14,A,INDIGO,S,SW,N
5153,1160.05,N,Elder,M,15,D,PURPLE,S,SE,N
5154,958.4,N,Elder,M,18,B,BROWN,M,ME,Y
5155,896.15,N,Elder,M,18,B,BROWN,N,NW,Y
5156,1181.22,N,Elder,F,14,C,MAGENTA,S,SW,Y
5157,884.77,N,Elder,F,12,B,INDIGO,M,ME,Y
5158,1030.46,N,Elder,M,19,B,BROWN,S,SW,N
5159,559.24,N,Elder,M,19,A,BROWN,M,MW,Y
5160,743.77,N,Elder,M,19,A,INDIGO,S,SW,N
5161,545.6,N,Elder,F,14,B,MAGENTA,N,NE,N
5162,606.63,N,Elder,M,14,B,INDIGO,S,SE,N
5163,1146.5,N,Elder,M,19,C,INDIGO,M,MW,N
5164,1425.16,N,Elder,F,23,C,BROWN,M,MW,N
5165,164.53,N,Elder,M,12,A,MAGENTA,N,NW,Y
5166,1368.17,N,Elder,M,19,B,MAGENTA,N,NW,N
5167,647.99,N,Elder,F,15,B,MAGENTA,N,NE,N
5168,914.83,N,Elder,F,18,B,INDIGO,N,NE,N
5169,1300.98,N,Elder,M,21,C,BROWN,M,MW,Y
5170,955.7,N,Elder,M,16,C,INDIGO,S,SE,Y
5171,1314.83,N,Elder,M,23,C,INDIGO,N,NW,N
5172,771.75,N,Elder,M,13,C,INDIGO,N,NW,N
5173,843.96,N,Young,M,17,B,INDIGO,M,ME,Y
5174,521.34,N,Elder,M,18,A,BROWN,S,SE,Y
5175,914.41,N,Elder,M,17,B,BROWN,M,ME,Y
5176,1436.36,N,Elder,M,18,D,INDIGO,M,MW,N
5177,339.46,N,Elder,F,15,A,MAGENTA,S,SE,N
5178,440.56,N,Elder,M,16,A,MAGENTA,S,SE,N
5179,1701.72,N,Elder,M,17,D,BROWN,N,NE,N
5180,452.93,N,Elder,M,16,A,BROWN,S,SW,N
5181,475.91,Y,Elder,F,12,A,BROWN,M,ME,Y
5182,758.05,N,Elder,F,17,B,MAGENTA,S,SE,N
5183,1082.85,N,Young,F,14,C,BROWN,S,SW,N
5184,601.8,N,Elder,M,17,A,INDIGO,M,ME,Y
5185,716.69,N,Elder,F,17,B,INDIGO,S,SE,Y
5186,703.14,N,Elder,M,15,B,MAGENTA,S,SE,N
5187,658.08,N,Elder,F,16,B,BROWN,M,ME,Y
5188,1051.05,N,Elder,M,21,B,BROWN,N,NE,N
5189,392.59,N,Elder,M,16,A,INDIGO,M,ME,N
5190,1015.85,N,Elder,F,16,A,BROWN,M,MW,Y
5191,730.34,N,Elder,M,17,B,INDIGO,M,ME,N
5192,871.18,N,Elder,F,13,C,INDIGO,N,NE,Y
5193,1183.22,N,Elder,F,15,D,BROWN,M,MW,N
5194,396.78,N,Elder,F,11,B,BROWN,N,NW,Y
5195,755.74,N,Elder,F,12,A,MAGENTA,M,MW,N
5196,823.39,N,Elder,M,17,B,BROWN,N,NE,Y
5197,1163.05,N,Elder,F,14,C,INDIGO,S,SE,Y
5198,1150.65,Y,Elder,F,14,D,MAGENTA,S,SE,N
5199,1292.05,N,Young,M,17,C,BROWN,M,MW,Y
5200,973.3,N,Young,M,16,C,MAGENTA,N,NW,N
5201,915.93,N,Elder,M,17,B,INDIGO,S,SW,Y
5202,1166.34,N,Elder,M,20,C,INDIGO,N,NE,N
5203,1468.34,N,Elder,F,19,D,INDIGO,N,NW,Y
5204,1395.15,N,Elder,M,18,D,INDIGO,S,SE,Y
5205,749.46,N,Elder,M,13,A,BROWN,M,ME,Y
5206,362.9,N,Elder,F,14,A,INDIGO,S,SE,N
5207,952.86,N,Elder,M,15,C,BROWN,S,SW,Y
5208,916.72,N,Elder,F,14,B,INDIGO,N,NE,N
5209,566.15,N,Young,F,11,A,PURPLE,N,NE,N
5210,919.94,N,Elder,F,18,B,PURPLE,S,SE,N
5211,475.62,N,Elder,F,16,A,INDIGO,M,MW,N
5212,226.7,N,Elder,M,13,A,BROWN,N,NE,Y
5213,909.92,N,Elder,F,15,C,MAGENTA,N,NE,N
5214,757.41,N,Elder,M,15,B,BROWN,N,NW,Y
5215,1295.11,N,Elder,M,19,C,MAGENTA,N,NW,Y
5216,1419.41,Y,Young,M,19,D,BROWN,N,NE,N
5217,904.26,N,Elder,M,15,C,INDIGO,N,NW,N
5218,599.93,N,Elder,M,15,B,INDIGO,M,MW,Y
5219,1142.81,N,Elder,F,14,B,BROWN,N,NW,Y
5220,902.64,N,Elder,M,15,C,BROWN,M,MW,N
5221,684.03,N,Elder,M,17,A,MAGENTA,M,ME,N
5222,505.87,N,Elder,M,18,A,BROWN,M,MW,N
5223,813.52,N,Elder,F,16,B,INDIGO,N,NW,N
5224,250.7,Y,Elder,F,12,A,BROWN,M,ME,Y
5225,1147.1,N,Elder,M,19,C,MAGENTA,N,NW,N
5226,645.71,N,Elder,M,15,B,BROWN,S,SW,N
5227,510.08,N,Elder,M,18,A,MAGENTA,S,SW,Y
5228,1086.37,N,Elder,F,24,A,BROWN,N,NW,Y
5229,611.22,N,Elder,F,17,A,PURPLE,M,MW,N
5230,498.53,N,Elder,F,13,B,MAGENTA,N,NW,N
5231,708.52,N,Young,M,10,B,BROWN,S,SW,Y
5232,318.31,Y,Elder,M,14,A,BROWN,N,NW,Y
5233,694.27,N,Elder,F,15,B,INDIGO,M,MW,N
5234,823.29,N,Elder,M,22,A,INDIGO,M,ME,N
5235,1051.18,N,Elder,F,15,A,INDIGO,N,NW,N
5236,403.45,Y,Elder,F,11,B,BROWN,S,SW,Y
5237,754.14,N,Elder,M,16,A,INDIGO,M,ME,N
5238,760.09,N,Elder,M,18,B,BROWN,N,NE,Y
5239,477.2,N,Elder,F,16,A,INDIGO,N,NW,Y
5240,899.95,N,Elder,F,19,B,PURPLE,S,SW,N
5241,212.64,N,Elder,F,11,A,INDIGO,M,MW,Y
5242,1121.75,N,Elder,F,18,C,MAGENTA,S,SW,N
5243,640.63,Y,Elder,F,19,A,BROWN,S,SW,Y
5244,715.36,N,Elder,M,17,B,BROWN,N,NW,Y
5245,817.16,N,Elder,M,18,B,BROWN,M,MW,Y
5246,699.85,N,Elder,F,12,B,PURPLE,N,NE,N
5247,604.5,N,Elder,M,15,B,BROWN,N,NE,Y
5248,492.93,N,Elder,F,17,A,INDIGO,M,MW,Y
5249,825.97,N,Elder,F,14,B,INDIGO,N,NE,N
5250,1065.28,Y,Young,M,12,D,BROWN,S,SW,Y
5251,1369.94,N,Elder,F,24,B,INDIGO,M,MW,Y
5252,682.01,N,Elder,F,15,B,BROWN,M,MW,Y
5253,340.83,N,Elder,F,13,A,INDIGO,N,NE,Y
5254,183.57,Y,Young,M,12,A,PURPLE,N,NW,N
5255,607.46,Y,Elder,F,15,B,BROWN,N,NW,Y
5256,1306.71,N,Elder,M,15,C,INDIGO,S,SW,Y
5257,993.83,Y,Elder,M,12,B,INDIGO,N,NW,Y
5258,1040.96,N,Elder,F,17,B,INDIGO,M,MW,N
5259,807.75,N,Elder,M,20,A,BROWN,N,NW,Y
5260,1017.53,N,Elder,M,15,B,MAGENTA,M,MW,N
5261,1360.95,N,Elder,M,17,A,INDIGO,N,NW,Y
5262,861.11,N,Elder,M,18,B,INDIGO,N,NE,N
5263,895.66,N,Elder,M,16,B,BROWN,N,NW,Y
5264,574.95,N,Elder,M,18,A,MAGENTA,M,MW,Y
5265,297.36,N,Young,F,14,A,BROWN,N,NW,N
5266,732.16,N,Elder,M,17,B,INDIGO,N,NE,N
5267,281.56,N,Elder,F,14,A,MAGENTA,N,NW,N
5268,984.31,N,Elder,M,14,C,MAGENTA,M,MW,N
5269,658.29,N,Elder,M,16,B,INDIGO,N,NE,N
5270,1448.13,N,Elder,M,20,D,INDIGO,M,ME,N
5271,1031.89,N,Elder,M,16,C,BROWN,S,SE,Y
5272,1468.63,N,Elder,M,16,D,INDIGO,S,SE,N
5273,500.8,N,Elder,F,14,A,MAGENTA,M,ME,Y
5274,708.5,N,Elder,F,13,A,BROWN,S,SE,Y
5275,832.99,Y,Elder,M,14,C,INDIGO,S,SE,N
5276,611.44,N,Elder,M,15,B,MAGENTA,S,SE,Y
5277,1294.6,N,Elder,F,15,D,MAGENTA,N,NE,N
5278,381.16,N,Elder,M,15,A,BROWN,S,SE,Y
5279,975.96,N,Elder,M,16,C,BROWN,N,NE,N
5280,680.95,N,Young,M,16,B,BROWN,N,NW,Y
5281,812.57,N,Elder,F,18,B,MAGENTA,N,NW,N
5282,818.93,N,Elder,F,14,B,INDIGO,N,NE,N
5283,841.61,N,Elder,F,14,C,PURPLE,N,NE,N
5284,883.39,N,Elder,F,15,C,MAGENTA,S,SW,N
5285,665.28,N,Elder,F,13,B,INDIGO,S,SE,N
5286,661.1,N,Elder,F,17,A,BROWN,N,NE,Y
5287,769.76,N,Elder,F,14,B,BROWN,N,NE,Y
5288,388.62,N,Elder,M,16,A,INDIGO,S,SW,Y
5289,868.49,N,Young,F,19,B,INDIGO,N,NE,N
5290,976.17,N,Elder,F,15,B,INDIGO,N,NE,Y
5291,1266.8,N,Elder,F,21,C,PURPLE,S,SE,N
5292,767.04,N,Elder,M,21,A,INDIGO,N,NW,Y
5293,656.95,N,Elder,M,16,B,BROWN,S,SW,Y
5294,1126,N,Elder,F,16,C,MAGENTA,N,NE,N
5295,1138.41,N,Elder,F,19,A,INDIGO,S,SW,N
5296,643.03,N,Elder,F,15,B,INDIGO,M,ME,Y
5297,1285.69,N,Elder,M,17,D,MAGENTA,M,MW,N
5298,469.65,N,Elder,F,16,A,INDIGO,N,NW,N
5299,381.47,N,Elder,F,10,B,INDIGO,M,ME,Y
5300,635.3,Y,Young,M,15,B,INDIGO,N,NW,Y
5301,933.61,Y,Elder,M,16,C,INDIGO,M,MW,Y
5302,389.46,N,Elder,F,16,A,MAGENTA,S,SE,Y
5303,409.19,N,Elder,F,16,A,INDIGO,S,SW,Y
5304,569.28,N,Elder,F,13,B,BROWN,S,SW,Y
5305,1172.6,N,Elder,M,19,C,MAGENTA,M,MW,Y
5306,874.43,N,Elder,M,20,B,INDIGO,N,NW,Y
5307,372.28,N,Elder,M,15,A,INDIGO,N,NE,N
5308,453.58,N,Elder,M,17,A,INDIGO,M,MW,N
5309,722.24,N,Elder,M,17,B,INDIGO,M,ME,Y
5310,1214.05,N,Elder,M,16,D,BROWN,M,MW,Y
5311,913.4,N,Elder,F,18,B,PURPLE,M,MW,N
5312,873.47,N,Elder,M,15,C,MAGENTA,N,NW,N
5313,573.47,N,Elder,F,14,A,INDIGO,M,MW,N
5314,660.71,N,Elder,M,15,B,BROWN,N,NW,N
5315,525.68,N,Elder,F,13,B,INDIGO,M,MW,N
5316,1100.87,N,Elder,M,18,B,MAGENTA,M,MW,N
5317,463.27,N,Elder,M,17,A,INDIGO,N,NW,Y
5318,621.47,N,Elder,M,15,B,MAGENTA,N,NW,Y
5319,836.57,N,Elder,F,17,B,MAGENTA,M,MW,N
5320,1037.2,N,Elder,M,17,C,INDIGO,M,ME,N
5321,727.03,N,Elder,F,16,B,BROWN,M,ME,N
5322,718.94,N,Elder,M,16,B,MAGENTA,S,SW,N
5323,672.53,N,Elder,M,14,B,BROWN,M,ME,Y
5324,745.35,N,Elder,M,17,B,INDIGO,S,SW,N
5325,878.57,N,Elder,F,15,C,INDIGO,N,NW,Y
5326,904.12,N,Elder,F,19,B,INDIGO,M,MW,N
5327,857.57,N,Elder,M,18,B,INDIGO,M,ME,N
5328,259.22,N,Young,F,11,A,BROWN,M,MW,Y
5329,1070.09,N,Elder,F,13,D,BROWN,N,NE,N
5330,806.82,N,Elder,M,9,B,INDIGO,M,MW,N
5331,467.06,N,Elder,F,13,A,INDIGO,N,NW,Y
5332,718.85,N,Elder,M,17,B,MAGENTA,N,NW,Y
5333,532.93,N,Young,M,15,A,MAGENTA,S,SW,N
5334,1238.5,N,Young,F,15,C,INDIGO,S,SW,Y
5335,593.89,N,Elder,M,18,A,INDIGO,S,SE,Y
5336,988.39,N,Elder,F,16,C,INDIGO,M,MW,N
5337,304.84,N,Elder,F,13,A,BROWN,N,NE,Y
5338,995.02,N,Elder,M,17,C,PURPLE,M,ME,N
5339,1493.26,N,Elder,F,19,D,INDIGO,S,SE,Y
5340,1048.74,N,Elder,M,22,B,INDIGO,N,NE,N
5341,532.75,N,Young,M,12,B,BROWN,M,ME,Y
5342,500.55,N,Elder,M,16,A,INDIGO,N,NW,Y
5343,626.36,N,Elder,M,15,B,BROWN,M,ME,N
5344,1009.7,N,Elder,M,21,B,MAGENTA,N,NE,N
5345,595.84,N,Elder,F,18,A,BROWN,M,MW,Y
5346,1005.6,N,Elder,M,17,C,MAGENTA,M,ME,Y
5347,562.14,N,Elder,M,14,B,PURPLE,S,SE,N
5348,1099.33,Y,Elder,M,17,C,BROWN,M,ME,Y
5349,280.21,N,Elder,F,14,A,BROWN,M,MW,Y
5350,264.19,Y,Young,F,12,A,INDIGO,M,MW,N
5351,706.01,N,Elder,M,15,B,BROWN,N,NE,N
5352,902.87,N,Elder,F,17,B,MAGENTA,N,NE,N
5353,891.16,N,Elder,M,17,B,MAGENTA,S,SW,Y
5354,1421.07,N,Elder,M,15,C,INDIGO,M,MW,N
5355,707.82,N,Elder,F,17,B,BROWN,M,ME,Y
5356,388.52,N,Elder,M,16,A,INDIGO,N,NW,Y
5357,973,N,Elder,M,16,C,PURPLE,S,SW,N
5358,676.71,N,Elder,M,14,B,MAGENTA,N,NE,N
5359,640.68,N,Elder,M,14,B,BROWN,N,NW,Y
5360,774.43,N,Elder,M,17,B,MAGENTA,N,NW,N
5361,1145.8,N,Elder,M,17,B,INDIGO,M,MW,N
5362,733.34,Y,Elder,M,13,B,INDIGO,N,NW,Y
5363,706.43,N,Elder,F,14,B,INDIGO,M,ME,N
5364,637.59,N,Elder,M,15,B,MAGENTA,N,NE,Y
5365,928.97,N,Young,M,18,B,BROWN,S,SE,Y
5366,886.44,N,Elder,M,15,B,BROWN,M,MW,Y
5367,867.15,N,Elder,M,18,B,MAGENTA,M,ME,Y
5368,1267.53,Y,Elder,F,20,B,INDIGO,M,ME,Y
5369,714.01,N,Elder,F,16,A,MAGENTA,M,MW,Y
5370,1325.06,Y,Elder,F,13,D,BROWN,M,ME,Y
5371,753.7,N,Elder,M,21,A,INDIGO,S,SE,Y
5372,1135.89,N,Elder,M,18,C,BROWN,M,ME,Y
5373,1080.23,N,Elder,M,18,B,INDIGO,M,ME,N
5374,682.1,N,Elder,F,12,B,BROWN,M,ME,Y
5375,944.98,Y,Young,M,12,C,INDIGO,M,ME,Y
5376,712.78,N,Elder,M,20,A,INDIGO,M,ME,N
5377,897.12,N,Elder,M,18,B,BROWN,M,ME,N
5378,603.29,N,Elder,F,15,B,BROWN,N,NE,Y
5379,655.68,Y,Elder,M,16,B,INDIGO,N,NE,Y
5380,665.71,N,Elder,M,14,B,PURPLE,M,ME,N
5381,1425.86,N,Elder,M,16,C,INDIGO,M,MW,Y
5382,877.99,N,Elder,M,19,B,BROWN,N,NW,Y
5383,244.73,N,Elder,M,13,A,PURPLE,N,NE,N
5384,394.91,N,Elder,M,11,B,BROWN,M,ME,Y
5385,715.3,N,Elder,F,15,A,INDIGO,S,SW,Y
5386,461.09,N,Elder,M,15,A,MAGENTA,M,MW,N
5387,993.47,N,Elder,M,12,D,INDIGO,M,ME,Y
5388,486.06,N,Elder,M,13,A,MAGENTA,S,SW,N
5389,1291.45,Y,Elder,M,13,C,BROWN,M,ME,Y
5390,747.88,N,Elder,M,17,A,BROWN,S,SE,Y
5391,1369.53,N,Elder,M,19,D,INDIGO,S,SW,Y
5392,710.57,N,Elder,F,17,B,MAGENTA,N,NE,N
5393,525.23,N,Elder,M,14,A,BROWN,N,NE,N
5394,741.98,N,Elder,F,22,A,BROWN,M,MW,Y
5395,1181.39,N,Elder,M,18,C,BROWN,N,NE,Y
5396,716.62,Y,Elder,F,17,B,BROWN,S,SW,Y
5397,1249.85,Y,Elder,F,20,C,INDIGO,M,MW,N
5398,874.7,N,Elder,M,18,B,MAGENTA,M,MW,N
5399,952.87,Y,Elder,F,16,C,INDIGO,N,NW,Y
5400,604.55,N,Elder,F,10,C,BROWN,M,MW,Y
5401,653.48,N,Elder,M,13,B,PURPLE,S,SE,N
5402,674.63,N,Elder,F,15,A,INDIGO,S,SW,Y
5403,814.82,N,Elder,F,18,B,INDIGO,M,MW,Y
5404,822.04,N,Elder,M,17,B,BROWN,N,NE,N
5405,705.6,N,Elder,M,15,B,MAGENTA,N,NW,Y
5406,1206.44,N,Elder,M,19,C,MAGENTA,M,ME,N
5407,714.09,N,Elder,F,16,B,MAGENTA,S,SE,Y
5408,809.04,N,Elder,M,18,B,BROWN,N,NW,Y
5409,585.16,N,Elder,M,19,A,MAGENTA,M,ME,N
5410,1026.45,N,Elder,M,18,B,BROWN,S,SW,Y
5411,493.92,N,Elder,M,12,B,INDIGO,N,NE,N
5412,460.08,N,Elder,M,15,A,INDIGO,M,ME,Y
5413,1216.19,N,Elder,M,18,B,MAGENTA,N,NE,N
5414,611.87,N,Elder,F,16,A,MAGENTA,S,SE,N
5415,669.84,N,Elder,F,16,B,INDIGO,N,NW,Y
5416,467.55,Y,Young,F,14,A,INDIGO,N,NE,Y
5417,664.56,N,Young,M,16,B,MAGENTA,N,NW,N
5418,994.29,N,Elder,F,13,C,INDIGO,N,NE,Y
5419,931.1,N,Elder,M,14,C,INDIGO,M,MW,N
5420,805.11,N,Elder,M,16,B,MAGENTA,N,NW,N
5421,310.22,N,Elder,M,13,A,BROWN,M,MW,Y
5422,594.56,N,Elder,F,19,A,PURPLE,S,SW,N
5423,2097,N,Elder,M,20,A,BROWN,M,MW,N
5424,606.49,N,Elder,F,15,B,INDIGO,M,ME,N
5425,711.53,N,Elder,F,14,B,BROWN,S,SW,Y
5426,1084.17,N,Elder,M,16,C,MAGENTA,M,MW,Y
5427,744.97,Y,Elder,F,17,B,INDIGO,M,ME,Y
5428,397.59,Y,Young,M,16,A,BROWN,N,NW,Y
5429,845.73,N,Elder,M,16,B,INDIGO,M,MW,N
5430,678.6,N,Elder,F,17,A,BROWN,N,NW,N
5431,812.25,Y,Young,M,12,B,INDIGO,M,ME,Y
5432,674.95,Y,Elder,F,15,B,INDIGO,N,NE,Y
5433,845.95,N,Elder,M,14,C,MAGENTA,M,MW,Y
5434,839.05,N,Elder,F,12,C,INDIGO,N,NE,Y
5435,1216.4,N,Elder,F,17,C,BROWN,N,NW,Y
5436,343.61,N,Elder,M,15,A,INDIGO,N,NE,Y
5437,571.09,N,Elder,F,14,A,BROWN,M,ME,Y
5438,438.61,N,Elder,F,12,B,INDIGO,N,NE,Y
5439,1149.93,N,Elder,M,20,C,BROWN,N,NW,N
5440,569.23,N,Elder,M,16,A,BROWN,N,NW,Y
5441,891.83,N,Elder,M,16,B,MAGENTA,M,MW,Y
5442,440.64,N,Elder,M,17,A,BROWN,M,ME,Y
5443,344.17,N,Elder,M,13,A,PURPLE,S,SE,N
5444,915.4,N,Elder,F,20,B,INDIGO,N,NW,N
5445,1553.04,N,Elder,M,17,C,INDIGO,N,NW,N
5446,811.44,N,Elder,M,16,B,BROWN,M,MW,Y
5447,564.31,N,Elder,F,16,A,INDIGO,S,SE,Y
5448,357.59,N,Elder,M,12,A,INDIGO,N,NW,N
5449,996.56,N,Elder,M,21,B,INDIGO,M,ME,Y
5450,1322.01,N,Elder,F,17,C,PURPLE,S,SW,N
5451,621.08,N,Elder,M,17,A,INDIGO,N,NE,N
5452,778.48,N,Elder,F,13,C,INDIGO,M,MW,Y
5453,823.89,N,Elder,M,18,B,MAGENTA,S,SW,N
5454,1110.53,N,Elder,F,13,D,INDIGO,M,ME,Y
5455,1468.39,N,Elder,M,19,D,MAGENTA,S,SW,Y
5456,1294.94,Y,Elder,M,15,D,BROWN,S,SW,Y
5457,579.19,N,Elder,F,18,A,INDIGO,N,NW,Y
5458,417.75,N,Elder,M,16,A,BROWN,N,NW,Y
5459,283.81,N,Elder,F,14,A,BROWN,M,MW,N
5460,1265.9,N,Elder,F,12,C,BROWN,S,SW,Y
5461,1340.69,Y,Elder,F,15,D,PURPLE,S,SW,N
5462,759.13,N,Elder,F,13,B,BROWN,M,MW,N
5463,765.54,N,Elder,F,17,B,INDIGO,M,MW,Y
5464,689.76,N,Elder,F,19,A,INDIGO,S,SW,Y
5465,613.63,Y,Elder,F,11,B,PURPLE,N,NW,N
5466,702.47,N,Elder,M,15,B,PURPLE,M,MW,N
5467,579.07,N,Elder,F,18,A,MAGENTA,N,NW,N
5468,272.21,N,Elder,M,14,A,PURPLE,N,NE,N
5469,1045.16,N,Elder,F,17,C,INDIGO,N,NE,Y
5470,1026.81,N,Elder,F,21,B,MAGENTA,N,NW,Y
5471,1471.62,N,Elder,M,12,C,BROWN,M,ME,Y
5472,1063.01,N,Elder,M,17,B,BROWN,S,SE,Y
5473,1158,N,Elder,M,16,B,BROWN,M,ME,Y
5474,980.41,Y,Young,F,15,C,INDIGO,M,MW,N
5475,811.36,N,Elder,M,16,B,BROWN,M,MW,N
5476,388.14,N,Elder,F,16,A,BROWN,N,NW,N
5477,973.89,N,Elder,F,18,A,INDIGO,N,NE,N
5478,703.25,N,Elder,M,15,B,INDIGO,N,NE,Y
5479,877.32,N,Elder,M,14,C,BROWN,S,SE,N
5480,711,N,Elder,M,13,B,INDIGO,N,NE,Y
5481,710.22,N,Elder,M,20,A,BROWN,S,SW,N
5482,793.51,N,Elder,M,15,B,PURPLE,N,NW,N
5483,1428.88,Y,Elder,M,16,B,INDIGO,M,MW,Y
5484,273.85,N,Elder,F,14,A,MAGENTA,N,NW,Y
5485,1202.99,N,Elder,F,21,C,MAGENTA,N,NE,N
5486,678.71,Y,Elder,M,16,B,BROWN,N,NE,Y
5487,1325.87,N,Elder,M,17,D,INDIGO,M,MW,Y
5488,1024.43,N,Elder,M,21,A,MAGENTA,S,SE,N
5489,1269.69,N,Elder,F,20,B,BROWN,M,ME,Y
5490,801.2,N,Elder,M,14,B,INDIGO,N,NW,Y
5491,829.09,N,Elder,M,17,B,PURPLE,M,ME,N
5492,767.36,N,Elder,M,15,B,BROWN,M,MW,Y
5493,625.63,N,Elder,M,18,A,INDIGO,S,SW,N
5494,1279.46,N,Elder,F,16,D,BROWN,M,MW,Y
5495,985.61,N,Elder,M,16,C,MAGENTA,S,SW,N
5496,425.98,N,Elder,M,13,A,INDIGO,M,MW,N
5497,911.78,N,Elder,M,18,B,INDIGO,N,NW,Y
5498,1134.33,Y,Elder,F,17,C,INDIGO,S,SE,Y
5499,1096.32,N,Elder,F,18,C,INDIGO,S,SW,N
5500,507.09,N,Elder,M,17,A,BROWN,M,MW,Y
5501,614.48,N,Elder,M,20,A,BROWN,N,NE,Y
5502,776.01,N,Elder,F,18,B,MAGENTA,N,NW,N
5503,774.62,N,Young,F,18,B,BROWN,N,NE,N
5504,944.15,N,Elder,F,16,C,MAGENTA,M,MW,N
5505,935.94,N,Elder,F,15,C,INDIGO,M,MW,N
5506,360.54,N,Elder,M,15,A,INDIGO,N,NE,N
5507,666.93,N,Elder,F,21,A,BROWN,S,SW,Y
5508,860.1,N,Elder,M,24,A,BROWN,M,ME,N
5509,635.56,N,Elder,M,15,B,BROWN,N,NW,Y
5510,563.48,N,Elder,F,13,B,INDIGO,N,NW,N
5511,921.97,Y,Young,M,14,C,MAGENTA,N,NE,N
5512,724.35,N,Elder,F,15,B,MAGENTA,S,SE,N
5513,374.02,N,Elder,M,16,A,MAGENTA,N,NW,N
5514,279.93,Y,Elder,F,12,A,MAGENTA,S,SE,Y
5515,1340.24,N,Elder,M,19,C,BROWN,N,NE,Y
5516,1243.47,N,Elder,M,16,C,INDIGO,M,ME,Y
5517,389.35,N,Elder,M,16,A,BROWN,M,MW,Y
5518,881.88,N,Elder,M,18,B,MAGENTA,N,NW,N
5519,933.79,N,Elder,M,16,B,BROWN,N,NE,Y
5520,1060.16,N,Elder,F,12,D,BROWN,N,NE,Y
5521,635.21,N,Elder,F,12,A,INDIGO,M,ME,Y
5522,727.95,N,Elder,M,17,B,MAGENTA,M,MW,N
5523,685.13,N,Elder,F,18,A,BROWN,S,SE,N
5524,977.01,N,Elder,M,14,B,BROWN,S,SW,Y
5525,873.08,N,Elder,M,15,C,INDIGO,N,NW,N
5526,348.96,N,Elder,M,13,A,MAGENTA,N,NE,N
5527,637.34,N,Elder,M,14,B,MAGENTA,S,SE,N
5528,597.12,Y,Elder,F,15,B,MAGENTA,S,SE,N
5529,818.4,N,Elder,M,16,B,MAGENTA,M,MW,Y
5530,502.16,N,Elder,M,13,B,BROWN,N,NW,Y
5531,932.36,N,Elder,M,16,C,INDIGO,M,MW,Y
5532,435.79,N,Elder,F,17,A,INDIGO,N,NE,N
5533,832.12,N,Elder,F,15,B,BROWN,M,ME,N
5534,238.57,Y,Elder,F,11,A,BROWN,M,ME,Y
5535,627.57,N,Elder,F,12,B,MAGENTA,M,MW,N
5536,1022.71,N,Elder,F,16,B,INDIGO,S,SE,Y
5537,562.42,N,Elder,F,16,A,INDIGO,N,NW,N
5538,625.71,Y,Elder,M,19,A,BROWN,M,MW,Y
5539,1061.08,N,Elder,F,15,C,INDIGO,S,SE,Y
5540,966.87,N,Elder,M,15,C,BROWN,S,SW,N
5541,1062.52,N,Elder,M,18,C,INDIGO,S,SW,Y
5542,612.67,N,Elder,M,20,A,BROWN,S,SE,Y
5543,1002.69,N,Elder,M,16,C,BROWN,M,ME,Y
5544,461.97,N,Elder,M,16,A,MAGENTA,N,NW,Y
5545,1029.67,Y,Elder,M,20,B,BROWN,N,NW,Y
5546,780.22,N,Young,M,16,A,BROWN,S,SW,Y
5547,643.7,N,Elder,M,14,B,BROWN,N,NE,Y
5548,874.99,N,Elder,F,13,C,INDIGO,S,SW,Y
5549,729.77,N,Elder,F,17,B,BROWN,N,NW,N
5550,752.39,Y,Elder,M,19,A,BROWN,M,MW,Y
5551,570.09,N,Elder,M,14,B,MAGENTA,N,NW,N
5552,851.14,N,Elder,F,17,B,INDIGO,M,MW,N
5553,829.67,N,Elder,M,19,B,INDIGO,N,NW,N
5554,874.67,N,Elder,F,17,B,INDIGO,S,SE,N
5555,1102.05,N,Elder,F,19,C,INDIGO,M,ME,Y
5556,1754.79,N,Elder,F,21,D,INDIGO,N,NW,N
5557,180.13,N,Elder,M,12,A,MAGENTA,N,NE,N
5558,615.11,N,Elder,F,15,B,INDIGO,M,ME,N
5559,1004.55,N,Elder,F,12,B,BROWN,M,ME,Y
5560,972.62,N,Elder,M,15,C,INDIGO,S,SW,Y
5561,932.28,N,Elder,M,18,B,BROWN,M,ME,Y
5562,1151.31,Y,Elder,F,14,D,BROWN,M,MW,Y
5563,720.29,N,Elder,M,15,B,INDIGO,S,SE,Y
5564,510.66,N,Elder,M,13,B,MAGENTA,N,NW,N
5565,777.72,N,Elder,M,20,A,INDIGO,M,MW,Y
5566,505.59,N,Elder,M,18,A,BROWN,N,NW,N
5567,835.52,N,Elder,F,14,C,INDIGO,N,NW,N
5568,1334.27,N,Young,F,15,B,MAGENTA,M,ME,Y
5569,430.34,N,Young,F,12,A,BROWN,S,SE,Y
5570,1290.86,N,Elder,M,18,B,INDIGO,S,SW,N
5571,803.53,N,Elder,F,17,B,INDIGO,S,SW,Y
5572,477.19,N,Elder,F,17,A,MAGENTA,N,NE,N
5573,1062.94,Y,Young,M,17,C,BROWN,N,NE,Y
5574,828.47,N,Elder,F,14,C,INDIGO,N,NE,Y
5575,1524.35,N,Elder,M,18,B,PURPLE,N,NE,N
5576,984.06,N,Elder,F,17,C,BROWN,M,MW,Y
5577,523.14,N,Elder,M,16,A,BROWN,M,MW,Y
5578,679.58,N,Elder,M,16,B,BROWN,N,NW,N
5579,481.6,N,Elder,F,12,B,BROWN,N,NW,Y
5580,364.13,N,Elder,M,14,A,BROWN,S,SE,Y
5581,444.28,Y,Elder,M,17,A,BROWN,S,SW,Y
5582,607.02,N,Elder,F,19,A,BROWN,S,SW,Y
5583,667.19,N,Elder,M,15,B,INDIGO,N,NE,N
5584,785.43,N,Elder,M,18,A,BROWN,S,SW,Y
5585,663.51,N,Elder,M,17,A,BROWN,N,NW,Y
5586,726.44,N,Elder,F,12,C,BROWN,N,NW,Y
5587,801.01,N,Elder,F,18,B,INDIGO,M,MW,N
5588,1221.14,Y,Elder,M,15,B,BROWN,M,MW,N
5589,770.31,Y,Elder,F,12,C,INDIGO,N,NE,Y
5590,305,N,Young,F,12,A,INDIGO,N,NE,N
5591,741.69,N,Elder,M,17,B,INDIGO,S,SE,Y
5592,506.68,N,Young,M,13,A,MAGENTA,N,NW,Y
5593,677.29,N,Elder,M,16,B,MAGENTA,N,NE,N
5594,525.8,Y,Elder,M,13,B,MAGENTA,S,SE,Y
5595,829.21,Y,Elder,F,19,B,MAGENTA,S,SW,Y
5596,979.28,N,Elder,M,14,C,INDIGO,S,SE,N
5597,738.49,N,Elder,F,11,A,INDIGO,S,SW,N
5598,295.82,N,Elder,M,13,A,BROWN,N,NE,N
5599,557.17,N,Young,M,13,B,MAGENTA,M,ME,N
5600,622.81,N,Elder,F,14,B,PURPLE,N,NW,N
5601,665.27,N,Elder,M,16,B,BROWN,N,NW,Y
5602,913.15,N,Elder,M,15,C,BROWN,N,NW,Y
5603,584.06,N,Elder,M,14,B,INDIGO,N,NE,Y
5604,1164.73,N,Elder,M,17,C,INDIGO,N,NW,N
5605,1352.18,N,Elder,M,14,D,BROWN,N,NW,Y
5606,579.6,N,Elder,M,18,A,MAGENTA,N,NE,N
5607,811.52,Y,Elder,M,17,A,BROWN,S,SW,Y
5608,478.99,N,Elder,F,17,A,BROWN,N,NW,Y
5609,822.76,N,Elder,F,19,B,INDIGO,M,ME,N
5610,577.89,N,Elder,M,14,B,BROWN,N,NE,N
5611,549.86,N,Elder,F,14,B,PURPLE,N,NW,N
5612,487.06,N,Elder,M,17,A,BROWN,M,ME,Y
5613,450.59,N,Elder,M,16,A,INDIGO,S,SW,N
5614,857.49,N,Elder,F,20,A,INDIGO,S,SW,Y
5615,579.13,N,Elder,M,15,A,BROWN,M,MW,Y
5616,831.19,N,Elder,M,18,B,BROWN,M,MW,Y
5617,2377.72,N,Elder,M,22,C,INDIGO,S,SW,N
5618,645.02,N,Young,F,14,A,INDIGO,N,NW,N
5619,725.52,Y,Elder,F,17,B,MAGENTA,M,MW,Y
5620,983.81,N,Elder,M,19,B,MAGENTA,N,NE,N
5621,889.65,N,Elder,M,18,B,MAGENTA,M,ME,Y
5622,799.45,N,Elder,M,14,B,BROWN,S,SW,Y
5623,233.2,N,Elder,M,13,A,BROWN,N,NW,N
5624,1332.78,N,Elder,M,16,D,INDIGO,M,MW,Y
5625,707.44,Y,Elder,F,16,B,INDIGO,N,NW,Y
5626,907.52,N,Elder,F,14,C,INDIGO,S,SW,Y
5627,803.43,N,Young,M,15,B,INDIGO,N,NE,Y
5628,669.65,N,Elder,M,20,A,INDIGO,N,NE,Y
5629,1012.35,N,Elder,M,15,C,BROWN,M,MW,Y
5630,690.94,N,Elder,M,21,A,INDIGO,N,NE,Y
5631,488.37,N,Elder,F,12,B,BROWN,N,NW,Y
5632,2114.04,N,Elder,F,16,C,BROWN,M,MW,N
5633,1002.53,N,Elder,F,17,C,MAGENTA,S,SE,N
5634,1043.56,N,Elder,M,15,C,PURPLE,M,MW,N
5635,541.06,Y,Young,M,12,A,INDIGO,M,ME,Y
5636,869.29,N,Elder,F,20,B,INDIGO,N,NE,N
5637,231.02,N,Elder,F,13,A,MAGENTA,S,SW,Y
5638,713.98,N,Elder,F,11,B,BROWN,M,MW,Y
5639,745.97,N,Elder,M,17,B,MAGENTA,M,ME,Y
5640,848.91,N,Elder,M,19,A,INDIGO,S,SW,Y
5641,576.67,N,Young,F,10,B,MAGENTA,M,MW,Y
5642,1037.49,N,Elder,F,12,D,INDIGO,M,MW,Y
5643,1129.68,N,Elder,F,16,C,INDIGO,M,MW,Y
5644,1193.34,N,Elder,F,18,C,BROWN,N,NE,Y
5645,906.73,N,Elder,F,18,B,INDIGO,M,ME,N
5646,990.51,N,Elder,M,20,B,INDIGO,S,SW,N
5647,678.06,N,Elder,M,14,B,BROWN,S,SW,Y
5648,814.55,N,Elder,M,20,A,BROWN,M,MW,Y
5649,531.48,N,Elder,F,17,A,BROWN,N,NE,N
5650,822.43,N,Elder,M,14,B,BROWN,N,NE,Y
5651,1371.79,N,Elder,M,23,B,PURPLE,M,ME,N
5652,1788.92,N,Elder,M,23,C,INDIGO,N,NW,Y
5653,388.96,Y,Elder,M,15,A,INDIGO,M,MW,Y
5654,1464.05,N,Elder,F,14,C,BROWN,M,ME,Y
5655,1313.26,N,Elder,M,15,C,INDIGO,M,MW,N
5656,789.08,N,Elder,M,19,A,INDIGO,S,SE,Y
5657,1096.23,N,Elder,M,19,C,BROWN,N,NW,Y
5658,759.01,N,Elder,F,21,A,BROWN,N,NE,Y
5659,670.28,Y,Elder,M,13,B,BROWN,S,SW,Y
5660,1175.1,Y,Elder,M,13,D,BROWN,M,MW,Y
5661,866.18,N,Elder,M,17,B,BROWN,M,ME,Y
5662,682.86,N,Elder,F,15,B,BROWN,M,MW,Y
5663,899.72,N,Young,F,14,C,INDIGO,N,NE,N
5664,1312.52,N,Elder,F,16,A,INDIGO,M,MW,N
5665,332.74,N,Elder,F,15,A,BROWN,M,MW,N
5666,1050.5,N,Elder,M,18,C,BROWN,S,SE,Y
5667,910.79,N,Elder,F,13,B,BROWN,M,ME,Y
5668,821.55,N,Elder,M,16,A,INDIGO,N,NW,N
5669,727.72,N,Elder,M,16,B,BROWN,M,ME,Y
5670,499.44,Y,Young,F,13,B,INDIGO,M,ME,N
5671,597.14,N,Elder,M,15,B,INDIGO,N,NE,N
5672,309.56,N,Elder,F,13,A,BROWN,N,NW,Y
5673,605.77,N,Elder,F,11,B,BROWN,N,NE,Y
5674,403.54,N,Elder,F,15,A,BROWN,N,NW,Y
5675,633.73,N,Elder,M,11,B,INDIGO,M,ME,N
5676,614.08,N,Elder,F,12,B,INDIGO,N,NE,N
5677,775.76,N,Elder,F,18,B,BROWN,S,SE,Y
5678,895.74,N,Elder,M,19,B,MAGENTA,M,ME,Y
5679,919.25,N,Young,M,14,B,BROWN,N,NW,Y
5680,805.63,N,Elder,M,15,B,INDIGO,S,SW,N
5681,950.79,N,Elder,M,21,B,BROWN,M,ME,Y
5682,1112.75,N,Elder,M,14,D,BROWN,M,ME,Y
5683,498.71,N,Elder,M,14,A,BROWN,M,ME,Y
5684,882.91,N,Elder,F,21,A,INDIGO,N,NE,Y
5685,1046.11,N,Elder,M,19,B,MAGENTA,N,NW,Y
5686,788.65,N,Elder,M,18,B,MAGENTA,N,NW,Y
5687,1052.87,N,Elder,M,12,B,BROWN,S,SW,Y
5688,1168.02,N,Elder,F,17,C,BROWN,M,ME,Y
5689,965.26,N,Elder,M,19,B,MAGENTA,M,ME,N
5690,425,N,Elder,M,13,A,BROWN,S,SW,N
5691,1102.11,Y,Elder,M,19,C,INDIGO,M,ME,N
5692,1397.5,N,Elder,F,20,B,BROWN,M,ME,Y
5693,620.84,N,Elder,M,17,A,BROWN,S,SW,Y
5694,769.84,N,Elder,F,16,B,INDIGO,N,NE,Y
5695,497.64,N,Elder,M,18,A,MAGENTA,M,MW,N
5696,759.43,N,Elder,M,19,A,MAGENTA,M,ME,N
5697,747.66,N,Elder,F,15,B,INDIGO,N,NW,N
5698,1094.17,N,Elder,M,18,C,MAGENTA,M,ME,N
5699,939.16,N,Elder,F,18,B,PURPLE,M,ME,N
5700,973.52,Y,Elder,M,20,B,BROWN,M,ME,Y
5701,922.57,N,Elder,F,14,A,INDIGO,M,MW,Y
5702,2079.65,N,Young,F,14,B,INDIGO,M,MW,N
5703,308.88,N,Elder,F,13,A,INDIGO,M,MW,Y
5704,716.65,N,Young,M,13,B,BROWN,N,NE,Y
5705,599.55,N,Elder,F,15,A,MAGENTA,N,NE,N
5706,953.27,N,Elder,M,16,B,BROWN,N,NW,Y
5707,875.38,N,Elder,M,18,B,MAGENTA,N,NE,N
5708,718.02,N,Elder,F,21,A,BROWN,S,SW,Y
5709,579.02,N,Elder,M,12,B,INDIGO,M,MW,N
5710,1157.34,N,Elder,M,19,B,INDIGO,N,NW,Y
5711,490.57,N,Elder,F,17,A,BROWN,M,MW,Y
5712,717.82,Y,Young,M,17,B,BROWN,N,NW,Y
5713,1265.13,N,Elder,M,21,C,MAGENTA,M,ME,N
5714,418.96,N,Elder,F,16,A,MAGENTA,M,MW,N
5715,1230.02,N,Elder,M,18,C,INDIGO,S,SW,Y
5716,666.24,N,Elder,M,16,B,MAGENTA,M,ME,N
5717,735.51,N,Elder,M,17,B,MAGENTA,S,SE,N
5718,1207.21,N,Elder,F,15,D,MAGENTA,S,SW,Y
5719,499.4,N,Elder,M,16,A,INDIGO,M,MW,N
5720,1448.39,Y,Young,M,16,C,INDIGO,S,SW,Y
5721,549.45,N,Elder,M,18,A,BROWN,N,NW,Y
5722,419.86,Y,Elder,M,16,A,MAGENTA,M,MW,N
5723,812.31,Y,Elder,F,15,B,BROWN,N,NE,Y
5724,497.15,N,Elder,M,17,A,MAGENTA,M,MW,Y
5725,1359.78,N,Elder,F,15,B,BROWN,N,NE,Y
5726,338.49,N,Elder,F,15,A,PURPLE,M,MW,N
5727,343.87,N,Elder,M,15,A,BROWN,S,SW,Y
5728,1104.54,N,Elder,M,16,C,MAGENTA,M,ME,Y
5729,312.61,N,Elder,F,14,A,INDIGO,S,SW,N
5730,984.09,N,Elder,F,11,C,BROWN,M,ME,Y
5731,382.6,N,Elder,F,16,A,MAGENTA,M,MW,N
5732,787.99,N,Elder,F,16,B,MAGENTA,S,SW,N
5733,807.57,N,Elder,M,17,B,BROWN,N,NW,Y
5734,818.81,N,Elder,F,16,B,INDIGO,S,SE,N
5735,493.32,N,Elder,F,11,B,INDIGO,S,SW,Y
5736,744.16,N,Elder,M,16,B,PURPLE,N,NW,N
5737,1239.35,N,Young,F,12,C,BROWN,N,NW,Y
5738,1280.57,N,Elder,M,20,C,BROWN,M,ME,N
5739,1646.65,N,Elder,M,17,C,BROWN,M,MW,Y
5740,646.43,N,Elder,M,17,A,BROWN,N,NW,N
5741,1007.95,N,Elder,F,21,B,MAGENTA,N,NW,Y
5742,227.82,N,Elder,F,13,A,PURPLE,S,SE,N
5743,429.92,N,Elder,F,15,A,BROWN,N,NE,N
5744,1051.87,N,Elder,F,13,C,INDIGO,M,MW,N
5745,895.65,N,Elder,F,10,B,PURPLE,S,SW,N
5746,779.17,N,Elder,F,18,A,BROWN,M,MW,Y
5747,798.97,N,Elder,M,16,B,BROWN,N,NW,Y
5748,568.81,N,Elder,M,14,B,BROWN,N,NE,N
5749,699.72,N,Elder,M,16,B,BROWN,N,NE,Y
5750,437.18,Y,Elder,F,16,A,INDIGO,N,NW,N
5751,618.82,N,Elder,M,15,B,MAGENTA,S,SE,N
5752,1122.19,N,Elder,F,13,B,INDIGO,M,ME,Y
5753,651.63,N,Elder,F,17,A,BROWN,S,SW,N
5754,720.35,N,Elder,F,12,C,BROWN,N,NE,N
5755,734.32,N,Elder,M,17,B,BROWN,N,NW,Y
5756,733.86,N,Elder,M,17,B,BROWN,N,NW,N
5757,864.22,N,Elder,M,14,C,MAGENTA,N,NE,N
5758,762.01,Y,Elder,M,18,A,INDIGO,S,SW,Y
5759,772.06,N,Elder,F,13,C,BROWN,N,NW,Y
5760,998.44,N,Elder,M,17,C,BROWN,M,ME,Y
5761,732.02,N,Elder,F,16,B,INDIGO,N,NE,Y
5762,1148.2,N,Elder,M,15,D,MAGENTA,N,NW,N
5763,1082.87,Y,Young,M,17,C,BROWN,M,ME,N
5764,933.72,N,Elder,M,16,C,BROWN,N,NE,Y
5765,338.46,N,Elder,F,15,A,INDIGO,N,NW,N
5766,934.87,N,Elder,F,16,C,INDIGO,S,SW,N
5767,653.44,Y,Elder,M,16,B,BROWN,S,SE,Y
5768,547.77,N,Elder,M,18,A,INDIGO,N,NW,Y
5769,1496.26,Y,Elder,F,15,D,BROWN,N,NW,Y
5770,1403.87,N,Elder,M,19,C,INDIGO,M,ME,Y
5771,604.15,N,Elder,F,15,B,BROWN,S,SW,Y
5772,1029.61,N,Elder,M,18,C,BROWN,N,NE,N
5773,843.04,N,Elder,M,18,B,INDIGO,N,NW,Y
5774,713.75,N,Elder,F,15,B,MAGENTA,M,MW,N
5775,941.67,N,Elder,F,18,B,PURPLE,M,ME,N
5776,1149.42,N,Elder,M,18,C,MAGENTA,N,NW,N
5777,680.47,N,Elder,F,15,B,BROWN,M,MW,Y
5778,601.16,N,Elder,F,14,B,BROWN,N,NW,Y
5779,698.42,N,Elder,F,15,B,INDIGO,S,SW,N
5780,993.89,N,Elder,F,17,C,INDIGO,S,SE,N
5781,1286.62,N,Elder,M,20,C,BROWN,S,SW,Y
5782,417.43,N,Elder,M,14,A,BROWN,M,MW,Y
5783,580.43,N,Elder,M,19,A,INDIGO,M,MW,N
5784,557.83,N,Elder,F,14,B,INDIGO,N,NW,Y
5785,376.39,N,Elder,M,15,A,BROWN,S,SE,Y
5786,1417.66,N,Elder,F,22,C,MAGENTA,N,NW,Y
5787,959.21,N,Elder,F,16,C,BROWN,S,SW,Y
5788,715.33,N,Elder,F,15,B,BROWN,S,SW,N
5789,462.58,Y,Elder,M,16,A,BROWN,M,ME,Y
5790,442.96,N,Elder,M,16,A,BROWN,S,SW,Y
5791,569.5,N,Elder,F,19,A,INDIGO,M,MW,N
5792,839.94,N,Elder,F,14,C,INDIGO,M,MW,N
5793,344.2,N,Elder,F,14,A,INDIGO,S,SE,Y
5794,356.88,Y,Elder,F,12,A,MAGENTA,S,SW,Y
5795,703.42,N,Elder,F,15,B,INDIGO,N,NE,N
5796,831.99,N,Elder,F,13,C,BROWN,M,ME,Y
5797,1050.13,N,Elder,M,17,C,BROWN,N,NE,Y
5798,958.28,N,Elder,M,12,C,BROWN,N,NW,Y
5799,975.26,N,Elder,F,16,C,MAGENTA,N,NW,N
5800,634.2,Y,Elder,F,16,A,INDIGO,N,NW,N
5801,1200.33,N,Elder,M,18,B,INDIGO,M,ME,Y
5802,463.31,N,Young,F,10,B,BROWN,S,SW,N
5803,1130.36,N,Elder,M,18,C,PURPLE,M,ME,N
5804,968.91,N,Elder,M,16,C,MAGENTA,S,SE,N
5805,506.53,Y,Elder,M,12,B,MAGENTA,M,MW,N
5806,1555.58,N,Elder,M,18,D,BROWN,N,NW,Y
5807,962.52,N,Elder,M,17,A,INDIGO,S,SW,Y
5808,1246.69,N,Elder,F,14,D,MAGENTA,M,MW,N
5809,1373.36,N,Elder,M,20,C,INDIGO,M,ME,N
5810,797.59,N,Elder,M,18,B,MAGENTA,N,NW,Y
5811,868.44,N,Elder,M,18,B,INDIGO,N,NW,Y
5812,716.62,N,Elder,M,18,A,BROWN,N,NE,Y
5813,964.95,Y,Young,M,15,C,INDIGO,M,ME,N
5814,503.66,Y,Young,F,10,B,BROWN,N,NW,N
5815,1638.5,N,Elder,M,22,C,INDIGO,M,MW,Y
5816,959.19,N,Elder,F,16,C,BROWN,M,MW,Y
5817,1041.77,N,Elder,M,18,C,BROWN,M,ME,N
5818,387.89,N,Young,F,12,A,MAGENTA,M,MW,N
5819,1189.09,N,Elder,F,20,B,INDIGO,M,MW,N
5820,384.89,N,Elder,F,11,A,BROWN,N,NW,Y
5821,746.04,N,Elder,M,13,B,BROWN,M,ME,Y
5822,1163.49,N,Elder,F,18,C,INDIGO,N,NW,N
5823,1186.09,N,Elder,M,16,B,INDIGO,M,MW,Y
5824,784.92,N,Elder,M,16,B,BROWN,S,SW,Y
5825,527.57,N,Elder,F,14,A,INDIGO,N,NW,Y
5826,617.27,N,Elder,M,20,A,INDIGO,N,NE,N
5827,1734.79,N,Elder,F,15,D,INDIGO,M,ME,Y
5828,1938.5,N,Elder,M,17,C,BROWN,S,SW,Y
5829,516.18,N,Elder,F,18,A,INDIGO,M,ME,N
5830,1390.73,Y,Elder,M,12,B,INDIGO,S,SW,Y
5831,454.16,N,Elder,M,17,A,INDIGO,M,ME,N
5832,776.86,Y,Elder,F,15,A,BROWN,M,MW,Y
5833,736.63,N,Elder,F,17,B,MAGENTA,N,NE,N
5834,563.51,N,Elder,F,19,A,BROWN,N,NE,Y
5835,1126.86,Y,Young,M,15,C,BROWN,M,MW,Y
5836,702.98,N,Elder,F,16,A,MAGENTA,S,SW,N
5837,945.61,N,Elder,M,21,B,BROWN,M,MW,N
5838,1207.4,N,Elder,M,16,D,MAGENTA,M,ME,N
5839,1192.28,N,Elder,M,20,B,BROWN,M,MW,N
5840,448.29,N,Elder,F,12,A,MAGENTA,N,NW,N
5841,274.51,N,Elder,M,14,A,MAGENTA,M,ME,N
5842,1109.9,Y,Elder,F,19,B,INDIGO,S,SW,Y
5843,909.52,N,Elder,F,13,B,INDIGO,M,MW,N
5844,787.97,N,Elder,F,14,A,BROWN,N,NE,Y
5845,706.65,N,Young,M,15,B,BROWN,N,NE,Y
5846,924.55,N,Elder,M,16,B,BROWN,S,SW,Y
5847,1012.82,N,Elder,M,16,C,INDIGO,N,NE,N
5848,540.43,N,Elder,M,19,A,BROWN,S,SE,N
5849,1220.38,Y,Elder,F,13,D,INDIGO,N,NW,Y
5850,312.75,N,Elder,F,14,A,INDIGO,M,ME,N
5851,615.73,Y,Elder,F,14,B,BROWN,S,SE,Y
5852,867.12,N,Elder,F,14,C,INDIGO,N,NW,Y
5853,957.14,N,Elder,M,17,B,INDIGO,S,SW,Y
5854,882.2,Y,Elder,M,15,C,INDIGO,M,MW,Y
5855,1258.26,N,Elder,M,21,B,MAGENTA,M,MW,N
5856,637.49,N,Elder,M,20,A,BROWN,S,SE,Y
5857,408.1,N,Elder,F,15,A,PURPLE,M,ME,N
5858,534.05,N,Young,F,17,A,BROWN,M,ME,Y
5859,1493.49,N,Elder,M,22,C,BROWN,N,NE,Y
5860,770.3,N,Elder,F,18,A,PURPLE,M,ME,N
5861,836.8,N,Elder,F,18,A,INDIGO,N,NE,N
5862,747.28,N,Elder,F,17,B,BROWN,N,NE,Y
5863,1153.55,Y,Elder,M,20,C,MAGENTA,S,SW,Y
5864,306.04,N,Elder,M,13,A,INDIGO,S,SE,N
5865,897.52,N,Elder,M,19,B,BROWN,N,NE,N
5866,561.8,N,Elder,M,19,A,INDIGO,M,ME,Y
5867,957.62,N,Elder,M,16,C,BROWN,N,NW,Y
5868,203.51,N,Young,F,11,A,MAGENTA,M,ME,Y
5869,495.87,Y,Elder,M,18,A,BROWN,N,NE,Y
5870,867.52,N,Elder,F,16,B,INDIGO,N,NW,N
5871,554.81,N,Elder,F,13,B,MAGENTA,N,NE,Y
5872,848.83,N,Young,F,16,B,INDIGO,N,NW,N
5873,880.59,N,Elder,F,22,A,BROWN,M,MW,N
5874,2142.46,N,Elder,M,16,C,BROWN,S,SW,Y
5875,1374.88,N,Elder,F,20,B,INDIGO,M,MW,Y
5876,513.57,N,Elder,M,13,B,BROWN,N,NW,Y
5877,920.9,N,Elder,M,13,C,PURPLE,S,SE,N
5878,939.07,Y,Elder,M,16,C,BROWN,N,NW,Y
5879,677.71,N,Elder,F,21,A,INDIGO,N,NE,N
5880,745.91,N,Elder,F,16,A,INDIGO,M,MW,N
5881,1677.46,N,Elder,F,18,D,BROWN,M,MW,N
5882,255.23,N,Elder,F,13,A,PURPLE,N,NW,N
5883,677.83,N,Elder,F,15,B,MAGENTA,N,NE,N
5884,490.77,N,Elder,M,17,A,INDIGO,N,NW,N
5885,509.53,N,Elder,M,18,A,PURPLE,M,MW,N
5886,943.79,N,Elder,M,21,B,INDIGO,M,MW,Y
5887,1359.89,N,Elder,F,18,A,BROWN,N,NW,Y
5888,1085.16,N,Elder,M,15,C,MAGENTA,S,SW,N
5889,508.02,N,Elder,F,17,A,BROWN,S,SE,N
5890,900.22,Y,Young,M,13,B,PURPLE,S,SW,N
5891,515.85,N,Elder,F,11,B,INDIGO,N,NW,N
5892,1263.03,N,Elder,M,17,D,INDIGO,S,SW,Y
5893,129.47,Y,Elder,M,10,A,INDIGO,S,SW,Y
5894,1082.21,N,Elder,M,21,B,BROWN,N,NE,Y
5895,759.58,N,Elder,M,13,A,MAGENTA,M,ME,Y
5896,451.97,N,Elder,M,17,A,INDIGO,N,NW,Y
5897,1088.6,N,Elder,M,23,B,MAGENTA,S,SW,N
5898,1579.31,N,Elder,M,14,C,INDIGO,N,NW,N
5899,1389.2,N,Elder,F,18,B,BROWN,S,SW,Y
5900,961.8,Y,Elder,F,20,B,BROWN,M,MW,Y
5901,341.89,N,Elder,M,15,A,BROWN,N,NW,Y
5902,1277.79,Y,Young,M,15,D,INDIGO,N,NW,Y
5903,713.03,N,Elder,F,22,A,BROWN,S,SE,Y
5904,935.82,N,Elder,M,16,C,BROWN,N,NW,Y
5905,570.03,N,Elder,M,16,A,INDIGO,M,MW,Y
5906,906.64,N,Elder,F,15,C,MAGENTA,S,SE,N
5907,366.83,N,Elder,M,15,A,BROWN,S,SW,Y
5908,448.6,N,Elder,M,16,A,BROWN,M,MW,Y
5909,884.72,N,Elder,F,15,C,INDIGO,N,NE,N
5910,937.26,N,Elder,F,15,A,INDIGO,N,NW,N
5911,340.93,Y,Elder,M,15,A,MAGENTA,S,SW,Y
5912,1115.55,Y,Young,M,16,B,BROWN,N,NW,Y
5913,2600.47,N,Elder,M,22,D,PURPLE,M,ME,N
5914,336.05,N,Young,M,15,A,PURPLE,M,ME,N
5915,985.66,N,Elder,M,12,D,MAGENTA,M,MW,N
5916,561.28,N,Elder,M,19,A,INDIGO,N,NW,Y
5917,1041.2,N,Elder,M,17,C,INDIGO,M,ME,Y
5918,795.5,N,Elder,M,16,B,BROWN,M,ME,Y
5919,1251.68,N,Elder,F,19,C,INDIGO,N,NW,N
5920,958.64,N,Elder,M,18,B,BROWN,M,ME,N
5921,771.62,N,Elder,M,18,B,INDIGO,S,SE,N
5922,811.72,N,Elder,F,15,B,INDIGO,N,NW,Y
5923,724.95,N,Young,F,22,A,BROWN,N,NW,N
5924,1051.98,N,Elder,F,19,B,MAGENTA,M,ME,Y
5925,1173.18,N,Elder,F,14,C,BROWN,M,ME,Y
5926,1080.99,N,Elder,F,17,C,MAGENTA,S,SE,N
5927,789.17,N,Elder,M,18,B,INDIGO,N,NE,N
5928,1076.5,Y,Elder,M,16,C,BROWN,N,NW,Y
5929,769.24,N,Elder,M,17,B,INDIGO,S,SW,Y
5930,1349.62,N,Elder,F,16,B,MAGENTA,S,SW,N
5931,405.34,N,Young,F,16,A,PURPLE,N,NE,N
5932,744.57,N,Elder,M,20,A,BROWN,N,NW,N
5933,1038.76,N,Elder,M,18,C,BROWN,M,MW,N
5934,447.09,Y,Young,M,17,A,INDIGO,M,ME,Y
5935,357.12,N,Elder,F,15,A,INDIGO,N,NW,N
5936,642.15,N,Elder,F,15,B,MAGENTA,N,NE,N
5937,1316.67,N,Elder,M,18,D,BROWN,S,SW,N
5938,592.7,N,Elder,M,14,B,INDIGO,M,ME,N
5939,741.18,N,Elder,M,17,B,INDIGO,N,NE,Y
5940,406.52,N,Elder,M,16,A,INDIGO,S,SW,Y
5941,328.28,N,Elder,F,15,A,BROWN,M,ME,Y
5942,840.17,Y,Elder,M,18,B,INDIGO,M,MW,N
5943,1011.68,N,Elder,F,17,C,BROWN,N,NE,Y
5944,744.28,N,Elder,M,16,B,BROWN,M,MW,Y
5945,931.48,N,Elder,M,18,B,MAGENTA,N,NW,N
5946,940.83,N,Elder,M,18,B,INDIGO,N,NW,N
5947,929.33,N,Elder,M,16,C,PURPLE,S,SE,N
5948,726.38,N,Elder,F,18,A,INDIGO,S,SE,N
5949,938.69,Y,Young,M,16,C,BROWN,M,MW,Y
5950,721.98,N,Elder,M,16,B,INDIGO,M,MW,N
5951,1088.04,N,Elder,M,18,B,INDIGO,M,ME,Y
5952,814.22,N,Elder,M,18,B,BROWN,S,SW,N
5953,1633.79,Y,Elder,M,22,C,MAGENTA,S,SE,N
5954,395.54,N,Young,F,16,A,MAGENTA,S,SW,N
5955,407.99,N,Young,F,11,B,BROWN,S,SE,N
5956,612.94,N,Elder,F,15,A,BROWN,M,MW,Y
5957,730.55,N,Elder,M,17,B,BROWN,N,NW,Y
5958,882.6,Y,Elder,M,16,B,BROWN,S,SW,Y
5959,395.61,N,Elder,M,16,A,INDIGO,M,MW,Y
5960,655.92,N,Elder,M,15,B,BROWN,N,NE,Y
5961,525.78,N,Elder,F,12,B,INDIGO,M,ME,Y
5962,1268.11,N,Elder,M,17,B,INDIGO,N,NW,N
5963,1677.14,N,Elder,M,17,C,BROWN,M,ME,Y
5964,927.45,N,Elder,M,19,B,MAGENTA,S,SE,Y
5965,452.68,Y,Elder,F,17,A,BROWN,M,MW,Y
5966,631.74,N,Elder,M,15,B,PURPLE,N,NE,N
5967,447.02,N,Elder,M,17,A,INDIGO,M,ME,N
5968,357.4,N,Elder,M,15,A,BROWN,M,MW,Y
5969,807.29,N,Elder,M,23,A,MAGENTA,S,SW,N
5970,657.79,Y,Elder,F,18,A,BROWN,M,MW,Y
5971,457.32,Y,Young,F,12,B,INDIGO,N,NE,N
5972,1473.83,Y,Elder,M,20,C,INDIGO,M,ME,Y
5973,878.47,N,Elder,F,15,C,MAGENTA,N,NE,N
5974,639.14,N,Elder,F,14,B,BROWN,S,SW,N
5975,1262.67,N,Elder,F,17,D,INDIGO,S,SW,N
5976,699.37,N,Elder,M,16,B,MAGENTA,N,NW,N
5977,222.26,N,Elder,F,13,A,BROWN,N,NW,Y
5978,746.23,N,Elder,M,20,A,PURPLE,M,ME,N
5979,347.22,N,Elder,M,15,A,INDIGO,N,NE,N
5980,838.21,Y,Elder,F,18,B,BROWN,N,NE,Y
5981,931.25,N,Elder,M,15,B,BROWN,S,SE,Y
5982,731.42,N,Elder,M,21,A,BROWN,N,NE,Y
5983,334.2,N,Elder,M,15,A,MAGENTA,N,NW,Y
5984,668.65,N,Elder,M,14,A,PURPLE,N,NE,N
5985,873.1,N,Elder,M,17,B,MAGENTA,N,NE,N
5986,283.69,N,Elder,F,14,A,INDIGO,M,MW,Y
5987,888.07,N,Elder,M,19,A,BROWN,N,NE,Y
5988,873.96,N,Elder,M,16,B,BROWN,S,SW,Y
5989,494.37,Y,Elder,F,17,A,BROWN,S,SW,Y
5990,287.97,N,Elder,M,14,A,INDIGO,S,SE,N
5991,706.29,N,Elder,F,14,B,INDIGO,M,ME,Y
5992,1557.88,N,Elder,M,22,D,INDIGO,M,MW,N
5993,1054.91,N,Elder,F,17,B,INDIGO,S,SE,Y
5994,607.92,N,Elder,M,15,B,MAGENTA,S,SW,N
5995,554.66,N,Elder,M,19,A,MAGENTA,N,NW,N
5996,856.51,N,Elder,F,18,B,BROWN,M,MW,Y
5997,1261.84,N,Elder,F,19,C,BROWN,M,ME,N
5998,860.62,N,Elder,M,18,A,MAGENTA,M,MW,N
5999,837.17,N,Elder,M,17,A,BROWN,N,NE,N
6000,815.77,N,Elder,F,15,B,BROWN,N,NW,Y
6001,544.98,N,Elder,F,13,B,BROWN,N,NE,N
6002,247.08,Y,Elder,F,13,A,BROWN,M,MW,Y
6003,802.74,N,Elder,M,18,A,BROWN,N,NE,Y
6004,851.67,N,Elder,F,18,B,INDIGO,N,NE,Y
6005,925.7,N,Elder,M,18,B,BROWN,M,MW,Y
6006,880.66,Y,Elder,M,15,C,BROWN,S,SE,Y
6007,1298.37,N,Elder,F,12,D,INDIGO,M,MW,Y
6008,1064,N,Elder,M,17,C,BROWN,M,ME,Y
6009,434.45,N,Elder,M,14,A,BROWN,M,ME,Y
6010,1010.89,N,Elder,M,15,C,BROWN,N,NE,Y
6011,569.33,N,Elder,F,12,B,PURPLE,M,MW,N
6012,495.17,N,Elder,M,18,A,MAGENTA,N,NW,Y
6013,813.56,N,Elder,F,15,A,INDIGO,M,ME,N
6014,1063,N,Elder,F,14,B,BROWN,S,SW,Y
6015,1114.79,N,Elder,M,19,B,MAGENTA,N,NE,N
6016,1114.18,N,Elder,F,19,B,BROWN,S,SW,Y
6017,740.51,N,Elder,F,21,A,BROWN,N,NE,Y
6018,692.42,N,Elder,M,14,B,INDIGO,N,NW,N
6019,704.91,N,Elder,F,16,A,INDIGO,N,NE,Y
6020,256.16,N,Elder,M,13,A,MAGENTA,N,NW,N
6021,1057.11,N,Elder,F,16,B,BROWN,S,SW,Y
6022,670.7,Y,Elder,M,15,B,BROWN,M,MW,N
6023,921.31,N,Elder,M,21,B,INDIGO,M,ME,Y
6024,524.53,N,Elder,M,16,A,INDIGO,M,ME,N
6025,499.8,N,Elder,M,17,A,BROWN,N,NE,Y
6026,1009.56,N,Elder,F,16,C,INDIGO,M,MW,N
6027,588.38,N,Young,F,17,A,BROWN,M,MW,N
6028,1115.77,N,Elder,M,16,B,MAGENTA,N,NW,N
6029,875.56,N,Elder,M,15,C,INDIGO,N,NW,N
6030,394.24,N,Elder,M,16,A,BROWN,N,NE,Y
6031,471.68,N,Elder,F,17,A,INDIGO,S,SW,Y
6032,364.23,N,Elder,M,15,A,PURPLE,S,SE,N
6033,1131.8,N,Elder,M,19,B,INDIGO,S,SE,Y
6034,810.05,N,Elder,M,14,B,MAGENTA,S,SW,N
6035,1023.94,N,Elder,M,15,B,INDIGO,N,NW,N
6036,542.42,N,Elder,F,12,B,INDIGO,N,NW,N
6037,622.6,N,Elder,M,16,A,MAGENTA,N,NW,Y
6038,1132.95,N,Elder,M,18,C,MAGENTA,M,ME,Y
6039,880.26,N,Elder,M,15,C,MAGENTA,N,NW,Y
6040,839.45,N,Elder,M,14,C,MAGENTA,N,NE,Y
6041,976.57,Y,Elder,M,14,C,INDIGO,M,ME,Y
6042,900.75,N,Elder,M,18,A,INDIGO,N,NE,N
6043,195.23,N,Elder,M,12,A,MAGENTA,M,ME,N
6044,477.92,N,Elder,F,15,A,BROWN,N,NE,Y
6045,1296.01,N,Elder,M,16,A,MAGENTA,N,NE,Y
6046,497.93,N,Elder,M,13,B,INDIGO,M,MW,Y
6047,1267.65,N,Elder,F,14,D,INDIGO,N,NW,N
6048,858.24,N,Elder,M,18,B,BROWN,N,NW,Y
6049,412.2,N,Elder,F,14,A,BROWN,N,NE,Y
6050,699.31,N,Elder,M,16,B,INDIGO,M,ME,Y
6051,1842.47,N,Elder,M,23,B,INDIGO,N,NE,N
6052,747.35,N,Elder,M,12,A,PURPLE,N,NW,N
6053,1227.35,N,Elder,F,16,B,BROWN,S,SE,Y
6054,1100.6,N,Elder,M,16,B,BROWN,S,SW,Y
6055,370.59,N,Elder,F,15,A,MAGENTA,N,NE,N
6056,856.35,Y,Elder,F,14,C,INDIGO,N,NE,Y
6057,856.21,N,Elder,F,17,B,INDIGO,N,NW,Y
6058,816.35,N,Elder,F,18,B,MAGENTA,M,ME,N
6059,473.85,N,Elder,M,16,A,INDIGO,M,ME,N
6060,603.82,N,Elder,M,15,B,INDIGO,N,NE,N
6061,700.46,N,Elder,M,14,B,INDIGO,N,NE,Y
6062,1146.09,Y,Young,M,16,B,INDIGO,S,SE,Y
6063,228.29,N,Elder,F,13,A,BROWN,M,ME,Y
6064,1061.17,N,Elder,M,16,C,MAGENTA,N,NW,N
6065,742.94,N,Elder,M,17,B,MAGENTA,N,NW,Y
6066,952.03,N,Elder,F,14,C,BROWN,M,MW,Y
6067,1041.91,N,Elder,M,18,C,MAGENTA,S,SW,N
6068,991.02,N,Elder,M,16,C,BROWN,S,SW,N
6069,499.31,N,Elder,M,11,B,PURPLE,M,MW,N
6070,805.13,N,Elder,F,17,B,BROWN,S,SE,Y
6071,823.57,N,Elder,M,18,B,BROWN,S,SW,Y
6072,360.4,N,Elder,F,14,A,BROWN,N,NE,N
6073,1007.46,N,Elder,F,17,A,BROWN,M,ME,Y
6074,550.36,N,Elder,F,12,A,BROWN,S,SW,N
6075,932.14,N,Elder,M,21,B,INDIGO,M,MW,Y
6076,1217.02,N,Elder,M,21,C,MAGENTA,N,NE,N
6077,780.56,N,Elder,F,18,B,INDIGO,N,NW,N
6078,657.09,N,Elder,M,17,A,BROWN,M,ME,N
6079,467.09,N,Elder,M,12,B,INDIGO,M,ME,Y
6080,692.37,N,Elder,M,14,B,INDIGO,S,SW,N
6081,610.72,N,Elder,F,15,B,BROWN,M,MW,Y
6082,396.62,N,Young,M,14,A,BROWN,M,ME,Y
6083,726.73,N,Young,M,17,B,INDIGO,M,ME,N
6084,991.34,N,Elder,M,15,B,BROWN,S,SE,Y
6085,206.79,Y,Elder,F,11,A,BROWN,M,ME,Y
6086,668.63,N,Elder,M,18,A,MAGENTA,M,ME,N
6087,300.1,N,Elder,F,10,A,BROWN,M,ME,Y
6088,1295.72,N,Elder,M,22,C,BROWN,M,ME,Y
6089,625.14,N,Elder,F,15,B,BROWN,N,NW,Y
6090,663.93,N,Young,F,13,B,MAGENTA,M,ME,N
6091,712.74,N,Elder,M,13,A,BROWN,M,ME,Y
6092,344.49,N,Elder,F,10,B,INDIGO,N,NW,N
6093,700.18,Y,Elder,M,13,B,INDIGO,S,SW,N
6094,1059.77,N,Elder,M,17,C,INDIGO,M,MW,N
6095,523.42,N,Elder,F,13,B,BROWN,S,SW,N
6096,491.89,N,Elder,F,12,B,INDIGO,N,NW,N
6097,721.73,Y,Elder,F,18,A,BROWN,S,SW,Y
6098,509.73,N,Elder,M,18,A,BROWN,M,MW,Y
6099,449,N,Elder,M,15,A,INDIGO,N,NW,N
6100,741.52,N,Elder,M,17,B,BROWN,M,MW,Y
6101,1289.93,N,Elder,M,16,A,INDIGO,M,MW,N
6102,698.64,N,Elder,M,15,B,MAGENTA,M,MW,N
6103,840.73,N,Elder,F,19,B,BROWN,M,ME,Y
6104,1518.85,N,Elder,F,19,D,BROWN,M,ME,Y
6105,880.63,N,Elder,M,14,C,INDIGO,N,NW,Y
6106,1215.02,Y,Young,F,15,D,INDIGO,N,NW,N
6107,1063.68,N,Elder,M,17,B,INDIGO,N,NE,N
6108,800.89,N,Elder,M,15,B,BROWN,N,NW,N
6109,1221.87,N,Elder,M,14,C,INDIGO,N,NE,Y
6110,663.99,Y,Elder,F,16,B,BROWN,N,NW,Y
6111,754.46,N,Elder,M,14,A,INDIGO,S,SW,Y
6112,1061,N,Elder,F,17,C,INDIGO,M,MW,Y
6113,303.07,N,Elder,M,14,A,BROWN,M,ME,Y
6114,552.17,N,Elder,M,14,B,BROWN,S,SW,N
6115,1037.04,Y,Young,M,15,C,BROWN,S,SW,Y
6116,670.45,N,Elder,F,17,A,BROWN,S,SE,N
6117,1766.89,N,Elder,M,17,D,BROWN,N,NE,Y
6118,1371.54,N,Elder,M,19,D,BROWN,S,SW,Y
6119,1010.04,N,Elder,F,17,C,BROWN,M,MW,Y
6120,1870,Y,Elder,M,16,D,BROWN,S,SW,Y
6121,1037.81,N,Elder,F,18,A,BROWN,S,SE,Y
6122,1554.87,N,Elder,F,20,C,BROWN,M,MW,Y
6123,1824.65,N,Elder,F,18,D,MAGENTA,M,MW,N
6124,519.28,N,Elder,M,18,A,BROWN,S,SW,N
6125,816.46,N,Elder,M,18,B,INDIGO,M,MW,N
6126,600.82,N,Elder,M,14,B,MAGENTA,N,NE,Y
6127,835.08,N,Elder,M,17,B,PURPLE,N,NE,N
6128,621.67,N,Elder,F,15,B,BROWN,M,MW,N
6129,584.9,N,Elder,M,19,A,INDIGO,N,NW,Y
6130,653.3,N,Elder,F,14,B,INDIGO,S,SW,N
6131,960.78,N,Elder,M,21,B,PURPLE,N,NE,N
6132,1521.81,N,Elder,M,22,B,MAGENTA,N,NE,N
6133,472.43,Y,Elder,M,16,A,INDIGO,S,SE,Y
6134,465.63,N,Elder,F,16,A,BROWN,M,ME,N
6135,695.31,N,Elder,M,16,B,BROWN,M,MW,N
6136,1165.73,N,Elder,F,21,B,BROWN,N,NE,Y
6137,793.54,N,Elder,M,17,B,BROWN,S,SE,Y
6138,549.87,N,Elder,F,14,B,INDIGO,M,ME,Y
6139,897.85,N,Elder,M,16,B,INDIGO,N,NW,Y
6140,1050.37,N,Elder,F,13,D,INDIGO,M,MW,Y
6141,1306.32,N,Elder,F,16,D,MAGENTA,N,NE,Y
6142,167.3,N,Elder,F,12,A,BROWN,M,MW,N
6143,728.66,N,Elder,M,17,B,MAGENTA,S,SW,N
6144,767.94,N,Elder,F,17,B,BROWN,M,ME,Y
6145,309.19,N,Elder,F,14,A,INDIGO,M,ME,N
6146,1274.14,N,Elder,M,21,C,INDIGO,S,SE,Y
6147,421.79,N,Elder,F,16,A,BROWN,N,NW,Y
6148,1103.86,N,Elder,M,19,C,INDIGO,M,MW,Y
6149,705.04,Y,Elder,F,18,A,BROWN,N,NW,Y
6150,327.77,N,Elder,M,14,A,INDIGO,M,ME,Y
6151,880.69,N,Elder,M,15,C,MAGENTA,S,SW,N
6152,428.47,Y,Elder,M,15,A,INDIGO,M,ME,Y
6153,384.97,N,Elder,F,16,A,MAGENTA,N,NE,N
6154,739.92,N,Elder,M,15,A,INDIGO,M,ME,Y
6155,841.64,N,Elder,M,19,B,MAGENTA,S,SW,N
6156,794.81,N,Elder,M,18,B,INDIGO,N,NE,Y
6157,449.11,N,Elder,F,17,A,BROWN,N,NW,Y
6158,1236.4,Y,Elder,F,16,D,BROWN,S,SW,N
6159,1213.54,N,Elder,F,17,C,INDIGO,N,NW,Y
6160,928.62,N,Elder,M,16,B,MAGENTA,M,ME,N
6161,556.41,N,Elder,M,17,A,MAGENTA,N,NE,N
6162,986.64,N,Elder,F,16,B,INDIGO,S,SW,Y
6163,441.11,N,Elder,F,11,B,PURPLE,M,MW,N
6164,376.16,N,Elder,F,15,A,BROWN,N,NW,Y
6165,814.56,N,Elder,M,16,B,INDIGO,M,ME,Y
6166,1097.1,N,Young,M,15,A,INDIGO,N,NE,Y
6167,1023.14,N,Elder,M,14,B,BROWN,M,MW,Y
6168,1007.04,N,Elder,M,14,A,MAGENTA,S,SW,N
6169,1041.04,N,Elder,F,17,C,PURPLE,S,SW,N
6170,828.33,N,Elder,M,19,B,INDIGO,N,NW,N
6171,912.53,N,Elder,M,15,C,BROWN,S,SW,N
6172,950.27,N,Elder,F,15,C,INDIGO,M,MW,N
6173,991.29,N,Elder,F,12,A,INDIGO,N,NW,N
6174,784,Y,Elder,M,16,B,BROWN,N,NE,Y
6175,890.2,N,Elder,M,20,B,INDIGO,M,ME,Y
6176,889.73,Y,Elder,F,15,C,MAGENTA,N,NE,Y
6177,657.15,N,Elder,F,16,B,INDIGO,N,NW,Y
6178,755.48,N,Elder,F,16,B,BROWN,S,SW,Y
6179,696.55,N,Young,F,10,C,MAGENTA,S,SE,N
6180,943.78,N,Elder,F,14,C,MAGENTA,S,SE,N
6181,516.93,N,Elder,M,18,A,BROWN,N,NE,Y
6182,1115.03,N,Elder,F,14,C,BROWN,N,NE,Y
6183,696.29,N,Elder,M,16,B,BROWN,N,NE,N
6184,940.73,N,Elder,F,15,B,BROWN,S,SE,Y
6185,862.94,Y,Elder,M,17,B,MAGENTA,M,ME,Y
6186,785.43,N,Elder,F,16,B,INDIGO,N,NE,N
6187,721.86,N,Elder,F,12,C,MAGENTA,S,SE,N
6188,1076.95,N,Elder,M,17,C,BROWN,S,SE,Y
6189,784.97,N,Elder,M,18,A,INDIGO,M,MW,Y
6190,1390.99,N,Elder,M,14,D,INDIGO,M,MW,N
6191,766.23,N,Elder,F,13,C,MAGENTA,S,SW,N
6192,891.86,N,Elder,F,12,C,BROWN,M,MW,Y
6193,474.06,N,Elder,M,13,A,INDIGO,N,NE,Y
6194,608.77,N,Elder,M,17,A,INDIGO,S,SW,N
6195,1158.21,Y,Elder,M,16,C,INDIGO,M,ME,Y
6196,1446.22,N,Elder,F,17,C,MAGENTA,M,ME,N
6197,259.57,Y,Elder,F,12,A,BROWN,N,NE,Y
6198,810.63,N,Elder,M,19,A,PURPLE,N,NW,N
6199,581.22,N,Young,M,14,B,INDIGO,M,MW,Y
6200,1242.21,N,Elder,F,14,D,BROWN,M,MW,Y
6201,737.69,N,Elder,M,17,B,MAGENTA,S,SW,N
6202,806.6,N,Elder,M,19,A,BROWN,M,MW,Y
6203,773.54,N,Elder,F,16,B,BROWN,N,NW,N
6204,396.69,N,Elder,F,11,A,INDIGO,M,MW,Y
6205,1223.16,Y,Elder,F,12,D,BROWN,M,ME,Y
6206,574.4,Y,Elder,M,19,A,INDIGO,S,SW,Y
6207,1061.91,N,Young,M,15,C,MAGENTA,S,SW,N
6208,848.87,N,Elder,F,14,C,MAGENTA,S,SE,N
6209,1612.37,N,Elder,F,18,D,PURPLE,N,NE,N
6210,606.57,N,Elder,F,14,B,INDIGO,M,MW,Y
6211,232.45,N,Elder,F,13,A,BROWN,N,NW,Y
6212,1063.97,N,Elder,M,23,B,BROWN,S,SE,N
6213,1032.57,N,Young,M,20,B,MAGENTA,M,MW,Y
6214,512.28,N,Young,F,10,B,BROWN,N,NW,N
6215,724.2,N,Elder,M,17,B,PURPLE,N,NW,N
6216,1082.52,Y,Elder,M,18,C,BROWN,S,SE,Y
6217,1271.7,N,Elder,M,17,C,BROWN,S,SE,Y
6218,1343.66,Y,Elder,F,15,D,INDIGO,M,MW,N
6219,982.18,N,Elder,M,18,B,MAGENTA,N,NW,Y
6220,651.82,N,Elder,F,15,B,BROWN,M,MW,Y
6221,670.51,N,Elder,M,14,B,MAGENTA,S,SW,Y
6222,677.3,N,Elder,M,14,B,INDIGO,N,NW,Y
6223,661.87,N,Elder,F,13,B,BROWN,M,MW,Y
6224,977.54,N,Elder,F,17,C,INDIGO,M,ME,N
6225,459.55,N,Elder,F,16,A,PURPLE,M,MW,N
6226,303.56,N,Elder,F,14,A,BROWN,M,MW,N
6227,371.97,N,Elder,F,15,A,BROWN,N,NW,N
6228,802.99,N,Elder,M,21,A,BROWN,M,MW,Y
6229,885.39,N,Elder,M,20,B,BROWN,M,ME,N
6230,719.67,Y,Elder,M,17,B,BROWN,S,SE,N
6231,678.88,Y,Elder,M,15,B,BROWN,S,SW,Y
6232,576.28,N,Young,F,13,B,MAGENTA,M,MW,N
6233,497.66,N,Elder,F,18,A,MAGENTA,M,MW,N
6234,572.53,N,Elder,M,19,A,INDIGO,N,NE,N
6235,988.7,N,Young,F,16,C,BROWN,S,SW,Y
6236,876.47,N,Elder,M,20,B,MAGENTA,N,NW,N
6237,567.08,N,Elder,M,19,A,INDIGO,M,MW,N
6238,1114.97,Y,Elder,M,21,B,BROWN,M,MW,Y
6239,859.38,N,Elder,M,18,A,BROWN,M,MW,Y
6240,1466.94,N,Elder,F,15,C,INDIGO,M,MW,Y
6241,495,N,Elder,F,18,A,PURPLE,N,NW,N
6242,680.53,N,Elder,F,15,B,INDIGO,M,MW,N
6243,459.69,N,Elder,M,16,A,INDIGO,S,SE,Y
6244,2542.91,N,Elder,M,21,A,INDIGO,M,ME,Y
6245,573.05,N,Elder,M,14,B,BROWN,S,SW,Y
6246,399.16,N,Elder,F,16,A,INDIGO,M,ME,Y
6247,585.62,N,Elder,M,18,A,PURPLE,N,NW,N
6248,799.95,N,Elder,M,18,B,INDIGO,M,ME,Y
6249,399.04,N,Elder,F,11,B,MAGENTA,M,MW,N
6250,1052.25,N,Elder,M,16,C,INDIGO,M,ME,Y
6251,791.21,Y,Young,F,13,C,INDIGO,N,NW,Y
6252,317.73,N,Elder,M,13,A,BROWN,M,ME,Y
6253,790.25,N,Elder,F,17,A,BROWN,S,SW,N
6254,1503.02,N,Elder,M,15,C,BROWN,S,SW,Y
6255,1042.58,N,Elder,F,17,C,INDIGO,S,SW,Y
6256,356.88,N,Elder,M,14,A,BROWN,N,NW,N
6257,1611.13,N,Young,M,13,C,INDIGO,M,ME,N
6258,888.36,Y,Elder,M,18,B,BROWN,M,MW,Y
6259,1385.06,N,Elder,F,19,C,INDIGO,N,NW,Y
6260,839.83,N,Elder,F,14,C,BROWN,N,NW,Y
6261,721.59,N,Elder,M,17,B,BROWN,N,NE,Y
6262,1146.35,N,Elder,M,16,C,INDIGO,M,ME,Y
6263,937.28,N,Elder,F,18,B,INDIGO,M,MW,Y
6264,374.52,N,Young,M,14,A,BROWN,N,NW,Y
6265,454.85,N,Elder,M,14,A,BROWN,M,ME,Y
6266,717.94,N,Elder,F,17,B,INDIGO,S,SW,Y
6267,287.41,N,Elder,M,14,A,INDIGO,S,SE,Y
6268,412.92,N,Elder,M,16,A,INDIGO,N,NW,N
6269,391.5,Y,Elder,F,16,A,BROWN,M,MW,Y
6270,565.2,N,Young,M,14,B,BROWN,N,NE,N
6271,177.34,N,Elder,F,11,A,MAGENTA,N,NW,N
6272,938.9,N,Elder,M,21,B,MAGENTA,M,MW,Y
6273,393.34,N,Elder,M,16,A,INDIGO,M,MW,Y
6274,675.57,N,Elder,M,15,B,BROWN,M,ME,Y
6275,760.4,N,Elder,M,17,A,PURPLE,M,MW,N
6276,1051.68,N,Elder,F,19,B,MAGENTA,N,NW,N
6277,368.1,N,Elder,M,15,A,PURPLE,M,ME,N
6278,679.2,N,Elder,M,16,B,MAGENTA,N,NW,Y
6279,838.68,Y,Young,F,17,B,INDIGO,N,NW,N
6280,1107.92,N,Elder,M,17,C,MAGENTA,S,SE,N
6281,517.43,N,Elder,M,17,A,INDIGO,S,SW,Y
6282,617.22,N,Elder,F,19,A,INDIGO,S,SW,Y
6283,875.41,N,Elder,F,18,B,BROWN,S,SW,Y
6284,713.79,N,Elder,M,17,A,PURPLE,N,NE,N
6285,1620.76,N,Elder,M,18,D,BROWN,S,SW,Y
6286,809.65,N,Elder,F,13,C,INDIGO,M,ME,N
6287,1171.75,N,Elder,M,20,C,PURPLE,S,SW,N
6288,1086.73,N,Elder,F,16,C,BROWN,M,MW,Y
6289,1228.56,N,Young,F,15,D,BROWN,M,MW,N
6290,894.26,Y,Young,M,20,B,INDIGO,N,NW,Y
6291,1395.22,N,Elder,F,16,D,BROWN,S,SE,Y
6292,986.1,N,Young,M,20,B,INDIGO,S,SE,N
6293,385.52,N,Elder,F,15,A,BROWN,M,MW,Y
6294,820.07,N,Elder,M,18,B,INDIGO,S,SE,Y
6295,471.54,N,Elder,M,17,A,BROWN,N,NW,Y
6296,876.34,N,Elder,M,17,B,INDIGO,N,NW,Y
6297,267.79,N,Elder,M,11,A,MAGENTA,M,ME,N
6298,775.89,N,Elder,M,18,B,BROWN,N,NW,N
6299,666.12,N,Elder,M,15,B,BROWN,M,MW,Y
6300,1072.31,N,Elder,M,18,C,INDIGO,N,NE,N
6301,414.67,N,Elder,F,15,A,BROWN,M,MW,Y
6302,992.96,N,Elder,F,15,C,BROWN,M,ME,Y
6303,803.06,N,Elder,F,18,B,INDIGO,S,SE,Y
6304,1249.93,Y,Young,M,14,C,BROWN,M,MW,Y
6305,1126.45,N,Elder,M,19,C,BROWN,N,NE,N
6306,427.55,N,Elder,M,16,A,MAGENTA,M,MW,N
6307,463.61,N,Young,M,16,A,INDIGO,N,NE,Y
6308,1092.56,N,Elder,M,16,C,BROWN,N,NW,N
6309,1112.94,N,Young,F,14,B,BROWN,M,MW,N
6310,550.19,N,Elder,F,14,B,BROWN,N,NW,N
6311,1045.99,N,Elder,M,13,D,MAGENTA,N,NW,N
6312,1111.02,N,Elder,F,21,B,INDIGO,S,SW,Y
6313,408.37,N,Elder,M,16,A,PURPLE,N,NW,N
6314,491.84,N,Elder,M,17,A,INDIGO,N,NE,Y
6315,415.54,N,Elder,M,16,A,BROWN,N,NW,Y
6316,772.66,N,Elder,M,18,B,INDIGO,M,ME,N
6317,333.66,N,Elder,M,14,A,INDIGO,M,ME,Y
6318,718.72,N,Elder,F,14,B,BROWN,M,MW,Y
6319,1118.43,Y,Elder,F,19,C,INDIGO,M,MW,Y
6320,931.81,N,Elder,F,15,B,MAGENTA,N,NE,N
6321,445.92,N,Elder,F,11,B,INDIGO,N,NW,N
6322,402.93,Y,Young,M,16,A,INDIGO,S,SW,N
6323,776.79,N,Young,F,16,B,INDIGO,N,NW,Y
6324,979.39,Y,Young,M,15,C,PURPLE,N,NE,N
6325,1200.34,N,Elder,M,20,C,BROWN,S,SE,Y
6326,488.68,N,Elder,F,15,A,INDIGO,M,ME,N
6327,927.06,N,Elder,F,14,C,BROWN,M,ME,Y
6328,824.36,N,Elder,F,16,B,INDIGO,N,NE,N
6329,611.1,N,Elder,F,20,A,MAGENTA,N,NW,N
6330,609.73,Y,Elder,M,15,B,INDIGO,N,NW,Y
6331,496.83,N,Elder,F,14,A,BROWN,N,NW,N
6332,809.99,N,Elder,F,17,B,INDIGO,S,SW,Y
6333,1049,N,Elder,F,16,C,INDIGO,S,SE,N
6334,433.38,N,Young,M,14,A,INDIGO,N,NW,Y
6335,1145.07,N,Elder,F,16,C,INDIGO,M,MW,Y
6336,1028.22,N,Elder,M,19,B,MAGENTA,N,NE,N
6337,2444.15,N,Elder,F,17,D,BROWN,M,ME,N
6338,1581.2,N,Elder,M,13,C,BROWN,M,ME,Y
6339,1243.7,Y,Elder,M,20,C,BROWN,M,MW,Y
6340,629.97,N,Elder,M,20,A,BROWN,N,NE,N
6341,806.31,N,Elder,M,17,B,BROWN,M,ME,Y
6342,357.96,N,Elder,F,14,A,INDIGO,S,SW,N
6343,833.87,N,Elder,F,14,C,BROWN,M,MW,Y
6344,989.64,N,Elder,M,19,A,BROWN,M,ME,N
6345,750.75,Y,Elder,M,15,B,BROWN,M,MW,Y
6346,3017.58,Y,Young,M,17,C,BROWN,N,NE,Y
6347,608.63,N,Elder,F,13,B,PURPLE,M,MW,N
6348,702.19,N,Elder,M,16,B,MAGENTA,S,SW,Y
6349,818.19,N,Elder,M,15,B,MAGENTA,S,SW,N
6350,893.59,N,Elder,F,18,B,BROWN,N,NE,N
6351,457.82,N,Elder,M,12,B,INDIGO,N,NE,N
6352,821.47,Y,Elder,M,17,B,INDIGO,M,MW,Y
6353,457,N,Elder,M,14,A,MAGENTA,M,MW,Y
6354,657.66,N,Elder,M,18,A,INDIGO,N,NE,Y
6355,1192.67,N,Elder,M,17,B,BROWN,M,MW,Y
6356,1315.91,N,Elder,F,18,D,BROWN,M,MW,Y
6357,717.64,N,Elder,M,16,B,INDIGO,N,NE,Y
6358,922.75,N,Elder,M,13,B,MAGENTA,N,NW,N
6359,1243.03,N,Elder,M,19,C,INDIGO,M,ME,N
6360,901.51,N,Elder,M,20,B,MAGENTA,M,MW,N
6361,944.67,N,Elder,F,14,B,BROWN,N,NW,Y
6362,812.38,N,Elder,M,17,B,INDIGO,N,NW,N
6363,833.2,N,Elder,M,19,A,PURPLE,S,SW,N
6364,938.99,N,Elder,M,21,B,BROWN,M,MW,Y
6365,661.12,N,Elder,M,16,B,MAGENTA,S,SE,N
6366,630.3,N,Young,M,15,B,INDIGO,M,ME,Y
6367,970.97,N,Elder,M,16,C,INDIGO,N,NE,N
6368,1390.17,N,Elder,F,16,A,INDIGO,N,NE,Y
6369,775.82,N,Elder,M,17,B,BROWN,M,MW,Y
6370,808.38,N,Elder,M,14,A,MAGENTA,M,MW,N
6371,182.7,N,Elder,F,12,A,BROWN,S,SE,Y
6372,729.69,N,Elder,F,17,B,PURPLE,M,MW,N
6373,155.66,N,Young,F,11,A,INDIGO,M,ME,Y
6374,945.2,N,Elder,M,16,C,BROWN,S,SE,Y
6375,866.01,N,Elder,F,19,B,INDIGO,N,NE,Y
6376,245.11,N,Elder,F,13,A,BROWN,M,ME,Y
6377,639.46,N,Elder,F,13,B,MAGENTA,M,ME,N
6378,620.75,N,Elder,F,16,A,BROWN,N,NW,N
6379,553.56,N,Elder,M,19,A,BROWN,M,MW,Y
6380,1342.49,N,Elder,F,12,B,MAGENTA,S,SE,N
6381,458.17,N,Elder,F,12,B,BROWN,M,ME,Y
6382,349.92,N,Elder,M,15,A,BROWN,M,ME,N
6383,442.56,N,Elder,M,17,A,BROWN,N,NW,Y
6384,921.16,N,Elder,M,20,B,PURPLE,S,SW,N
6385,621.48,N,Elder,F,14,B,INDIGO,M,ME,N
6386,816.04,N,Elder,F,19,B,MAGENTA,M,MW,Y
6387,1225.27,N,Elder,M,16,D,BROWN,N,NW,Y
6388,509.12,N,Young,M,12,B,BROWN,N,NE,Y
6389,618.42,N,Elder,F,15,B,BROWN,M,MW,Y
6390,243.38,Y,Young,M,13,A,MAGENTA,S,SW,N
6391,854.33,N,Elder,F,14,B,BROWN,N,NE,N
6392,1214.38,N,Elder,M,17,B,MAGENTA,S,SE,Y
6393,1044.65,N,Young,F,17,C,MAGENTA,M,MW,Y
6394,1118.02,N,Elder,F,16,C,MAGENTA,N,NW,N
6395,778.41,N,Elder,F,17,B,BROWN,N,NW,Y
6396,831.96,N,Elder,M,19,B,PURPLE,M,ME,N
6397,1063.28,N,Elder,M,18,C,MAGENTA,M,ME,N
6398,1203.83,N,Elder,F,21,C,BROWN,N,NE,Y
6399,1534.16,N,Young,M,16,D,PURPLE,N,NW,N
6400,963.97,N,Elder,F,13,C,BROWN,N,NW,N
6401,968.46,N,Elder,M,17,B,INDIGO,N,NE,N
6402,709.08,N,Elder,M,15,B,BROWN,N,NE,Y
6403,197,N,Elder,F,11,A,BROWN,N,NW,Y
6404,822.5,N,Elder,F,19,B,INDIGO,N,NE,N
6405,965.3,N,Elder,M,17,B,BROWN,N,NE,Y
6406,814.23,N,Elder,M,12,C,MAGENTA,N,NW,N
6407,526.12,N,Elder,F,16,A,BROWN,S,SE,Y
6408,1071.95,Y,Elder,M,16,C,BROWN,N,NE,Y
6409,1041.77,N,Elder,F,13,D,INDIGO,N,NE,Y
6410,1025.4,N,Elder,M,16,C,BROWN,M,MW,Y
6411,1327.06,N,Elder,M,18,B,MAGENTA,N,NE,N
6412,493.92,N,Elder,M,18,A,BROWN,M,MW,Y
6413,519.08,Y,Young,M,11,B,BROWN,S,SE,Y
6414,712.58,N,Elder,M,17,B,INDIGO,N,NW,Y
6415,405.08,Y,Elder,M,15,A,BROWN,M,ME,Y
6416,971.65,N,Elder,M,20,B,BROWN,N,NW,N
6417,593.4,N,Elder,F,12,B,INDIGO,N,NW,N
6418,573.17,Y,Elder,F,15,A,BROWN,N,NE,Y
6419,2529.32,N,Elder,M,19,C,BROWN,N,NE,Y
6420,846.56,N,Elder,F,13,C,INDIGO,M,MW,N
6421,867.04,N,Elder,M,17,B,MAGENTA,M,MW,N
6422,385.8,N,Elder,F,13,A,BROWN,N,NW,Y
6423,627.44,N,Elder,F,17,A,BROWN,M,ME,Y
6424,1017.33,Y,Elder,F,17,C,INDIGO,M,MW,Y
6425,643.36,N,Elder,F,15,B,BROWN,N,NE,Y
6426,694.24,N,Elder,F,16,B,MAGENTA,N,NW,Y
6427,1944.93,N,Elder,F,17,D,PURPLE,S,SW,N
6428,799.88,N,Elder,F,17,B,INDIGO,N,NE,Y
6429,461.27,N,Elder,F,17,A,BROWN,S,SW,Y
6430,877.39,Y,Elder,F,15,C,INDIGO,S,SE,Y
6431,1499.43,N,Elder,M,14,C,INDIGO,M,MW,N
6432,972.94,N,Young,M,13,B,BROWN,N,NW,N
6433,292.25,Y,Elder,F,14,A,INDIGO,S,SE,N
6434,831.58,N,Elder,M,14,C,PURPLE,N,NE,N
6435,717.13,Y,Elder,F,17,A,INDIGO,N,NE,Y
6436,1066.12,N,Elder,M,20,B,MAGENTA,N,NW,N
6437,824.41,N,Elder,M,19,B,PURPLE,S,SW,N
6438,791.37,Y,Elder,F,13,C,MAGENTA,N,NW,N
6439,303.02,N,Elder,M,14,A,BROWN,M,ME,Y
6440,504.29,N,Elder,M,18,A,PURPLE,S,SE,N
6441,246.18,N,Elder,F,13,A,PURPLE,M,MW,N
6442,979.79,N,Elder,M,16,A,PURPLE,S,SW,N
6443,565.23,N,Elder,M,18,A,BROWN,M,ME,Y
6444,510.42,N,Elder,M,13,B,INDIGO,M,MW,Y
6445,1177.58,N,Elder,M,24,A,BROWN,S,SE,Y
6446,601.22,N,Young,F,9,C,BROWN,M,MW,Y
6447,829.71,N,Elder,M,18,B,BROWN,M,MW,Y
6448,985.25,N,Elder,M,21,B,BROWN,N,NW,Y
6449,1073.27,N,Elder,F,17,B,INDIGO,N,NW,N
6450,868.87,N,Elder,M,12,B,INDIGO,S,SE,Y
6451,1067.85,Y,Young,M,16,C,BROWN,M,MW,Y
6452,872.44,N,Elder,F,16,B,INDIGO,N,NW,Y
6453,282.78,Y,Elder,M,14,A,BROWN,S,SE,Y
6454,1360.33,N,Elder,M,21,C,BROWN,N,NE,Y
6455,1484.35,N,Elder,M,20,C,MAGENTA,N,NE,Y
6456,1615.15,N,Elder,M,17,C,BROWN,M,MW,Y
6457,693.56,N,Elder,M,16,A,INDIGO,M,MW,N
6458,464.85,N,Elder,F,12,B,BROWN,S,SW,Y
6459,307.95,N,Elder,M,13,A,BROWN,M,ME,Y
6460,826.44,N,Elder,M,19,B,BROWN,M,ME,N
6461,879.22,N,Elder,M,20,B,MAGENTA,M,MW,N
6462,770.54,N,Elder,F,17,B,BROWN,M,ME,Y
6463,1245.67,N,Elder,M,16,D,INDIGO,N,NW,N
6464,903.06,N,Young,M,15,C,INDIGO,N,NW,N
6465,644.12,N,Elder,F,14,B,INDIGO,S,SE,N
6466,1536.13,N,Elder,F,19,C,PURPLE,M,MW,N
6467,982.08,N,Elder,F,16,B,MAGENTA,M,ME,N
6468,1014.82,Y,Elder,M,14,C,BROWN,M,ME,Y
6469,598.56,N,Elder,M,20,A,INDIGO,N,NW,Y
6470,1408.44,N,Elder,F,17,A,INDIGO,M,ME,Y
6471,736.35,N,Young,M,17,B,INDIGO,M,ME,Y
6472,1430.02,N,Elder,M,17,B,INDIGO,S,SW,Y
6473,950.65,N,Elder,F,19,B,INDIGO,M,MW,Y
6474,1013.42,N,Elder,M,22,B,MAGENTA,S,SW,N
6475,624.59,Y,Elder,F,15,B,BROWN,N,NW,Y
6476,505.5,N,Elder,F,16,A,PURPLE,M,ME,N
6477,876.86,N,Elder,F,18,B,INDIGO,S,SW,N
6478,735.32,N,Elder,F,13,B,MAGENTA,S,SW,N
6479,771.1,N,Elder,M,16,A,INDIGO,S,SW,N
6480,608.87,N,Elder,M,15,B,BROWN,S,SW,Y
6481,844.85,N,Elder,F,16,B,INDIGO,M,ME,N
6482,858.26,N,Elder,M,16,B,BROWN,N,NE,N
6483,618.44,N,Young,M,14,B,BROWN,S,SE,Y
6484,571.95,N,Elder,M,19,A,MAGENTA,M,ME,N
6485,774,N,Elder,M,15,B,BROWN,N,NW,Y
6486,1083.1,N,Elder,F,17,C,BROWN,M,ME,N
6487,427.52,N,Elder,F,14,A,BROWN,M,ME,Y
6488,499.81,N,Elder,F,18,A,BROWN,S,SW,Y
6489,619.03,N,Elder,F,15,B,INDIGO,S,SW,N
6490,1100.29,N,Elder,M,19,C,INDIGO,S,SW,Y
6491,796.9,Y,Elder,M,18,B,BROWN,N,NE,Y
6492,843.62,N,Elder,M,15,B,PURPLE,N,NE,N
6493,905.87,N,Elder,M,16,B,INDIGO,N,NE,Y
6494,1392.56,N,Young,F,14,D,BROWN,N,NE,Y
6495,716.25,N,Elder,M,17,B,INDIGO,S,SW,N
6496,232.2,N,Elder,M,13,A,BROWN,N,NW,Y
6497,1062.71,Y,Elder,F,18,C,BROWN,S,SE,Y
6498,549.18,N,Elder,M,18,A,BROWN,M,ME,Y
6499,893.32,N,Elder,M,16,A,BROWN,N,NE,Y
6500,358.28,N,Elder,F,15,A,INDIGO,N,NE,Y
6501,1357.13,N,Elder,F,17,D,BROWN,S,SE,Y
6502,651.49,N,Elder,M,17,A,MAGENTA,S,SE,N
6503,784.61,Y,Young,M,18,B,BROWN,S,SE,Y
6504,499.88,N,Elder,F,12,B,INDIGO,M,ME,N
6505,681.51,N,Elder,F,16,B,BROWN,S,SW,Y
6506,995.03,N,Elder,M,20,B,BROWN,M,ME,N
6507,1740.86,Y,Elder,M,14,B,INDIGO,M,ME,Y
6508,1021.85,N,Elder,F,21,B,MAGENTA,N,NE,N
6509,822.33,N,Elder,M,20,A,BROWN,N,NE,Y
6510,475.6,N,Elder,M,17,A,BROWN,N,NE,N
6511,855.22,N,Elder,M,16,B,BROWN,S,SW,Y
6512,1381.72,N,Elder,F,18,B,INDIGO,S,SE,N
6513,464.99,N,Elder,F,17,A,MAGENTA,N,NW,N
6514,768.43,N,Elder,F,18,B,BROWN,S,SE,Y
6515,785.59,N,Elder,F,13,B,BROWN,M,MW,Y
6516,206.53,Y,Young,F,12,A,MAGENTA,M,MW,N
6517,1191,N,Elder,M,21,B,INDIGO,M,MW,N
6518,812.87,N,Elder,F,18,A,INDIGO,S,SW,N
6519,574.4,N,Elder,M,12,B,MAGENTA,N,NE,N
6520,1018.8,N,Elder,M,22,B,BROWN,N,NW,N
6521,715.21,N,Young,M,13,B,BROWN,N,NW,Y
6522,296.24,N,Elder,F,13,A,INDIGO,S,SW,N
6523,548.52,N,Elder,F,13,B,BROWN,N,NW,Y
6524,1493.95,N,Elder,F,18,B,INDIGO,M,ME,N
6525,800.67,Y,Young,M,15,B,BROWN,S,SW,Y
6526,326.7,N,Elder,M,14,A,MAGENTA,N,NE,N
6527,1228.51,N,Elder,M,16,D,INDIGO,N,NW,Y
6528,1263.31,N,Elder,F,17,B,BROWN,S,SW,Y
6529,512.74,N,Elder,M,18,A,INDIGO,M,MW,Y
6530,757.69,N,Elder,F,14,B,BROWN,M,ME,N
6531,597.64,N,Elder,M,19,A,BROWN,N,NW,Y
6532,676.93,Y,Elder,F,15,B,BROWN,N,NW,Y
6533,575.4,Y,Elder,M,14,B,BROWN,M,MW,Y
6534,872.92,N,Elder,F,19,B,INDIGO,N,NE,N
6535,548.2,N,Young,M,13,B,MAGENTA,M,ME,N
6536,655.87,N,Elder,M,16,B,MAGENTA,N,NW,N
6537,932.45,N,Elder,F,16,B,INDIGO,N,NE,Y
6538,930.32,N,Elder,F,18,B,INDIGO,N,NW,N
6539,1063.07,N,Elder,F,17,B,BROWN,M,ME,Y
6540,773.94,N,Elder,M,18,B,BROWN,S,SW,N
6541,544.78,N,Elder,M,18,A,INDIGO,S,SW,Y
6542,770.56,N,Elder,M,13,C,BROWN,N,NE,N
6543,798.33,N,Elder,F,14,B,INDIGO,N,NW,Y
6544,1382.08,N,Elder,M,16,A,BROWN,N,NW,N
6545,1666.02,N,Elder,M,18,A,INDIGO,M,MW,N
6546,949.91,N,Elder,F,16,C,MAGENTA,S,SW,N
6547,691.69,N,Elder,M,12,B,BROWN,M,MW,Y
6548,1066.85,N,Elder,M,15,C,MAGENTA,S,SE,Y
6549,1570.56,N,Elder,M,15,B,INDIGO,N,NW,Y
6550,652.84,Y,Elder,F,14,B,BROWN,N,NW,Y
6551,1178,N,Elder,M,14,D,INDIGO,M,MW,N
6552,953.09,N,Elder,F,15,C,BROWN,M,ME,Y
6553,650.83,N,Elder,F,17,A,MAGENTA,M,MW,Y
6554,834.05,N,Elder,M,17,B,MAGENTA,M,MW,N
6555,237.73,N,Elder,F,13,A,BROWN,S,SW,Y
6556,942.84,N,Elder,F,13,C,BROWN,M,MW,Y
6557,704.38,N,Elder,M,20,A,BROWN,S,SW,N
6558,1327.43,N,Elder,F,18,D,INDIGO,N,NW,N
6559,978.28,N,Elder,M,16,C,INDIGO,N,NE,N
6560,674.56,N,Elder,F,18,A,MAGENTA,S,SW,N
6561,838.49,N,Elder,F,11,C,BROWN,M,MW,Y
6562,709.17,N,Elder,F,16,B,MAGENTA,N,NW,Y
6563,439.25,N,Elder,F,17,A,MAGENTA,N,NW,N
6564,1558.28,N,Elder,M,19,B,BROWN,M,MW,Y
6565,383.31,N,Elder,M,15,A,MAGENTA,N,NE,Y
6566,359.18,N,Elder,F,15,A,INDIGO,M,ME,N
6567,818.89,N,Elder,M,17,B,BROWN,N,NE,N
6568,797.37,N,Elder,M,15,B,BROWN,S,SW,Y
6569,429.1,N,Elder,F,11,B,MAGENTA,S,SW,N
6570,895.65,N,Elder,M,18,B,BROWN,M,ME,N
6571,472.54,N,Elder,M,17,A,BROWN,N,NE,Y
6572,465.36,N,Elder,F,17,A,BROWN,N,NW,Y
6573,1269.53,N,Elder,M,17,C,INDIGO,M,MW,Y
6574,572.17,N,Elder,F,12,A,MAGENTA,M,ME,N
6575,680.97,N,Elder,M,16,B,PURPLE,M,MW,N
6576,524.72,N,Elder,M,13,B,MAGENTA,N,NE,N
6577,262.65,N,Elder,F,13,A,INDIGO,N,NE,N
6578,221.2,N,Elder,F,12,A,PURPLE,N,NE,N
6579,1291.13,N,Elder,M,18,C,INDIGO,M,MW,Y
6580,712.25,N,Elder,F,15,B,MAGENTA,N,NW,Y
6581,1243.72,N,Elder,M,15,B,INDIGO,M,MW,Y
6582,571.71,N,Elder,M,18,A,INDIGO,M,ME,N
6583,766.22,N,Elder,M,18,B,BROWN,M,ME,N
6584,382.11,N,Elder,M,16,A,INDIGO,N,NW,Y
6585,962.22,N,Elder,F,16,C,PURPLE,N,NW,N
6586,243.38,Y,Young,M,13,A,INDIGO,S,SE,Y
6587,433.83,N,Elder,F,16,A,BROWN,S,SE,Y
6588,1364.93,N,Elder,M,15,B,BROWN,M,ME,N
6589,458.39,N,Elder,M,17,A,PURPLE,M,MW,N
6590,383.76,N,Elder,M,16,A,MAGENTA,M,MW,N
6591,1511.84,N,Elder,F,18,B,MAGENTA,M,MW,Y
6592,595.19,N,Elder,F,14,B,PURPLE,N,NE,N
6593,399.47,N,Elder,M,16,A,BROWN,N,NE,Y
6594,1442,N,Elder,F,18,C,BROWN,N,NW,N
6595,1111,N,Elder,M,16,C,MAGENTA,S,SW,Y
6596,1010.06,N,Elder,M,17,C,INDIGO,N,NE,Y
6597,835.63,N,Elder,F,14,B,BROWN,N,NE,Y
6598,1247,N,Elder,F,17,C,BROWN,M,MW,Y
6599,341.52,N,Elder,M,10,B,INDIGO,M,MW,Y
6600,911.04,N,Elder,M,19,B,INDIGO,M,ME,Y
6601,621.8,N,Elder,F,10,C,MAGENTA,S,SW,Y
6602,1529.31,Y,Elder,F,20,C,BROWN,M,ME,Y
6603,1367.7,N,Elder,M,19,C,BROWN,M,ME,Y
6604,823.12,N,Elder,M,17,B,BROWN,M,ME,Y
6605,602.06,N,Elder,M,14,B,PURPLE,N,NW,N
6606,624.92,N,Elder,M,18,A,MAGENTA,M,MW,N
6607,602.36,N,Elder,M,14,B,BROWN,N,NW,Y
6608,447.01,N,Elder,M,11,A,INDIGO,S,SE,Y
6609,403.83,N,Elder,M,16,A,INDIGO,M,MW,Y
6610,1032.36,N,Elder,M,17,B,BROWN,N,NE,Y
6611,1268.93,N,Elder,F,20,C,INDIGO,N,NE,N
6612,638.09,N,Elder,M,14,B,BROWN,N,NE,N
6613,1484.72,N,Elder,M,19,C,PURPLE,S,SE,N
6614,1539.56,N,Elder,F,19,C,INDIGO,N,NW,Y
6615,914.05,N,Elder,M,16,B,BROWN,S,SE,Y
6616,817.39,N,Elder,F,18,B,BROWN,S,SW,Y
6617,1628.59,N,Elder,M,16,A,BROWN,N,NE,Y
6618,796.36,N,Elder,M,15,B,MAGENTA,M,MW,N
6619,188.96,N,Elder,F,12,A,PURPLE,N,NW,N
6620,1224.72,N,Elder,M,20,C,MAGENTA,M,MW,N
6621,388.41,N,Elder,F,11,B,BROWN,N,NW,Y
6622,443.76,N,Elder,F,16,A,INDIGO,M,MW,Y
6623,613.93,N,Elder,F,15,B,MAGENTA,M,MW,N
6624,821.14,Y,Elder,M,18,A,INDIGO,S,SW,Y
6625,462.61,N,Elder,F,16,A,INDIGO,M,ME,N
6626,1191.49,N,Elder,M,17,B,INDIGO,N,NW,N
6627,643.39,N,Elder,F,13,B,BROWN,N,NW,N
6628,1404.74,N,Elder,M,19,D,BROWN,M,MW,Y
6629,432.54,N,Elder,M,16,A,PURPLE,M,ME,N
6630,184.7,N,Elder,M,12,A,MAGENTA,M,ME,Y
6631,712.51,N,Elder,M,22,A,MAGENTA,S,SW,N
6632,296.01,N,Elder,F,13,A,INDIGO,M,ME,Y
6633,617.21,Y,Elder,M,13,B,MAGENTA,M,ME,Y
6634,1837.29,N,Elder,M,17,D,INDIGO,M,MW,Y
6635,830.53,N,Elder,F,14,C,BROWN,N,NW,N
6636,987.14,N,Elder,M,17,C,MAGENTA,M,MW,N
6637,922.84,N,Elder,F,20,B,BROWN,N,NW,N
6638,660.95,N,Elder,M,17,A,BROWN,M,ME,Y
6639,900.19,N,Elder,M,18,A,BROWN,N,NW,Y
6640,723.34,N,Elder,M,15,B,PURPLE,S,SW,N
6641,762.76,N,Elder,F,16,B,INDIGO,N,NW,N
6642,1131.52,Y,Elder,F,15,C,BROWN,M,MW,Y
6643,442.98,N,Elder,M,16,A,BROWN,N,NE,Y
6644,580.83,N,Elder,F,13,A,INDIGO,N,NW,Y
6645,1110.47,N,Elder,M,15,C,INDIGO,M,MW,N
6646,961.84,N,Elder,F,16,C,MAGENTA,M,MW,N
6647,498.56,N,Elder,M,16,A,BROWN,M,MW,Y
6648,849.21,N,Elder,M,11,C,BROWN,N,NE,Y
6649,1228.23,N,Elder,M,12,D,BROWN,S,SE,Y
6650,664.27,Y,Elder,F,14,B,INDIGO,M,ME,Y
6651,699.86,N,Elder,M,18,A,BROWN,S,SW,N
6652,695.84,N,Elder,M,16,B,BROWN,N,NE,Y
6653,1420.96,N,Elder,F,15,C,MAGENTA,N,NE,N
6654,502.39,N,Elder,F,17,A,INDIGO,M,MW,Y
6655,821.91,N,Elder,M,14,B,PURPLE,M,MW,N
6656,1179.15,N,Elder,F,22,B,INDIGO,N,NE,N
6657,627.07,N,Elder,M,16,A,MAGENTA,N,NW,Y
6658,508.08,N,Elder,M,18,A,INDIGO,N,NE,N
6659,836.56,N,Elder,F,19,B,INDIGO,N,NE,Y
6660,526.94,N,Elder,M,15,A,BROWN,N,NW,Y
6661,757.37,N,Elder,M,18,A,MAGENTA,M,ME,N
6662,513.93,N,Elder,M,15,A,INDIGO,M,MW,Y
6663,669.41,N,Elder,M,15,B,INDIGO,N,NE,N
6664,1007.34,N,Elder,F,18,B,MAGENTA,N,NE,N
6665,396.63,N,Elder,M,16,A,INDIGO,N,NW,N
6666,665.88,N,Elder,M,15,B,INDIGO,N,NW,N
6667,920.62,N,Elder,M,18,B,INDIGO,M,MW,Y
6668,1014,N,Elder,M,13,B,INDIGO,N,NW,N
6669,1287.29,N,Elder,M,19,B,INDIGO,M,ME,Y
6670,1183.86,N,Elder,F,13,B,MAGENTA,N,NW,N
6671,856.91,N,Elder,F,14,C,BROWN,N,NW,Y
6672,773.55,N,Elder,M,13,C,BROWN,M,MW,Y
6673,611.81,N,Elder,F,15,B,BROWN,M,MW,Y
6674,854.64,Y,Young,F,18,A,BROWN,M,MW,Y
6675,1350.88,Y,Elder,M,14,C,INDIGO,N,NW,Y
6676,1072.09,N,Elder,M,23,B,INDIGO,S,SW,Y
6677,443.71,N,Elder,F,12,B,MAGENTA,N,NE,N
6678,1232.17,N,Elder,M,19,C,BROWN,N,NE,Y
6679,524.05,N,Elder,M,18,A,BROWN,N,NE,N
6680,508.72,N,Elder,M,18,A,BROWN,S,SE,Y
6681,928.98,N,Elder,M,20,B,MAGENTA,S,SE,N
6682,672.06,N,Elder,M,16,B,MAGENTA,M,ME,N
6683,515.09,N,Young,F,12,B,MAGENTA,N,NE,N
6684,1297.23,N,Elder,M,15,B,INDIGO,N,NW,Y
6685,397,N,Elder,F,16,A,BROWN,M,ME,Y
6686,784.42,N,Elder,M,18,B,INDIGO,M,MW,N
6687,569.07,N,Elder,M,14,B,INDIGO,S,SE,Y
6688,427.85,N,Elder,F,15,A,MAGENTA,S,SW,N
6689,836.25,Y,Elder,M,17,B,INDIGO,N,NW,Y
6690,1052.6,N,Elder,M,16,C,PURPLE,M,ME,N
6691,438.03,Y,Elder,F,15,A,BROWN,N,NW,Y
6692,817.7,N,Elder,M,13,C,INDIGO,N,NE,Y
6693,722.24,N,Elder,M,17,B,MAGENTA,N,NE,N
6694,1273.33,N,Young,M,17,B,MAGENTA,S,SW,Y
6695,443.28,N,Elder,M,14,A,BROWN,S,SE,N
6696,470.58,N,Elder,M,17,A,MAGENTA,M,MW,N
6697,794.6,N,Elder,M,16,B,BROWN,N,NW,N
6698,772.72,N,Elder,M,20,A,BROWN,M,ME,Y
6699,1337.1,N,Elder,M,19,C,PURPLE,M,MW,N
6700,851.35,Y,Young,M,14,C,MAGENTA,N,NW,Y
6701,648.21,N,Elder,F,15,B,PURPLE,M,MW,N
6702,751.09,N,Elder,F,17,A,BROWN,S,SW,Y
6703,875.62,N,Elder,F,15,C,MAGENTA,M,ME,Y
6704,772.46,N,Elder,M,18,B,BROWN,M,ME,Y
6705,780.97,N,Elder,M,17,B,INDIGO,S,SW,Y
6706,883.5,N,Elder,F,15,C,MAGENTA,N,NW,Y
6707,830.24,N,Elder,M,17,A,BROWN,M,MW,N
6708,812.87,N,Elder,M,18,B,INDIGO,S,SE,N
6709,683.75,N,Elder,F,20,A,INDIGO,M,ME,Y
6710,934.94,N,Elder,M,14,C,PURPLE,M,ME,N
6711,490.94,N,Elder,F,18,A,INDIGO,M,ME,Y
6712,1106.86,N,Elder,M,19,C,PURPLE,M,ME,N
6713,882.01,N,Elder,F,15,B,BROWN,N,NE,Y
6714,864.04,N,Elder,F,17,B,INDIGO,S,SE,N
6715,948.57,Y,Elder,F,18,B,INDIGO,N,NE,N
6716,408.64,N,Elder,F,16,A,BROWN,S,SE,Y
6717,1572.43,N,Elder,M,15,D,MAGENTA,S,SW,N
6718,747.06,N,Elder,M,20,A,INDIGO,M,MW,Y
6719,958.32,Y,Elder,M,16,C,INDIGO,N,NW,Y
6720,875.22,N,Elder,M,16,B,MAGENTA,M,ME,N
6721,793.52,N,Elder,F,12,C,BROWN,N,NW,Y
6722,429.66,N,Elder,M,15,A,BROWN,M,MW,N
6723,410.31,N,Young,M,10,B,MAGENTA,N,NW,N
6724,1175.42,Y,Elder,M,15,B,BROWN,S,SW,Y
6725,2146.84,N,Elder,M,21,B,BROWN,M,ME,Y
6726,1031.43,N,Elder,F,19,B,INDIGO,S,SE,Y
6727,611.32,N,Elder,M,15,B,INDIGO,S,SE,N
6728,706.54,N,Elder,M,16,B,MAGENTA,N,NE,N
6729,1201.65,N,Elder,M,21,B,INDIGO,N,NW,N
6730,555.27,N,Elder,F,19,A,BROWN,N,NW,Y
6731,1218.3,N,Elder,F,21,C,INDIGO,N,NW,N
6732,948.14,N,Elder,M,20,B,BROWN,N,NE,N
6733,405.05,N,Elder,M,16,A,BROWN,M,ME,Y
6734,786.61,N,Elder,M,22,A,BROWN,M,MW,N
6735,837.24,N,Elder,F,19,B,INDIGO,N,NE,N
6736,723.04,N,Elder,F,17,A,INDIGO,N,NE,Y
6737,1133.92,N,Elder,M,21,B,INDIGO,N,NW,N
6738,1132.29,N,Elder,M,17,C,MAGENTA,S,SW,Y
6739,922.39,N,Elder,M,16,B,BROWN,N,NW,N
6740,774.53,N,Young,M,16,B,INDIGO,M,ME,Y
6741,2211.34,N,Elder,M,16,C,MAGENTA,M,MW,Y
6742,515.47,N,Elder,M,18,A,INDIGO,M,MW,Y
6743,695.75,Y,Elder,M,19,A,BROWN,N,NW,Y
6744,344.75,N,Elder,M,13,A,INDIGO,S,SW,Y
6745,1535.59,N,Elder,F,15,C,BROWN,S,SW,Y
6746,1905.55,N,Elder,F,20,D,MAGENTA,N,NE,N
6747,658.88,N,Elder,M,19,A,BROWN,M,ME,Y
6748,777.32,N,Elder,F,22,A,INDIGO,M,MW,Y
6749,725.66,Y,Young,F,17,B,INDIGO,M,ME,N
6750,425.48,Y,Young,M,14,A,INDIGO,M,MW,Y
6751,692.27,N,Elder,M,16,B,BROWN,N,NW,Y
6752,790.62,N,Young,F,17,B,INDIGO,N,NW,N
6753,609.39,N,Elder,M,14,B,INDIGO,M,MW,N
6754,555.59,N,Elder,F,14,B,BROWN,S,SE,Y
6755,840.4,N,Elder,M,19,B,BROWN,N,NW,N
6756,1026.66,N,Elder,M,17,B,MAGENTA,N,NE,N
6757,561.01,Y,Young,M,13,B,INDIGO,M,ME,Y
6758,1000.57,N,Elder,M,20,A,MAGENTA,M,MW,N
6759,1259.89,N,Elder,M,20,C,MAGENTA,N,NW,N
6760,1203.47,N,Elder,M,16,C,INDIGO,N,NW,Y
6761,882.05,N,Elder,M,15,C,PURPLE,M,ME,N
6762,928.06,N,Elder,F,18,B,BROWN,S,SW,Y
6763,892.68,Y,Elder,F,18,B,MAGENTA,S,SW,N
6764,443.82,N,Elder,M,17,A,BROWN,M,MW,Y
6765,830.88,N,Elder,F,19,B,MAGENTA,S,SW,N
6766,1092.34,N,Elder,F,21,B,INDIGO,M,MW,Y
6767,719.92,N,Elder,F,16,B,BROWN,S,SW,N
6768,466.34,Y,Elder,F,12,B,BROWN,N,NE,Y
6769,992.33,N,Elder,M,13,C,MAGENTA,M,MW,Y
6770,720.95,Y,Young,M,17,B,INDIGO,N,NE,Y
6771,829.69,N,Elder,M,19,B,BROWN,M,MW,Y
6772,941.96,N,Elder,M,20,B,MAGENTA,M,ME,N
6773,621.96,N,Elder,F,16,A,BROWN,M,ME,Y
6774,1296.06,Y,Young,M,20,C,BROWN,S,SE,Y
6775,637.01,N,Elder,M,18,A,BROWN,M,MW,Y
6776,1016.29,N,Elder,F,19,B,PURPLE,N,NW,N
6777,686.26,N,Young,F,15,B,INDIGO,N,NE,N
6778,909.26,N,Elder,F,16,B,INDIGO,M,ME,N
6779,1151.24,Y,Young,M,15,C,BROWN,M,ME,Y
6780,688.98,N,Elder,F,16,B,PURPLE,N,NE,N
6781,716.69,N,Elder,F,17,B,BROWN,N,NW,N
6782,537.88,N,Elder,F,13,B,BROWN,M,ME,Y
6783,132.48,N,Elder,F,10,A,BROWN,N,NW,Y
6784,1243.48,N,Elder,M,17,B,MAGENTA,M,MW,N
6785,830.66,N,Elder,M,19,A,INDIGO,N,NE,N
6786,800.92,N,Elder,F,13,B,BROWN,S,SE,N
6787,882.88,Y,Elder,M,17,B,BROWN,M,MW,Y
6788,646.44,N,Elder,F,10,B,INDIGO,N,NW,N
6789,1048.33,N,Elder,M,17,C,INDIGO,M,MW,Y
6790,875.99,N,Elder,M,17,B,BROWN,S,SE,Y
6791,900.72,N,Elder,M,15,C,INDIGO,N,NE,Y
6792,639.92,N,Young,F,14,B,BROWN,M,MW,Y
6793,604.82,Y,Elder,F,15,B,BROWN,S,SE,Y
6794,514.24,N,Elder,M,18,A,BROWN,S,SW,Y
6795,266.41,N,Elder,M,13,A,INDIGO,S,SW,N
6796,386.4,N,Elder,M,10,B,BROWN,M,ME,Y
6797,814.74,N,Elder,F,19,B,BROWN,N,NE,Y
6798,829.6,N,Elder,M,16,B,INDIGO,S,SW,Y
6799,1111.91,N,Elder,M,17,C,BROWN,M,ME,Y
6800,785.33,N,Elder,M,18,B,MAGENTA,M,ME,N
6801,967.03,N,Elder,M,16,C,INDIGO,S,SE,N
6802,720.38,N,Elder,F,12,C,INDIGO,M,MW,Y
6803,717.63,N,Elder,M,18,A,PURPLE,N,NE,N
6804,1277.28,N,Elder,M,16,C,BROWN,N,NW,N
6805,825.98,N,Elder,M,19,B,INDIGO,M,ME,N
6806,902.17,N,Elder,M,19,B,MAGENTA,N,NW,N
6807,1256.91,N,Elder,M,15,C,INDIGO,S,SE,N
6808,441.67,N,Young,F,16,A,MAGENTA,N,NE,N
6809,705.05,N,Elder,F,18,A,BROWN,M,MW,N
6810,847.83,Y,Elder,M,18,B,INDIGO,M,ME,Y
6811,1326.91,N,Elder,F,16,C,BROWN,N,NE,N
6812,764.84,N,Elder,F,15,B,INDIGO,S,SW,Y
6813,661.14,N,Elder,F,19,A,MAGENTA,S,SW,N
6814,850.44,Y,Elder,M,14,C,MAGENTA,S,SE,N
6815,549.91,N,Elder,M,16,A,PURPLE,M,MW,N
6816,2584,N,Young,M,14,D,BROWN,M,MW,Y
6817,359.63,N,Elder,F,15,A,BROWN,N,NE,Y
6818,1199.57,N,Elder,M,15,B,INDIGO,N,NW,N
6819,283.64,N,Elder,F,14,A,INDIGO,N,NW,Y
6820,952.46,N,Elder,M,19,B,INDIGO,M,ME,Y
6821,687.87,N,Elder,F,16,B,BROWN,S,SE,Y
6822,828.46,N,Elder,F,23,A,BROWN,N,NE,N
6823,592.31,N,Elder,M,19,A,BROWN,S,SE,Y
6824,299.05,N,Elder,M,14,A,BROWN,N,NE,Y
6825,2036.16,N,Elder,M,22,D,MAGENTA,N,NW,N
6826,1189.72,N,Young,F,16,A,MAGENTA,M,MW,N
6827,962.46,N,Elder,M,15,C,BROWN,N,NE,N
6828,1059.31,Y,Elder,F,14,C,MAGENTA,S,SE,N
6829,996.72,Y,Elder,M,15,C,INDIGO,M,ME,N
6830,867.78,N,Elder,F,13,B,MAGENTA,S,SW,Y
6831,1117.33,N,Elder,M,16,B,INDIGO,M,MW,N
6832,730.64,N,Elder,M,17,B,BROWN,N,NW,Y
6833,765.43,N,Elder,F,16,B,PURPLE,S,SE,N
6834,903.32,N,Elder,M,15,C,INDIGO,M,ME,N
6835,753.07,Y,Young,M,14,B,INDIGO,N,NE,Y
6836,778.58,N,Elder,F,17,B,BROWN,M,MW,Y
6837,1078.72,N,Elder,M,17,C,MAGENTA,M,MW,N
6838,499.31,N,Elder,M,13,A,INDIGO,S,SE,N
6839,1314.84,N,Elder,M,20,C,MAGENTA,S,SW,N
6840,1111.05,N,Elder,M,15,B,BROWN,M,MW,Y
6841,1289.15,N,Elder,M,22,C,PURPLE,S,SE,N
6842,774.8,Y,Elder,F,16,B,MAGENTA,N,NW,Y
6843,852.41,N,Elder,M,19,B,INDIGO,S,SW,Y
6844,1275.07,Y,Young,M,14,D,BROWN,N,NW,N
6845,1752.34,N,Elder,M,15,D,MAGENTA,S,SW,N
6846,938.65,N,Young,M,12,B,MAGENTA,M,MW,N
6847,503.61,N,Elder,M,16,A,BROWN,M,ME,Y
6848,1035.89,N,Elder,F,17,A,PURPLE,N,NE,N
6849,880.45,N,Elder,F,14,C,BROWN,S,SW,N
6850,741.41,N,Elder,F,15,B,BROWN,S,SE,Y
6851,670.26,N,Elder,M,16,B,INDIGO,M,MW,N
6852,1001.54,N,Elder,M,16,C,MAGENTA,N,NE,Y
6853,826.61,N,Young,M,15,B,MAGENTA,S,SW,N
6854,725.34,N,Elder,M,17,B,INDIGO,M,MW,Y
6855,1349.34,Y,Elder,M,14,C,INDIGO,N,NW,N
6856,1025.7,N,Elder,M,17,C,BROWN,M,ME,N
6857,723.37,N,Elder,F,16,B,MAGENTA,M,MW,N
6858,712.66,N,Elder,F,13,B,BROWN,S,SW,N
6859,497.94,N,Elder,M,18,A,MAGENTA,S,SW,N
6860,1191.48,N,Elder,F,17,A,MAGENTA,N,NW,N
6861,1131.75,N,Elder,M,20,B,MAGENTA,N,NE,N
6862,1080.48,N,Elder,F,18,C,MAGENTA,N,NW,N
6863,564.91,N,Elder,M,18,A,BROWN,S,SW,Y
6864,1043.57,Y,Elder,F,18,B,INDIGO,M,ME,Y
6865,172.62,N,Elder,M,12,A,BROWN,M,MW,N
6866,1123.49,N,Elder,M,19,C,BROWN,N,NW,N
6867,734.47,N,Elder,F,17,B,BROWN,M,ME,Y
6868,676.41,N,Elder,M,16,B,INDIGO,M,MW,N
6869,777.18,N,Elder,M,18,A,INDIGO,S,SE,N
6870,446.9,N,Elder,M,15,A,BROWN,M,ME,N
6871,424.98,N,Elder,M,13,A,INDIGO,M,MW,N
6872,396.93,N,Elder,M,15,A,BROWN,M,ME,N
6873,462.65,N,Elder,M,15,A,BROWN,N,NW,Y
6874,361.46,N,Elder,F,15,A,INDIGO,S,SE,N
6875,1115.4,N,Young,M,18,C,BROWN,M,MW,N
6876,511.63,N,Elder,M,12,B,MAGENTA,M,MW,N
6877,503.05,N,Elder,F,17,A,BROWN,M,ME,Y
6878,575.17,N,Elder,F,17,A,BROWN,N,NW,Y
6879,765.75,N,Elder,F,12,A,INDIGO,M,ME,N
6880,853.49,Y,Elder,M,19,B,INDIGO,N,NE,N
6881,731.34,Y,Elder,M,15,B,BROWN,N,NE,Y
6882,294.02,N,Elder,F,12,A,BROWN,M,ME,Y
6883,984.62,N,Elder,M,15,C,MAGENTA,N,NE,N
6884,425.76,N,Elder,M,16,A,BROWN,M,MW,Y
6885,1117.36,N,Elder,M,14,A,BROWN,S,SE,Y
6886,709.71,N,Elder,M,17,B,BROWN,S,SE,Y
6887,1415.92,N,Elder,M,15,C,INDIGO,N,NE,Y
6888,913.81,N,Young,M,15,C,BROWN,M,MW,Y
6889,592.89,N,Elder,M,14,B,BROWN,M,ME,Y
6890,435.3,N,Elder,F,13,A,BROWN,N,NE,Y
6891,610.38,N,Elder,M,20,A,MAGENTA,N,NE,N
6892,624.14,N,Elder,M,14,B,BROWN,M,ME,Y
6893,1022.74,N,Elder,F,17,C,MAGENTA,M,MW,N
6894,886.24,N,Elder,M,15,C,BROWN,N,NW,Y
6895,1268.55,Y,Young,M,17,D,BROWN,N,NW,Y
6896,1103.55,N,Elder,M,22,B,INDIGO,N,NE,Y
6897,728.34,N,Elder,M,17,A,MAGENTA,M,ME,Y
6898,739.18,N,Elder,M,17,B,BROWN,M,MW,Y
6899,796.06,N,Elder,F,17,A,INDIGO,M,MW,Y
6900,563.99,Y,Young,M,13,B,BROWN,S,SW,Y
6901,334.67,N,Elder,M,14,A,BROWN,M,ME,Y
6902,1023.91,N,Elder,M,18,A,MAGENTA,M,MW,N
6903,667.5,Y,Elder,F,16,B,BROWN,N,NW,Y
6904,791.75,N,Elder,F,23,A,INDIGO,N,NE,N
6905,760.41,N,Elder,F,17,A,MAGENTA,N,NE,N
6906,177.11,N,Elder,F,12,A,MAGENTA,N,NW,Y
6907,886.39,Y,Young,M,15,C,BROWN,N,NW,Y
6908,1283.72,N,Elder,M,17,C,BROWN,M,ME,Y
6909,636.38,N,Elder,F,14,B,INDIGO,S,SE,Y
6910,784.7,N,Elder,F,17,B,BROWN,N,NE,Y
6911,798.71,N,Elder,M,18,B,MAGENTA,N,NE,N
6912,644.59,N,Elder,F,15,A,MAGENTA,M,MW,N
6913,664.38,N,Elder,M,15,B,INDIGO,M,MW,Y
6914,395.95,N,Elder,F,11,B,INDIGO,N,NW,N
6915,773.68,N,Elder,M,17,B,INDIGO,M,ME,N
6916,646.13,N,Elder,M,20,A,INDIGO,M,ME,Y
6917,1224.24,N,Young,M,20,C,INDIGO,N,NW,N
6918,1259.52,Y,Elder,M,19,C,BROWN,M,ME,N
6919,621.85,Y,Young,M,15,B,INDIGO,S,SW,N
6920,894.86,N,Elder,M,19,B,BROWN,M,MW,Y
6921,328.84,N,Elder,M,15,A,BROWN,N,NW,Y
6922,776.94,N,Elder,M,18,B,INDIGO,S,SW,N
6923,1047.76,N,Elder,M,12,B,INDIGO,M,MW,N
6924,426.9,N,Elder,M,15,A,BROWN,N,NW,Y
6925,925.21,N,Elder,M,13,B,BROWN,M,MW,Y
6926,607.18,N,Elder,M,16,A,INDIGO,S,SW,N
6927,1212.35,N,Elder,M,16,D,BROWN,S,SE,N
6928,708.38,N,Elder,F,16,A,MAGENTA,M,MW,N
6929,799.88,N,Elder,M,18,B,MAGENTA,N,NE,N
6930,630.29,N,Elder,M,19,A,BROWN,N,NE,Y
6931,529.67,N,Elder,M,16,A,BROWN,N,NW,Y
6932,584.11,N,Elder,M,16,A,BROWN,M,MW,Y
6933,509.02,N,Elder,M,17,A,BROWN,M,ME,Y
6934,748.26,N,Young,M,16,B,BROWN,S,SE,Y
6935,245.32,N,Elder,F,13,A,MAGENTA,N,NW,N
6936,619.11,N,Elder,M,12,A,INDIGO,M,ME,Y
6937,819.38,N,Elder,M,19,B,BROWN,N,NW,Y
6938,405.85,N,Elder,F,16,A,BROWN,S,SE,Y
6939,328.99,N,Elder,M,15,A,BROWN,M,ME,Y
6940,465.52,N,Elder,M,17,A,BROWN,N,NW,Y
6941,732.64,N,Elder,M,15,B,MAGENTA,N,NE,N
6942,873.45,Y,Elder,M,14,C,BROWN,M,MW,Y
6943,804.54,Y,Elder,F,18,B,INDIGO,M,ME,Y
6944,513.93,N,Elder,M,17,A,BROWN,M,MW,Y
6945,746.83,N,Elder,M,22,A,INDIGO,N,NW,Y
6946,993.21,N,Elder,M,21,B,INDIGO,M,MW,N
6947,623.53,Y,Elder,M,14,B,INDIGO,S,SW,Y
6948,1179.85,N,Elder,M,13,C,INDIGO,M,ME,N
6949,563.7,Y,Young,M,13,B,BROWN,M,MW,Y
6950,864.38,N,Elder,M,16,B,PURPLE,S,SW,N
6951,607.32,N,Elder,F,17,A,MAGENTA,S,SE,N
6952,281.08,N,Elder,F,14,A,MAGENTA,N,NW,N
6953,1211.02,N,Elder,F,18,B,BROWN,M,MW,Y
6954,1191.14,N,Elder,F,16,B,MAGENTA,M,MW,N
6955,1197.26,N,Elder,M,16,D,INDIGO,M,MW,N
6956,638.42,N,Elder,F,20,A,MAGENTA,M,MW,N
6957,382.32,Y,Elder,F,15,A,BROWN,N,NW,Y
6958,859.22,N,Elder,M,17,B,BROWN,N,NW,Y
6959,1102.28,N,Elder,M,17,C,INDIGO,N,NW,N
6960,608.53,N,Elder,F,15,B,PURPLE,M,MW,N
6961,655.19,N,Elder,F,21,A,INDIGO,M,ME,N
6962,1094.86,N,Elder,F,14,D,BROWN,N,NE,Y
6963,438.79,N,Elder,M,17,A,MAGENTA,M,ME,N
6964,342.28,N,Young,F,10,B,MAGENTA,N,NE,Y
6965,912.8,N,Elder,M,17,A,BROWN,N,NE,Y
6966,808.03,N,Elder,M,18,B,MAGENTA,S,SW,N
6967,861.7,N,Elder,F,15,B,BROWN,N,NW,Y
6968,745.6,N,Elder,F,15,B,INDIGO,S,SE,Y
6969,655.47,N,Elder,M,15,B,BROWN,N,NW,Y
6970,1498.12,N,Elder,M,18,C,INDIGO,M,MW,Y
6971,958.52,N,Elder,M,16,C,BROWN,M,MW,Y
6972,385.31,N,Elder,F,15,A,BROWN,N,NW,Y
6973,1295.36,N,Elder,F,15,B,BROWN,N,NW,N
6974,1092.68,N,Elder,F,22,B,BROWN,N,NE,N
6975,1319.66,N,Elder,M,19,C,MAGENTA,N,NE,N
6976,403.47,N,Elder,M,15,A,BROWN,M,MW,Y
6977,1011.62,N,Elder,M,16,C,INDIGO,M,ME,N
6978,1031.82,N,Elder,M,15,C,INDIGO,M,MW,Y
6979,478.05,N,Elder,F,15,A,BROWN,N,NW,Y
6980,580.01,N,Elder,M,12,B,BROWN,N,NE,Y
6981,703.6,N,Elder,M,16,B,BROWN,M,MW,N
6982,659.09,N,Elder,M,16,B,MAGENTA,N,NE,N
6983,1521.96,N,Elder,M,18,C,INDIGO,M,ME,Y
6984,669.46,N,Young,M,14,B,INDIGO,N,NE,Y
6985,1009.71,N,Elder,M,21,B,PURPLE,N,NW,N
6986,1170.33,Y,Elder,M,15,D,BROWN,M,ME,Y
6987,237.59,N,Elder,M,13,A,PURPLE,N,NW,N
6988,471.92,N,Elder,F,14,A,INDIGO,M,ME,Y
6989,451.14,N,Elder,M,17,A,PURPLE,N,NW,N
6990,694.13,N,Elder,M,15,B,BROWN,N,NW,N
6991,982.89,N,Elder,M,18,B,PURPLE,M,ME,N
6992,609.37,N,Elder,F,19,A,MAGENTA,M,MW,N
6993,1198.12,Y,Elder,F,14,D,INDIGO,M,MW,Y
6994,654.66,Y,Young,M,12,B,INDIGO,N,NW,N
6995,794.48,N,Elder,M,21,A,PURPLE,N,NW,N
6996,1280.95,N,Elder,M,18,C,BROWN,M,ME,Y
6997,516.92,N,Elder,F,13,B,BROWN,M,MW,Y
6998,526.24,N,Elder,M,13,B,MAGENTA,M,MW,Y
6999,1121.48,N,Elder,F,16,C,BROWN,M,ME,N
7000,681.79,N,Elder,F,16,B,BROWN,N,NW,Y
7001,908.18,N,Young,M,18,B,INDIGO,N,NE,Y
7002,651.06,N,Elder,M,15,B,BROWN,N,NE,Y
7003,903.5,N,Elder,F,14,B,BROWN,M,MW,N
7004,737.71,N,Elder,M,15,B,INDIGO,S,SW,Y
7005,659.06,N,Elder,F,15,B,INDIGO,S,SE,N
7006,836.73,N,Elder,M,18,B,MAGENTA,S,SW,Y
7007,865.16,N,Elder,M,11,B,MAGENTA,N,NW,Y
7008,1015.21,N,Elder,F,14,C,MAGENTA,M,ME,N
7009,1075.16,N,Elder,F,18,B,MAGENTA,M,MW,N
7010,828.03,N,Elder,F,18,B,BROWN,M,MW,N
7011,976.44,N,Elder,M,20,B,MAGENTA,N,NE,N
7012,783.24,N,Elder,M,18,B,MAGENTA,M,ME,N
7013,783.34,N,Elder,M,16,B,BROWN,N,NW,Y
7014,1106.9,N,Elder,M,22,B,MAGENTA,N,NW,N
7015,944.27,N,Elder,F,15,C,BROWN,N,NE,Y
7016,928.38,N,Elder,M,15,C,INDIGO,M,MW,N
7017,348.72,N,Elder,F,14,A,PURPLE,S,SW,N
7018,814.4,N,Elder,M,18,B,MAGENTA,M,MW,Y
7019,915.08,N,Elder,F,15,B,BROWN,M,MW,N
7020,786.09,N,Elder,M,15,B,INDIGO,M,MW,Y
7021,1493.91,N,Elder,F,15,A,MAGENTA,M,MW,N
7022,765.08,N,Elder,M,14,B,BROWN,M,MW,Y
7023,674.6,N,Elder,F,15,A,BROWN,M,ME,Y
7024,898.8,N,Elder,M,20,B,BROWN,N,NW,Y
7025,470.19,N,Elder,F,14,A,MAGENTA,S,SE,N
7026,884.77,N,Elder,M,14,C,INDIGO,N,NW,Y
7027,1503.52,N,Elder,F,19,C,INDIGO,N,NW,N
7028,611.96,N,Elder,F,13,B,INDIGO,S,SW,N
7029,834.98,N,Young,F,14,C,INDIGO,S,SE,Y
7030,720.55,N,Elder,M,16,B,BROWN,S,SW,N
7031,1213.68,N,Elder,M,18,C,PURPLE,S,SE,N
7032,396.51,N,Elder,F,16,A,MAGENTA,S,SW,N
7033,653.99,N,Elder,F,15,B,MAGENTA,M,ME,N
7034,682.92,N,Elder,F,13,B,INDIGO,M,ME,N
7035,248.74,N,Elder,M,13,A,BROWN,N,NE,Y
7036,1042.35,Y,Young,F,15,C,INDIGO,M,MW,Y
7037,706.3,N,Elder,M,14,B,INDIGO,M,MW,N
7038,1057.68,N,Elder,M,15,B,BROWN,M,MW,Y
7039,961.66,N,Elder,F,16,C,BROWN,S,SE,Y
7040,1825.51,N,Elder,F,17,C,INDIGO,N,NE,N
7041,412.85,N,Elder,F,11,B,INDIGO,S,SE,Y
7042,783.28,N,Elder,F,16,B,PURPLE,N,NW,N
7043,497.58,N,Elder,F,18,A,INDIGO,M,ME,N
7044,377.36,N,Elder,F,15,A,INDIGO,M,ME,N
7045,1125.01,N,Elder,M,19,C,BROWN,M,MW,N
7046,824.21,Y,Elder,M,14,C,BROWN,M,MW,Y
7047,864.98,N,Elder,M,18,B,BROWN,M,ME,Y
7048,589.87,N,Elder,M,14,B,BROWN,S,SW,Y
7049,946.53,N,Elder,F,16,C,PURPLE,N,NE,N
7050,1429.86,N,Elder,M,19,D,BROWN,M,MW,N
7051,1682.33,N,Elder,M,19,D,INDIGO,S,SW,N
7052,378.1,N,Elder,F,15,A,INDIGO,M,ME,N
7053,991.3,Y,Elder,M,18,B,INDIGO,M,MW,Y
7054,1158.28,N,Elder,F,22,B,BROWN,S,SE,Y
7055,784.71,N,Elder,M,16,B,BROWN,S,SE,Y
7056,1672.64,N,Elder,M,20,D,MAGENTA,M,MW,N
7057,673.54,N,Elder,F,16,B,BROWN,N,NW,Y
7058,1572.48,N,Elder,M,16,B,BROWN,S,SW,Y
7059,913.8,N,Elder,M,18,B,INDIGO,M,MW,Y
7060,1395.77,N,Elder,F,16,D,INDIGO,S,SE,N
7061,1507.15,N,Elder,M,14,C,INDIGO,N,NE,Y
7062,415.4,N,Elder,M,15,A,PURPLE,N,NW,N
7063,797.14,N,Elder,M,13,C,MAGENTA,N,NE,Y
7064,1595.59,N,Elder,M,19,B,INDIGO,N,NE,Y
7065,1116.39,N,Elder,M,16,C,PURPLE,N,NE,N
7066,656.36,N,Elder,F,12,B,INDIGO,N,NW,Y
7067,978.66,N,Elder,M,16,C,INDIGO,S,SE,Y
7068,1046.24,N,Elder,M,19,B,INDIGO,M,MW,N
7069,861.24,N,Elder,M,19,B,BROWN,S,SW,Y
7070,150.88,N,Young,F,11,A,INDIGO,N,NE,Y
7071,690.1,N,Elder,F,20,A,MAGENTA,N,NW,N
7072,933.39,Y,Elder,F,15,C,INDIGO,M,MW,Y
7073,613.09,Y,Elder,F,20,A,INDIGO,S,SW,Y
7074,461.94,N,Elder,F,13,A,MAGENTA,M,MW,N
7075,1252.6,N,Elder,M,17,C,INDIGO,N,NW,Y
7076,870.2,N,Elder,M,19,A,BROWN,M,MW,N
7077,417.69,N,Elder,M,15,A,MAGENTA,N,NE,Y
7078,1401.24,N,Elder,F,18,D,INDIGO,N,NE,Y
7079,885.31,N,Elder,F,15,C,INDIGO,N,NW,Y
7080,896.42,N,Elder,F,15,C,INDIGO,N,NE,Y
7081,514.75,N,Young,M,13,B,INDIGO,M,ME,N
7082,647.27,N,Elder,M,20,A,BROWN,N,NW,N
7083,1097.04,N,Elder,M,17,C,BROWN,S,SW,N
7084,1017.73,N,Young,M,14,B,BROWN,N,NW,Y
7085,631.32,N,Elder,M,18,A,BROWN,M,MW,Y
7086,1318.5,Y,Elder,M,15,D,BROWN,N,NE,N
7087,1391.48,N,Elder,M,20,A,PURPLE,S,SW,N
7088,501.81,N,Elder,M,13,B,PURPLE,M,MW,N
7089,811.69,N,Elder,M,17,B,INDIGO,M,MW,Y
7090,562.09,N,Elder,F,13,B,BROWN,M,MW,N
7091,1385.4,N,Elder,M,15,D,BROWN,M,MW,Y
7092,946.12,N,Elder,F,16,C,BROWN,M,MW,Y
7093,601.68,N,Elder,M,15,B,INDIGO,S,SW,Y
7094,777.52,N,Elder,M,18,B,BROWN,N,NW,N
7095,1378.92,Y,Young,M,19,D,INDIGO,S,SE,Y
7096,1005.56,N,Elder,M,16,C,MAGENTA,N,NE,N
7097,931.21,N,Elder,M,16,C,BROWN,S,SE,Y
7098,1289.03,N,Elder,F,23,A,INDIGO,M,ME,Y
7099,66.46,N,Elder,F,10,A,MAGENTA,N,NW,Y
7100,647.68,N,Elder,M,17,A,INDIGO,M,ME,Y
7101,445.81,N,Elder,M,15,A,INDIGO,S,SE,N
7102,659.86,Y,Elder,M,19,A,PURPLE,S,SE,N
7103,300.09,N,Elder,M,13,A,BROWN,M,MW,Y
7104,727.74,Y,Elder,F,17,B,BROWN,M,MW,N
7105,697.4,N,Elder,M,14,B,MAGENTA,N,NE,Y
7106,873.63,N,Elder,M,17,B,INDIGO,M,MW,N
7107,788.8,N,Elder,M,17,B,INDIGO,N,NE,N
7108,976.29,Y,Elder,M,15,B,BROWN,S,SW,Y
7109,618.48,N,Elder,M,18,A,INDIGO,M,MW,N
7110,1163.86,N,Elder,M,16,B,INDIGO,N,NE,N
7111,299.29,N,Elder,M,14,A,BROWN,M,ME,Y
7112,804.3,N,Elder,F,14,B,INDIGO,M,MW,Y
7113,800.59,N,Elder,F,17,B,BROWN,N,NW,Y
7114,316.49,N,Elder,M,12,A,MAGENTA,M,MW,Y
7115,419.07,N,Elder,M,16,A,BROWN,M,ME,Y
7116,1792.5,N,Elder,M,15,C,MAGENTA,N,NE,Y
7117,789.51,Y,Young,M,17,B,MAGENTA,N,NW,Y
7118,796.87,N,Elder,M,18,B,BROWN,N,NE,Y
7119,634.81,Y,Elder,F,15,B,MAGENTA,M,ME,Y
7120,474.25,N,Elder,F,15,A,INDIGO,S,SE,N
7121,1008.91,N,Elder,M,16,C,INDIGO,N,NW,N
7122,321.36,N,Young,M,11,A,INDIGO,S,SW,Y
7123,570.26,N,Elder,F,14,B,INDIGO,S,SW,N
7124,791.14,N,Elder,M,18,B,BROWN,N,NW,N
7125,919.01,N,Elder,M,17,A,MAGENTA,N,NW,N
7126,103.7,N,Elder,F,11,A,INDIGO,N,NW,N
7127,586.09,N,Elder,M,16,A,BROWN,S,SE,N
7128,532.07,N,Elder,M,12,B,INDIGO,M,MW,Y
7129,1130.8,N,Elder,F,17,C,BROWN,N,NW,Y
7130,900.36,Y,Elder,F,10,C,BROWN,N,NE,Y
7131,631.64,N,Young,M,15,A,PURPLE,S,SW,N
7132,808.87,N,Elder,M,17,B,BROWN,S,SE,Y
7133,417.32,N,Elder,F,15,A,INDIGO,S,SW,Y
7134,561.39,N,Elder,M,15,A,BROWN,S,SE,Y
7135,1175.58,N,Elder,M,16,B,INDIGO,N,NE,N
7136,973.52,N,Elder,M,19,B,MAGENTA,M,ME,N
7137,774.85,N,Elder,F,16,B,BROWN,S,SW,N
7138,570.65,N,Elder,F,14,B,BROWN,N,NW,Y
7139,770.31,N,Elder,M,15,B,INDIGO,S,SE,Y
7140,710.72,N,Elder,M,17,B,INDIGO,N,NE,Y
7141,631.98,N,Elder,F,20,A,BROWN,N,NW,Y
7142,705.18,N,Elder,M,14,B,MAGENTA,M,ME,N
7143,583.42,N,Elder,F,19,A,BROWN,N,NE,N
7144,335.67,N,Elder,M,14,A,INDIGO,S,SE,N
7145,1116.05,Y,Elder,M,19,B,BROWN,N,NW,Y
7146,857.2,N,Elder,M,20,A,BROWN,N,NW,Y
7147,890.72,Y,Elder,M,15,C,BROWN,M,ME,Y
7148,331.55,N,Young,F,12,A,BROWN,S,SE,Y
7149,821.33,N,Elder,M,12,C,INDIGO,M,MW,N
7150,818.38,N,Elder,F,18,B,MAGENTA,N,NE,N
7151,1186.41,N,Elder,F,19,B,INDIGO,M,ME,Y
7152,958.55,N,Young,M,16,C,BROWN,M,ME,N
7153,1309.42,N,Elder,M,18,B,MAGENTA,M,ME,Y
7154,1033.02,N,Elder,M,15,A,INDIGO,M,ME,Y
7155,469.57,N,Elder,F,12,B,BROWN,M,MW,Y
7156,663.12,N,Elder,F,12,A,BROWN,S,SW,Y
7157,972.52,N,Elder,M,19,A,INDIGO,M,ME,N
7158,1109.48,N,Elder,M,17,C,MAGENTA,N,NE,Y
7159,656.29,N,Elder,F,16,A,BROWN,S,SE,Y
7160,533.71,N,Elder,M,17,A,MAGENTA,M,MW,Y
7161,1446.86,N,Elder,M,15,D,MAGENTA,N,NE,Y
7162,785.61,N,Elder,F,17,A,MAGENTA,M,ME,N
7163,819.07,N,Elder,M,19,B,INDIGO,N,NW,Y
7164,1127.61,Y,Young,M,17,C,BROWN,N,NW,Y
7165,1219.04,N,Elder,M,18,B,MAGENTA,N,NE,N
7166,388.51,N,Elder,M,16,A,BROWN,N,NE,Y
7167,1840.5,N,Elder,M,18,B,MAGENTA,N,NW,N
7168,742.41,N,Elder,M,15,B,BROWN,S,SW,Y
7169,394.15,N,Elder,M,12,A,INDIGO,M,MW,Y
7170,343.03,N,Elder,M,12,A,BROWN,S,SE,Y
7171,1292.02,N,Elder,M,20,B,MAGENTA,N,NE,N
7172,434.21,N,Elder,M,16,A,MAGENTA,M,MW,Y
7173,1929.71,N,Elder,M,15,C,BROWN,N,NE,N
7174,1072.51,N,Elder,M,14,A,PURPLE,N,NE,N
7175,1223.17,N,Elder,M,18,B,INDIGO,M,MW,N
7176,301.91,N,Elder,F,12,A,INDIGO,M,ME,N
7177,1387.68,N,Elder,M,16,B,BROWN,N,NE,Y
7178,793.93,Y,Elder,F,17,B,MAGENTA,M,MW,N
7179,875.2,N,Elder,M,17,B,BROWN,N,NW,N
7180,392.7,N,Elder,F,11,B,INDIGO,M,ME,Y
7181,669.81,N,Elder,F,16,B,INDIGO,N,NW,N
7182,789.56,N,Elder,M,17,B,BROWN,N,NE,Y
7183,868.31,N,Elder,F,19,B,INDIGO,M,ME,N
7184,867.73,Y,Elder,F,19,B,INDIGO,N,NW,Y
7185,1177.28,N,Elder,M,24,B,INDIGO,N,NE,Y
7186,668.12,Y,Young,F,15,B,INDIGO,N,NW,N
7187,1100.54,N,Elder,M,12,C,BROWN,M,ME,Y
7188,1286.98,N,Elder,F,18,C,BROWN,N,NW,Y
7189,684.27,N,Elder,M,16,B,MAGENTA,M,MW,N
7190,940.24,N,Elder,F,16,C,BROWN,N,NE,Y
7191,1167.3,N,Elder,M,20,C,MAGENTA,M,MW,Y
7192,1519.27,Y,Elder,M,16,D,BROWN,S,SE,Y
7193,1395,N,Young,M,19,D,INDIGO,N,NE,Y
7194,1142.33,N,Elder,M,15,B,BROWN,N,NE,Y
7195,715.77,N,Elder,M,17,B,INDIGO,N,NW,Y
7196,318.68,N,Elder,M,14,A,INDIGO,N,NW,Y
7197,983.42,N,Elder,M,20,B,BROWN,M,ME,N
7198,619.58,N,Elder,M,19,A,INDIGO,S,SW,N
7199,598.56,N,Elder,M,18,A,BROWN,N,NW,Y
7200,238.87,N,Elder,M,12,A,INDIGO,M,MW,Y
7201,332.74,N,Elder,F,14,A,BROWN,M,ME,N
7202,1343.79,N,Elder,F,17,B,PURPLE,N,NW,N
7203,602.3,N,Elder,F,15,B,INDIGO,N,NE,N
7204,662.6,N,Elder,F,15,B,BROWN,M,MW,Y
7205,1038.28,N,Elder,F,15,C,BROWN,N,NE,Y
7206,772.47,N,Elder,F,18,B,MAGENTA,M,MW,Y
7207,299.83,Y,Elder,F,11,A,BROWN,M,MW,Y
7208,626.9,N,Elder,M,15,B,INDIGO,N,NW,N
7209,713.56,N,Elder,M,16,B,BROWN,M,MW,Y
7210,496.1,Y,Elder,F,18,A,MAGENTA,S,SE,Y
7211,680.87,N,Elder,M,19,A,INDIGO,S,SW,Y
7212,1025.68,N,Elder,M,21,B,PURPLE,N,NE,N
7213,902.56,Y,Young,F,15,C,PURPLE,N,NW,N
7214,766.94,Y,Elder,M,18,B,BROWN,N,NW,Y
7215,859.57,N,Elder,F,14,A,MAGENTA,M,MW,Y
7216,660.78,N,Elder,M,13,B,BROWN,S,SE,Y
7217,1106.79,N,Elder,F,19,C,BROWN,M,ME,N
7218,370.79,N,Elder,M,15,A,INDIGO,M,MW,N
7219,644.16,N,Elder,M,20,A,MAGENTA,N,NW,N
7220,503.28,N,Elder,M,18,A,INDIGO,M,MW,N
7221,926.22,N,Elder,M,22,A,BROWN,N,NE,Y
7222,1162.88,N,Elder,M,18,C,MAGENTA,N,NE,Y
7223,662.77,N,Elder,M,16,B,BROWN,N,NW,N
7224,919.38,N,Elder,M,20,A,INDIGO,M,MW,N
7225,743.67,Y,Elder,F,17,B,BROWN,N,NE,Y
7226,727.8,N,Elder,M,16,B,INDIGO,S,SE,N
7227,587.92,N,Elder,F,19,A,MAGENTA,N,NW,N
7228,691.23,N,Elder,F,14,A,BROWN,N,NE,Y
7229,1203.85,N,Elder,M,15,C,INDIGO,N,NE,N
7230,1218.07,N,Elder,M,19,C,BROWN,N,NE,Y
7231,665.85,N,Elder,M,18,A,MAGENTA,M,MW,N
7232,1492.37,N,Elder,M,18,D,INDIGO,N,NW,N
7233,953.61,N,Elder,M,16,B,BROWN,S,SE,Y
7234,687.17,N,Elder,M,16,B,INDIGO,S,SW,Y
7235,442.45,N,Elder,F,15,A,BROWN,M,ME,Y
7236,678.71,N,Elder,M,16,B,BROWN,N,NW,Y
7237,535.98,N,Elder,M,17,A,INDIGO,M,ME,Y
7238,1114.65,N,Elder,M,18,C,BROWN,M,ME,Y
7239,686.57,N,Elder,M,20,A,BROWN,S,SW,Y
7240,582.35,N,Elder,M,19,A,PURPLE,N,NE,N
7241,848.81,N,Elder,F,17,A,BROWN,N,NE,Y
7242,657.61,N,Elder,M,16,B,INDIGO,N,NE,N
7243,661.56,N,Elder,F,20,A,MAGENTA,M,ME,N
7244,985.13,N,Elder,M,22,B,MAGENTA,N,NW,N
7245,926.42,N,Elder,M,21,B,INDIGO,M,ME,N
7246,902.61,N,Young,M,19,B,INDIGO,S,SW,Y
7247,470.27,N,Elder,F,14,A,BROWN,M,ME,N
7248,1302.08,Y,Young,M,13,C,BROWN,S,SE,Y
7249,226.72,N,Elder,M,12,A,INDIGO,N,NW,Y
7250,728.18,Y,Elder,M,20,A,MAGENTA,N,NW,N
7251,536.85,N,Elder,F,18,A,BROWN,S,SE,Y
7252,538.09,N,Elder,F,15,A,MAGENTA,N,NW,N
7253,505.33,Y,Young,M,18,A,BROWN,M,MW,N
7254,827.17,N,Elder,M,19,B,BROWN,M,ME,Y
7255,1135.76,Y,Elder,F,16,B,INDIGO,M,MW,Y
7256,1004.17,N,Elder,M,15,C,INDIGO,M,ME,Y
7257,1375.5,N,Elder,F,11,D,INDIGO,M,MW,Y
7258,1353.33,N,Elder,F,18,D,INDIGO,N,NW,N
7259,172.23,N,Elder,F,11,A,MAGENTA,S,SE,Y
7260,898.71,N,Young,M,19,B,INDIGO,M,MW,N
7261,991.7,N,Elder,M,17,C,INDIGO,N,NW,Y
7262,572.46,N,Elder,F,14,B,BROWN,S,SE,Y
7263,696.09,N,Elder,F,16,B,BROWN,M,MW,N
7264,469.44,N,Elder,F,15,A,BROWN,N,NW,Y
7265,764.42,N,Elder,F,14,A,PURPLE,M,ME,N
7266,1239.45,N,Elder,M,19,B,BROWN,M,ME,N
7267,611.14,N,Elder,M,16,A,MAGENTA,M,ME,N
7268,866.99,N,Elder,M,16,B,BROWN,N,NW,Y
7269,497.18,N,Elder,M,17,A,BROWN,M,ME,Y
7270,1125.18,N,Elder,F,16,C,INDIGO,N,NW,N
7271,501.53,N,Young,F,18,A,INDIGO,N,NE,Y
7272,861.61,N,Elder,M,19,B,INDIGO,N,NE,N
7273,1103.29,N,Elder,M,19,C,INDIGO,N,NW,N
7274,574.32,N,Elder,M,14,B,MAGENTA,N,NE,N
7275,988.18,N,Elder,M,16,C,BROWN,M,MW,Y
7276,1677.44,N,Elder,F,15,D,MAGENTA,M,MW,Y
7277,1059.13,N,Elder,M,18,C,PURPLE,M,ME,N
7278,780.86,N,Young,F,14,A,INDIGO,M,MW,Y
7279,1198.47,N,Elder,M,19,C,INDIGO,N,NE,N
7280,1207.83,N,Elder,M,20,C,INDIGO,M,MW,N
7281,849.04,Y,Elder,F,14,B,INDIGO,N,NE,N
7282,1255.57,N,Elder,M,17,B,PURPLE,N,NE,N
7283,406.47,N,Elder,M,16,A,BROWN,N,NW,Y
7284,932.01,N,Elder,F,16,C,MAGENTA,N,NW,N
7285,687.65,N,Elder,F,18,A,BROWN,N,NE,Y
7286,767.54,N,Elder,F,18,B,MAGENTA,M,MW,N
7287,1150.59,N,Young,F,15,C,MAGENTA,N,NW,Y
7288,920.65,N,Elder,F,17,B,INDIGO,S,SE,Y
7289,781.8,Y,Young,M,14,B,BROWN,M,MW,N
7290,518.88,N,Elder,F,18,A,BROWN,M,MW,Y
7291,1202.07,N,Elder,M,18,C,MAGENTA,S,SW,Y
7292,450.39,N,Elder,M,15,A,MAGENTA,S,SW,Y
7293,564.44,N,Elder,F,14,B,INDIGO,N,NW,N
7294,339.94,N,Elder,M,14,A,INDIGO,S,SW,N
7295,1531.03,N,Elder,M,22,D,BROWN,M,ME,Y
7296,402.67,N,Elder,F,16,A,INDIGO,M,MW,N
7297,1226.96,N,Elder,M,18,C,INDIGO,N,NW,Y
7298,842.65,Y,Elder,M,17,B,INDIGO,N,NW,Y
7299,1182.59,Y,Elder,F,19,C,BROWN,N,NE,Y
7300,556.33,N,Elder,F,13,B,MAGENTA,M,ME,Y
7301,787.6,N,Young,F,18,B,INDIGO,M,ME,Y
7302,426.14,Y,Elder,F,16,A,BROWN,N,NW,Y
7303,707.62,N,Elder,M,15,B,INDIGO,M,ME,Y
7304,1066.55,N,Elder,M,16,B,MAGENTA,S,SW,N
7305,517.6,N,Elder,M,18,A,PURPLE,S,SE,N
7306,670.47,Y,Elder,M,16,B,MAGENTA,S,SW,Y
7307,352.2,N,Elder,F,15,A,BROWN,M,MW,N
7308,419.98,N,Elder,F,16,A,BROWN,N,NW,Y
7309,778.91,N,Elder,M,18,A,BROWN,N,NE,Y
7310,529.47,N,Elder,M,18,A,INDIGO,N,NW,N
7311,831.5,N,Elder,M,18,B,BROWN,M,ME,Y
7312,721.93,N,Elder,F,18,A,MAGENTA,N,NW,N
7313,992.88,N,Elder,F,18,B,INDIGO,M,MW,N
7314,422.3,Y,Young,M,16,A,BROWN,N,NW,Y
7315,1191.7,N,Elder,F,18,C,PURPLE,S,SW,N
7316,821.33,N,Elder,F,19,B,INDIGO,S,SW,Y
7317,820.36,N,Elder,F,13,B,MAGENTA,S,SE,N
7318,1261.59,N,Elder,F,16,C,BROWN,M,MW,N
7319,790.83,N,Elder,M,18,B,INDIGO,S,SE,N
7320,739.03,N,Young,M,12,C,INDIGO,M,MW,N
7321,1084.69,N,Young,F,11,B,PURPLE,S,SW,N
7322,548.15,N,Young,M,13,A,MAGENTA,M,MW,N
7323,640.46,N,Elder,M,15,B,BROWN,N,NW,N
7324,1081.97,N,Elder,M,18,C,BROWN,M,ME,N
7325,1040.87,N,Elder,F,17,B,INDIGO,M,MW,Y
7326,746.66,N,Elder,M,22,A,BROWN,M,MW,N
7327,1079.2,N,Elder,M,16,B,INDIGO,S,SW,N
7328,625.11,N,Elder,M,13,B,BROWN,M,ME,Y
7329,693.89,N,Elder,M,16,B,BROWN,S,SE,Y
7330,1026.17,N,Elder,F,20,B,INDIGO,M,MW,Y
7331,1178.75,N,Elder,M,18,C,MAGENTA,N,NE,N
7332,413.65,N,Elder,M,16,A,BROWN,S,SE,Y
7333,464.13,N,Elder,M,16,A,BROWN,N,NE,Y
7334,456.17,N,Elder,M,12,B,INDIGO,N,NE,Y
7335,811.12,N,Young,M,15,A,INDIGO,N,NE,Y
7336,817.75,N,Elder,F,17,B,MAGENTA,M,ME,Y
7337,735.73,N,Elder,M,17,B,INDIGO,S,SW,N
7338,1210.22,N,Elder,F,18,B,BROWN,N,NE,Y
7339,352.85,N,Elder,M,14,A,INDIGO,N,NW,N
7340,716.65,N,Elder,M,17,B,BROWN,N,NW,Y
7341,781.98,N,Elder,M,17,B,MAGENTA,N,NE,N
7342,1071.6,N,Elder,F,18,C,BROWN,N,NE,Y
7343,808.42,N,Elder,M,18,B,MAGENTA,N,NW,Y
7344,620.64,N,Elder,F,15,A,PURPLE,N,NE,N
7345,191.13,N,Elder,F,12,A,MAGENTA,S,SW,N
7346,785.43,N,Elder,M,19,A,BROWN,S,SE,Y
7347,716.89,N,Elder,F,17,B,INDIGO,N,NW,N
7348,611.59,N,Elder,M,15,B,BROWN,M,ME,N
7349,121.69,N,Elder,F,11,A,BROWN,N,NW,Y
7350,1090.55,N,Elder,F,20,B,BROWN,S,SE,Y
7351,891.85,Y,Young,M,13,C,BROWN,M,MW,Y
7352,902.98,N,Elder,F,17,A,BROWN,M,ME,Y
7353,1216.53,N,Elder,F,19,C,INDIGO,M,ME,N
7354,172.86,N,Elder,M,12,A,MAGENTA,N,NW,N
7355,738.97,N,Elder,F,16,B,BROWN,M,MW,Y
7356,887.98,N,Elder,F,20,B,BROWN,N,NW,Y
7357,669.85,N,Young,F,14,B,BROWN,M,ME,N
7358,669.3,Y,Elder,M,16,B,BROWN,S,SW,Y
7359,1108.64,N,Elder,F,19,B,BROWN,M,MW,Y
7360,242.65,N,Elder,F,13,A,MAGENTA,M,ME,Y
7361,744.98,N,Elder,M,18,A,BROWN,S,SW,Y
7362,984.66,N,Elder,F,15,C,PURPLE,M,MW,N
7363,829.44,N,Elder,M,17,B,MAGENTA,S,SW,Y
7364,1041.58,N,Elder,M,18,C,INDIGO,M,MW,Y
7365,1009.86,Y,Elder,M,19,B,INDIGO,S,SE,Y
7366,227.88,N,Elder,F,13,A,BROWN,M,MW,Y
7367,1402.91,N,Elder,M,16,B,BROWN,M,MW,Y
7368,863.86,N,Elder,F,15,B,BROWN,N,NE,Y
7369,912.94,N,Elder,M,15,A,MAGENTA,N,NE,N
7370,398.22,N,Elder,F,14,A,BROWN,S,SE,Y
7371,806.27,N,Elder,F,13,C,PURPLE,N,NE,N
7372,469.13,N,Elder,F,15,A,BROWN,M,MW,Y
7373,393.93,N,Young,M,16,A,BROWN,M,MW,Y
7374,601.54,Y,Elder,M,14,B,INDIGO,S,SE,Y
7375,923.72,N,Elder,F,17,B,BROWN,S,SW,N
7376,643.46,N,Elder,M,14,B,BROWN,S,SW,Y
7377,1314.73,N,Elder,M,18,D,INDIGO,N,NW,Y
7378,1591.3,N,Elder,F,11,C,BROWN,M,MW,Y
7379,1418.28,N,Elder,F,18,C,INDIGO,N,NW,N
7380,627.69,N,Elder,M,19,A,INDIGO,N,NW,N
7381,337.81,N,Elder,F,15,A,INDIGO,M,MW,N
7382,823.84,N,Elder,M,15,B,MAGENTA,N,NW,N
7383,1697.44,N,Elder,F,19,C,INDIGO,N,NE,Y
7384,1053.07,N,Elder,F,20,B,INDIGO,N,NE,N
7385,717.94,N,Elder,M,12,B,BROWN,S,SW,Y
7386,76.48,Y,Elder,F,9,A,BROWN,S,SW,Y
7387,649.06,N,Elder,M,17,A,MAGENTA,N,NW,Y
7388,696.76,N,Elder,M,14,B,INDIGO,N,NE,N
7389,935.45,N,Elder,M,20,B,BROWN,M,MW,Y
7390,803.17,N,Elder,F,17,A,INDIGO,M,MW,Y
7391,1311.37,N,Elder,M,14,B,INDIGO,S,SE,Y
7392,454.61,N,Elder,M,14,A,PURPLE,M,MW,N
7393,1053.91,Y,Elder,M,17,C,BROWN,M,MW,Y
7394,689.97,N,Elder,F,15,B,PURPLE,M,ME,N
7395,722.98,N,Elder,F,16,B,BROWN,M,MW,N
7396,1002.11,N,Elder,M,15,C,BROWN,N,NE,N
7397,297.64,N,Elder,F,13,A,BROWN,N,NW,N
7398,344.78,N,Young,F,10,B,INDIGO,N,NW,N
7399,874.08,N,Elder,M,18,B,PURPLE,M,MW,N
7400,696.28,N,Elder,F,20,A,BROWN,S,SE,N
7401,868.93,N,Elder,F,14,C,BROWN,N,NE,Y
7402,920.23,N,Elder,M,20,B,INDIGO,N,NE,Y
7403,676.4,N,Elder,F,16,B,INDIGO,M,MW,Y
7404,477.53,N,Elder,M,12,B,BROWN,M,ME,N
7405,741.02,N,Elder,M,17,B,BROWN,S,SE,N
7406,660.9,N,Elder,F,16,B,INDIGO,N,NW,N
7407,742.75,N,Elder,M,21,A,INDIGO,N,NW,Y
7408,739.92,Y,Elder,M,17,B,BROWN,N,NW,Y
7409,428.57,N,Elder,M,16,A,BROWN,S,SW,Y
7410,376.25,Y,Elder,M,15,A,MAGENTA,M,MW,Y
7411,832.15,N,Elder,F,18,B,BROWN,S,SW,Y
7412,592.73,N,Elder,F,13,B,PURPLE,M,MW,N
7413,1070.34,N,Elder,M,21,B,INDIGO,S,SE,N
7414,738.79,N,Elder,F,17,B,MAGENTA,M,ME,N
7415,1120.28,N,Young,M,15,C,INDIGO,N,NW,Y
7416,852.09,N,Elder,M,14,C,MAGENTA,S,SE,Y
7417,342.7,Y,Elder,F,15,A,INDIGO,S,SE,Y
7418,867.7,N,Elder,M,16,A,BROWN,N,NW,N
7419,779.04,N,Elder,M,17,B,BROWN,M,MW,Y
7420,639.35,N,Elder,F,14,B,MAGENTA,S,SE,N
7421,1656.39,N,Elder,M,17,C,BROWN,M,ME,Y
7422,228.64,N,Elder,F,12,A,BROWN,M,MW,Y
7423,749.66,N,Young,F,12,C,BROWN,S,SE,Y
7424,274.45,N,Elder,F,14,A,BROWN,S,SW,N
7425,762.53,N,Elder,M,16,B,BROWN,M,MW,N
7426,1230.74,N,Elder,M,16,D,PURPLE,M,MW,N
7427,1180.61,Y,Elder,M,16,C,INDIGO,N,NE,Y
7428,1258.35,N,Elder,M,16,D,BROWN,M,MW,Y
7429,662.8,Y,Elder,M,16,B,BROWN,S,SE,Y
7430,875.54,N,Elder,M,14,C,INDIGO,S,SE,Y
7431,1080.35,N,Elder,M,21,B,INDIGO,N,NW,Y
7432,1288.19,N,Elder,M,17,D,MAGENTA,S,SW,N
7433,767.05,N,Elder,F,15,B,MAGENTA,N,NW,N
7434,1578.79,N,Elder,M,16,C,BROWN,N,NW,N
7435,818.37,N,Elder,M,19,B,MAGENTA,M,MW,Y
7436,905.23,N,Elder,M,15,C,MAGENTA,S,SW,N
7437,811.96,N,Elder,M,16,B,BROWN,S,SW,Y
7438,824.83,N,Elder,M,17,B,BROWN,M,MW,Y
7439,390.56,N,Elder,F,16,A,INDIGO,N,NE,N
7440,996.46,N,Elder,F,18,B,BROWN,S,SE,Y
7441,1164.05,N,Elder,M,20,C,INDIGO,M,ME,N
7442,1080.16,N,Young,F,14,B,BROWN,N,NE,Y
7443,533.02,N,Elder,F,15,A,INDIGO,S,SE,Y
7444,348.85,Y,Elder,M,14,A,INDIGO,M,MW,Y
7445,1528.84,N,Elder,M,17,D,BROWN,M,ME,Y
7446,447.11,N,Elder,F,17,A,BROWN,N,NW,Y
7447,281.37,N,Elder,F,14,A,BROWN,M,ME,N
7448,1381.56,N,Elder,M,18,C,INDIGO,N,NE,Y
7449,614.42,N,Elder,F,15,B,BROWN,N,NE,Y
7450,910.89,N,Elder,F,19,B,BROWN,M,MW,Y
7451,567.6,Y,Elder,M,17,A,BROWN,S,SW,N
7452,996.05,N,Elder,M,19,B,MAGENTA,N,NE,N
7453,810.67,N,Elder,F,16,B,INDIGO,M,ME,Y
7454,832.42,N,Young,M,14,C,MAGENTA,S,SE,N
7455,639.16,Y,Elder,F,15,B,INDIGO,N,NW,Y
7456,1029.52,N,Elder,M,17,C,BROWN,N,NW,Y
7457,569.71,N,Elder,F,14,B,BROWN,S,SE,Y
7458,606.98,Y,Elder,F,17,A,BROWN,M,ME,Y
7459,838.89,N,Elder,M,17,B,BROWN,N,NE,Y
7460,823.73,N,Elder,M,18,B,BROWN,N,NE,N
7461,472.46,N,Elder,F,16,A,INDIGO,M,MW,N
7462,812.83,N,Elder,M,14,B,BROWN,M,MW,Y
7463,720.48,N,Elder,M,15,B,INDIGO,S,SW,N
7464,752.88,N,Elder,M,12,C,BROWN,S,SE,N
7465,498.26,N,Elder,F,18,A,BROWN,N,NE,Y
7466,1131.88,N,Elder,F,18,C,INDIGO,S,SE,N
7467,822.81,Y,Young,M,12,B,INDIGO,S,SE,N
7468,1267.81,N,Elder,M,14,C,MAGENTA,M,ME,N
7469,1066.51,N,Elder,M,18,C,INDIGO,S,SW,Y
7470,394.32,N,Young,M,16,A,BROWN,N,NE,Y
7471,1147.92,N,Elder,M,16,A,BROWN,S,SW,Y
7472,1040.58,Y,Elder,M,16,C,MAGENTA,N,NE,Y
7473,1352.84,N,Elder,F,18,C,MAGENTA,S,SE,Y
7474,811.41,N,Elder,M,20,A,MAGENTA,M,MW,N
7475,558.19,N,Elder,M,17,A,BROWN,S,SW,Y
7476,1876.19,N,Elder,M,16,A,MAGENTA,M,ME,N
7477,1193.35,N,Elder,M,19,B,MAGENTA,S,SW,N
7478,1348.16,N,Elder,M,18,C,BROWN,N,NE,Y
7479,707.17,N,Elder,F,17,B,MAGENTA,S,SW,Y
7480,959.22,N,Elder,M,20,A,BROWN,N,NW,Y
7481,511.58,N,Elder,F,16,A,BROWN,N,NE,N
7482,492.92,N,Elder,M,13,A,INDIGO,M,MW,N
7483,1053.72,N,Elder,F,17,C,MAGENTA,S,SE,N
7484,943.03,Y,Elder,F,21,B,BROWN,S,SW,Y
7485,1207.95,N,Elder,M,18,C,INDIGO,N,NE,Y
7486,1070.16,N,Elder,M,12,A,MAGENTA,N,NW,Y
7487,648.47,N,Elder,M,17,A,BROWN,S,SW,Y
7488,1085.1,N,Elder,M,18,A,MAGENTA,N,NW,Y
7489,418.81,N,Elder,F,12,A,BROWN,S,SE,Y
7490,624.6,N,Elder,F,15,B,BROWN,M,ME,Y
7491,1390.28,N,Elder,M,18,D,PURPLE,N,NW,N
7492,704.33,N,Elder,F,16,B,PURPLE,S,SW,N
7493,928.26,N,Elder,F,16,C,INDIGO,S,SE,Y
7494,393.32,N,Elder,M,16,A,INDIGO,S,SW,Y
7495,783.22,N,Elder,F,17,B,BROWN,N,NE,Y
7496,990.74,N,Elder,M,21,B,MAGENTA,S,SW,N
7497,424.14,N,Young,F,15,A,MAGENTA,N,NE,N
7498,625.72,N,Elder,M,13,B,MAGENTA,N,NE,N
7499,445.39,Y,Elder,M,12,B,BROWN,M,MW,Y
7500,1152.99,N,Elder,M,17,C,BROWN,M,MW,Y
7501,296.87,N,Young,M,14,A,INDIGO,S,SW,N
7502,1128.41,N,Elder,M,14,B,BROWN,M,ME,Y
7503,711.57,N,Elder,M,17,B,BROWN,M,MW,N
7504,1286.96,Y,Elder,F,14,C,BROWN,N,NE,Y
7505,748.93,N,Elder,M,13,B,INDIGO,S,SW,Y
7506,824.33,N,Elder,M,18,B,BROWN,N,NE,Y
7507,1134.85,N,Elder,M,17,B,INDIGO,N,NW,N
7508,425.71,N,Elder,F,12,A,MAGENTA,M,MW,Y
7509,412.48,N,Young,M,16,A,BROWN,N,NW,Y
7510,279.47,N,Elder,M,14,A,BROWN,M,ME,Y
7511,421.83,N,Elder,M,14,A,MAGENTA,N,NE,N
7512,819.71,N,Elder,F,18,B,BROWN,N,NE,Y
7513,817.41,N,Elder,F,17,A,INDIGO,M,MW,Y
7514,1022.25,N,Elder,M,17,C,INDIGO,S,SE,N
7515,898.77,N,Elder,F,15,B,INDIGO,M,MW,Y
7516,759.31,Y,Young,F,11,C,INDIGO,N,NE,Y
7517,287.64,N,Elder,M,13,A,BROWN,N,NW,N
7518,1045.87,N,Elder,F,17,C,BROWN,S,SW,Y
7519,704.94,N,Elder,M,21,A,PURPLE,N,NW,N
7520,1162.46,N,Elder,M,16,A,MAGENTA,M,MW,Y
7521,1101.12,Y,Elder,F,16,C,BROWN,M,MW,Y
7522,459.03,N,Elder,F,11,B,INDIGO,N,NE,Y
7523,169.43,N,Elder,M,12,A,INDIGO,M,MW,Y
7524,800.49,N,Elder,F,19,A,BROWN,N,NE,N
7525,225.51,N,Elder,F,13,A,INDIGO,N,NE,N
7526,965.79,N,Elder,F,21,A,BROWN,M,ME,Y
7527,780.2,N,Elder,F,17,B,BROWN,N,NW,Y
7528,817.65,Y,Elder,M,15,B,BROWN,M,ME,Y
7529,687.25,N,Elder,M,16,A,INDIGO,S,SE,N
7530,402.86,Y,Young,M,14,A,MAGENTA,N,NE,N
7531,1095.61,N,Elder,F,19,C,INDIGO,N,NE,Y
7532,855.54,Y,Elder,F,13,B,MAGENTA,N,NW,Y
7533,727.63,N,Elder,M,15,B,BROWN,N,NW,Y
7534,377.17,N,Elder,M,13,A,INDIGO,S,SE,N
7535,856.31,N,Elder,F,19,B,INDIGO,N,NE,N
7536,704.43,N,Elder,M,16,B,INDIGO,M,MW,N
7537,835.38,N,Elder,M,15,B,INDIGO,N,NW,Y
7538,1662.98,Y,Elder,F,16,C,INDIGO,N,NE,Y
7539,783.53,N,Elder,F,16,B,PURPLE,N,NW,N
7540,726.73,N,Elder,M,17,B,INDIGO,N,NE,N
7541,549.72,N,Elder,F,18,A,INDIGO,S,SW,N
7542,1007.21,N,Elder,F,18,B,BROWN,S,SE,Y
7543,777.37,Y,Young,F,12,C,INDIGO,N,NE,N
7544,709.1,N,Elder,F,15,B,BROWN,N,NE,Y
7545,1714.49,Y,Elder,M,17,D,MAGENTA,M,ME,N
7546,456.41,N,Elder,M,16,A,BROWN,M,MW,Y
7547,255.92,N,Elder,M,11,A,INDIGO,M,ME,Y
7548,669.65,N,Elder,M,16,B,INDIGO,M,ME,N
7549,388.3,N,Elder,M,16,A,PURPLE,N,NE,N
7550,741.22,N,Elder,F,18,A,MAGENTA,S,SW,Y
7551,664.69,N,Elder,M,19,A,MAGENTA,S,SW,N
7552,865.45,N,Elder,M,18,B,INDIGO,N,NE,Y
7553,870.42,N,Elder,M,17,B,BROWN,M,MW,N
7554,618.19,N,Elder,F,15,B,BROWN,M,MW,N
7555,824.47,N,Elder,M,17,B,MAGENTA,S,SE,N
7556,800.39,N,Elder,F,16,B,BROWN,S,SW,N
7557,1210.28,N,Elder,M,21,B,MAGENTA,N,NE,N
7558,1327.23,N,Elder,F,15,A,INDIGO,N,NW,N
7559,531.72,N,Young,M,12,B,MAGENTA,N,NW,Y
7560,995.88,N,Elder,M,15,A,MAGENTA,N,NE,Y
7561,1493.64,N,Elder,M,17,B,INDIGO,M,ME,Y
7562,712.64,Y,Elder,F,16,B,INDIGO,M,MW,Y
7563,290.9,N,Elder,M,14,A,INDIGO,M,ME,N
7564,763.31,N,Elder,M,21,A,INDIGO,M,ME,Y
7565,783.39,N,Elder,M,18,B,PURPLE,S,SW,N
7566,1026.11,N,Elder,M,17,C,MAGENTA,N,NW,N
7567,830.81,N,Young,M,18,B,INDIGO,N,NW,Y
7568,385.76,N,Elder,F,13,A,INDIGO,S,SW,N
7569,1002.84,N,Elder,M,14,B,INDIGO,N,NW,Y
7570,818.56,Y,Elder,M,19,B,BROWN,N,NW,Y
7571,722.98,N,Elder,M,16,A,MAGENTA,N,NE,N
7572,1061.85,N,Elder,F,21,B,INDIGO,N,NE,Y
7573,1287.71,N,Elder,F,15,C,MAGENTA,S,SW,Y
7574,700.85,Y,Young,M,16,B,BROWN,M,MW,Y
7575,616.2,N,Elder,M,15,B,INDIGO,N,NE,Y
7576,566.47,N,Elder,F,18,A,BROWN,S,SE,Y
7577,560.27,N,Elder,F,14,B,BROWN,N,NE,N
7578,494.06,N,Elder,M,18,A,BROWN,N,NE,Y
7579,871.07,Y,Young,M,14,C,INDIGO,S,SW,Y
7580,1059.09,N,Elder,M,13,D,BROWN,N,NW,Y
7581,421.08,N,Elder,M,15,A,BROWN,M,MW,Y
7582,479.35,N,Elder,F,16,A,INDIGO,M,ME,N
7583,1107.86,N,Elder,F,17,A,PURPLE,N,NE,N
7584,1704.65,N,Elder,M,21,C,PURPLE,S,SW,N
7585,551.29,N,Elder,F,14,B,MAGENTA,N,NE,N
7586,988.68,N,Elder,M,20,B,MAGENTA,N,NW,Y
7587,810.97,N,Elder,M,12,C,MAGENTA,S,SW,N
7588,449.08,N,Young,M,12,A,BROWN,N,NW,N
7589,1145.43,N,Elder,M,17,C,BROWN,S,SW,Y
7590,667.32,N,Elder,M,16,B,BROWN,N,NW,Y
7591,1024.59,N,Elder,F,17,C,MAGENTA,M,MW,N
7592,1145.66,N,Elder,M,23,B,MAGENTA,N,NW,Y
7593,935.35,Y,Elder,F,16,C,BROWN,N,NW,Y
7594,638.13,N,Elder,M,15,B,BROWN,N,NW,N
7595,477.15,N,Elder,M,16,A,BROWN,M,MW,Y
7596,1589.19,N,Elder,M,23,B,INDIGO,N,NW,Y
7597,1332.14,N,Elder,F,18,C,INDIGO,N,NE,Y
7598,1092.86,N,Elder,M,14,C,INDIGO,S,SW,Y
7599,598.4,N,Elder,F,14,B,INDIGO,S,SE,N
7600,944.49,N,Elder,M,24,A,BROWN,M,MW,Y
7601,700.53,N,Young,M,14,A,INDIGO,M,ME,N
7602,521.63,N,Elder,M,15,A,PURPLE,M,ME,N
7603,936.02,N,Elder,F,21,B,INDIGO,M,MW,Y
7604,1213.06,N,Elder,M,17,B,INDIGO,N,NW,Y
7605,1621.97,Y,Elder,F,20,D,MAGENTA,S,SE,Y
7606,1080.43,N,Elder,M,17,C,MAGENTA,N,NE,N
7607,769.02,N,Young,M,12,C,PURPLE,M,MW,N
7608,453.63,N,Elder,M,17,A,INDIGO,N,NW,Y
7609,1366.4,N,Elder,M,19,C,BROWN,N,NE,N
7610,1331.69,N,Elder,F,14,C,BROWN,M,ME,N
7611,1066.62,N,Elder,M,18,A,BROWN,N,NE,N
7612,1450.27,N,Elder,F,16,C,BROWN,M,MW,Y
7613,719.52,N,Elder,F,17,B,BROWN,N,NW,N
7614,1237.43,N,Elder,F,20,C,BROWN,N,NE,Y
7615,763,N,Elder,M,18,B,BROWN,N,NE,Y
7616,303.82,N,Elder,M,14,A,MAGENTA,S,SE,Y
7617,968.1,N,Elder,M,13,B,BROWN,N,NW,Y
7618,878.83,N,Elder,F,17,B,BROWN,M,MW,Y
7619,475.31,N,Elder,F,17,A,BROWN,M,MW,Y
7620,1383.47,N,Young,F,17,B,PURPLE,S,SW,N
7621,1287.57,N,Elder,M,17,D,MAGENTA,M,MW,Y
7622,764.95,Y,Elder,F,13,C,PURPLE,N,NE,N
7623,1003.16,N,Elder,M,21,B,MAGENTA,N,NW,N
7624,847,N,Elder,M,17,B,INDIGO,N,NW,Y
7625,1364.33,N,Elder,F,16,C,INDIGO,S,SW,Y
7626,886.53,N,Elder,F,15,C,BROWN,M,MW,Y
7627,655.14,N,Elder,M,16,B,BROWN,N,NW,N
7628,462.78,N,Young,F,16,A,INDIGO,S,SW,N
7629,407.93,N,Elder,F,11,B,MAGENTA,S,SW,N
7630,1105.11,N,Elder,M,18,C,INDIGO,M,MW,N
7631,704.41,N,Elder,M,20,A,BROWN,N,NW,N
7632,686.81,N,Elder,F,19,A,INDIGO,N,NW,N
7633,449.55,Y,Young,M,12,A,MAGENTA,N,NW,N
7634,878.21,Y,Elder,M,14,C,BROWN,M,MW,Y
7635,542.24,Y,Elder,F,14,B,BROWN,N,NW,N
7636,848.74,N,Elder,M,14,C,INDIGO,S,SW,N
7637,876.15,N,Elder,M,15,B,INDIGO,M,ME,Y
7638,278.42,Y,Elder,F,14,A,BROWN,N,NW,Y
7639,1074.34,N,Elder,M,16,C,INDIGO,M,MW,N
7640,1553.97,N,Elder,M,20,D,MAGENTA,M,MW,N
7641,737.07,N,Elder,M,16,B,INDIGO,N,NE,Y
7642,1055.48,Y,Elder,M,18,C,BROWN,N,NE,Y
7643,658.39,N,Elder,F,16,B,MAGENTA,N,NE,N
7644,1285.38,N,Elder,F,18,C,INDIGO,S,SE,N
7645,902.92,N,Elder,M,13,C,MAGENTA,N,NE,N
7646,1344.78,N,Elder,M,18,C,BROWN,S,SW,Y
7647,1129.96,N,Elder,M,17,C,BROWN,M,MW,Y
7648,480.82,N,Elder,F,16,A,BROWN,N,NE,Y
7649,1016.2,N,Elder,M,16,C,BROWN,S,SE,Y
7650,640.66,N,Elder,M,17,A,BROWN,M,MW,N
7651,1548.35,N,Elder,M,15,C,MAGENTA,N,NE,N
7652,934.74,N,Elder,M,18,B,INDIGO,N,NE,N
7653,658.83,Y,Elder,F,19,A,INDIGO,S,SE,N
7654,559.58,N,Elder,M,18,A,INDIGO,S,SE,N
7655,680.18,N,Young,M,14,B,BROWN,S,SW,Y
7656,824.69,N,Elder,F,14,C,PURPLE,N,NW,N
7657,802.18,N,Elder,M,16,B,INDIGO,N,NW,N
7658,1528.34,N,Elder,M,18,C,INDIGO,N,NE,N
7659,1094.63,N,Elder,M,19,C,BROWN,N,NW,N
7660,549.94,N,Elder,M,18,A,INDIGO,M,MW,N
7661,563.4,N,Elder,F,14,B,INDIGO,N,NE,N
7662,987.84,N,Elder,M,17,C,BROWN,M,ME,N
7663,626.92,N,Elder,F,19,A,BROWN,M,MW,Y
7664,911.64,N,Elder,M,19,B,MAGENTA,M,MW,N
7665,874.16,N,Elder,F,19,B,PURPLE,S,SE,N
7666,950.08,N,Elder,F,14,C,MAGENTA,M,ME,N
7667,779.14,N,Elder,M,16,B,INDIGO,S,SE,Y
7668,587.15,N,Elder,M,17,A,BROWN,S,SW,Y
7669,1207.1,N,Elder,M,21,C,BROWN,M,ME,N
7670,1069.86,N,Elder,M,22,B,INDIGO,S,SW,Y
7671,432.4,N,Elder,F,12,B,INDIGO,M,ME,N
7672,693.3,N,Elder,M,15,A,INDIGO,N,NE,Y
7673,1201.02,N,Elder,M,20,C,BROWN,N,NW,Y
7674,1126.16,N,Elder,M,16,C,BROWN,S,SW,Y
7675,413.26,N,Elder,F,13,A,BROWN,M,ME,Y
7676,734.67,N,Young,F,12,C,INDIGO,M,ME,N
7677,875.83,N,Elder,F,20,B,INDIGO,S,SW,N
7678,719.33,N,Young,M,15,B,MAGENTA,M,MW,Y
7679,1149.8,N,Elder,M,20,C,MAGENTA,M,ME,Y
7680,221.28,N,Elder,M,12,A,BROWN,N,NW,Y
7681,329.93,N,Elder,F,14,A,BROWN,M,ME,Y
7682,494.34,N,Elder,M,13,B,INDIGO,M,MW,Y
7683,335.51,N,Elder,F,15,A,INDIGO,S,SW,Y
7684,1285.38,N,Elder,F,16,D,INDIGO,M,ME,Y
7685,938.03,N,Elder,F,15,C,INDIGO,M,MW,Y
7686,827.8,N,Elder,M,13,A,INDIGO,N,NW,Y
7687,1274.71,N,Elder,F,15,B,BROWN,M,ME,Y
7688,1144.44,N,Elder,M,20,B,MAGENTA,M,MW,N
7689,1031.45,N,Elder,F,15,B,BROWN,N,NW,N
7690,1122.74,N,Elder,M,19,C,MAGENTA,N,NE,N
7691,998.29,N,Elder,M,17,C,BROWN,M,MW,Y
7692,554.87,N,Elder,F,17,A,BROWN,N,NW,Y
7693,794.46,N,Elder,F,23,A,MAGENTA,N,NE,N
7694,827.98,Y,Young,M,14,A,MAGENTA,N,NW,N
7695,625.86,N,Elder,F,15,B,MAGENTA,M,MW,Y
7696,676.94,Y,Young,F,15,B,INDIGO,N,NE,Y
7697,1875.05,N,Elder,M,15,B,BROWN,N,NW,Y
7698,944.38,Y,Elder,M,14,C,BROWN,N,NW,Y
7699,694.9,Y,Elder,M,16,B,BROWN,N,NW,Y
7700,403.8,Y,Elder,F,14,A,BROWN,M,MW,N
7701,519.06,N,Elder,M,12,B,INDIGO,M,ME,N
7702,805.04,N,Elder,F,15,B,PURPLE,M,MW,N
7703,339.06,N,Elder,F,12,A,BROWN,S,SW,Y
7704,1003.98,Y,Elder,M,13,C,BROWN,M,ME,Y
7705,659.54,N,Young,M,14,B,INDIGO,N,NW,N
7706,1100.81,N,Elder,M,19,C,INDIGO,N,NW,N
7707,663.98,N,Elder,M,16,B,INDIGO,S,SW,N
7708,1002.82,N,Elder,F,16,C,MAGENTA,M,MW,N
7709,3930.14,N,Elder,M,13,B,MAGENTA,M,MW,N
7710,848.96,N,Elder,M,18,B,PURPLE,S,SE,N
7711,1170.78,N,Elder,M,20,C,BROWN,N,NW,N
7712,874.17,N,Elder,M,14,C,BROWN,S,SE,Y
7713,1092.33,N,Elder,M,14,B,INDIGO,N,NW,N
7714,523.24,N,Elder,M,18,A,BROWN,N,NW,N
7715,536.9,N,Elder,M,12,B,BROWN,M,MW,Y
7716,868.93,N,Elder,M,17,A,INDIGO,N,NW,Y
7717,358.38,N,Elder,M,14,A,MAGENTA,M,ME,N
7718,680.75,N,Elder,M,18,A,MAGENTA,S,SE,N
7719,389.74,N,Elder,M,11,B,INDIGO,N,NE,N
7720,1257.59,N,Elder,M,22,B,INDIGO,S,SW,Y
7721,1206.16,N,Elder,F,18,C,BROWN,M,MW,Y
7722,425.29,N,Elder,F,13,A,MAGENTA,S,SW,N
7723,1350.63,N,Elder,M,18,C,BROWN,S,SE,N
7724,521.47,N,Elder,M,13,B,BROWN,N,NE,Y
7725,225.38,N,Elder,M,13,A,BROWN,M,MW,Y
7726,817.97,N,Elder,M,23,A,INDIGO,S,SW,N
7727,810.14,N,Young,F,16,A,INDIGO,N,NW,N
7728,522.78,N,Elder,M,17,A,PURPLE,M,ME,N
7729,742.29,Y,Young,F,12,B,BROWN,S,SW,N
7730,988.8,N,Elder,F,17,C,MAGENTA,M,MW,N
7731,1159.72,N,Elder,M,17,B,BROWN,N,NW,Y
7732,1008.78,N,Elder,M,17,C,INDIGO,M,ME,N
7733,646.32,N,Elder,F,12,B,INDIGO,N,NE,N
7734,782.63,N,Elder,F,14,B,PURPLE,N,NE,N
7735,858.03,N,Elder,M,17,A,BROWN,N,NW,Y
7736,556.97,N,Elder,M,16,A,PURPLE,M,MW,N
7737,524.28,N,Elder,M,17,A,BROWN,M,ME,Y
7738,710.8,N,Elder,F,17,B,BROWN,M,ME,N
7739,543.54,Y,Young,M,13,B,INDIGO,N,NW,N
7740,791.68,N,Elder,M,13,C,MAGENTA,S,SE,Y
7741,686.39,N,Elder,M,16,B,MAGENTA,N,NE,Y
7742,1278.51,Y,Elder,F,12,D,BROWN,N,NW,Y
7743,633.24,N,Elder,M,15,B,BROWN,S,SW,Y
7744,1217.36,Y,Elder,M,18,C,MAGENTA,S,SE,N
7745,285.81,N,Elder,F,14,A,INDIGO,S,SE,N
7746,617.67,N,Elder,F,15,B,BROWN,M,MW,Y
7747,1034.36,N,Elder,M,14,C,MAGENTA,M,MW,Y
7748,501.61,N,Elder,F,16,A,INDIGO,M,MW,Y
7749,1230.79,N,Elder,M,21,C,INDIGO,N,NW,Y
7750,814.88,N,Elder,M,16,B,BROWN,M,MW,N
7751,563.4,N,Elder,F,14,B,PURPLE,S,SE,N
7752,1244.02,Y,Elder,F,16,B,BROWN,S,SE,Y
7753,1343.64,N,Elder,M,18,C,INDIGO,M,MW,N
7754,769.39,N,Elder,F,16,A,BROWN,S,SE,Y
7755,780.54,N,Elder,M,13,B,INDIGO,N,NW,Y
7756,773.22,N,Elder,M,16,B,INDIGO,M,ME,N
7757,701.99,N,Elder,F,18,A,MAGENTA,M,ME,N
7758,443.01,N,Elder,M,16,A,MAGENTA,S,SE,N
7759,222.13,N,Elder,F,13,A,BROWN,M,MW,N
7760,765.32,N,Elder,M,15,A,BROWN,N,NW,N
7761,427.94,N,Elder,F,14,A,MAGENTA,M,ME,N
7762,964.96,N,Elder,F,15,C,BROWN,N,NW,Y
7763,1129.58,Y,Elder,F,19,C,INDIGO,S,SE,Y
7764,770.3,N,Elder,M,18,B,BROWN,M,MW,Y
7765,740.19,N,Elder,F,16,B,MAGENTA,N,NE,N
7766,1084.57,N,Elder,M,17,C,INDIGO,M,MW,N
7767,927.44,N,Elder,M,18,B,INDIGO,M,ME,Y
7768,791.13,N,Elder,F,14,B,INDIGO,S,SE,N
7769,1018.9,N,Elder,M,21,B,INDIGO,M,ME,Y
7770,1385.03,N,Elder,M,24,C,INDIGO,S,SW,N
7771,1286.62,N,Elder,F,16,D,BROWN,N,NW,N
7772,1574.37,N,Elder,M,17,D,BROWN,M,ME,Y
7773,1259.13,N,Elder,M,19,B,BROWN,M,MW,Y
7774,964.92,N,Elder,M,19,B,BROWN,N,NW,N
7775,363.05,N,Elder,F,13,A,BROWN,N,NE,Y
7776,1704.12,N,Elder,M,18,C,MAGENTA,S,SE,N
7777,1026.8,N,Elder,M,17,C,INDIGO,M,MW,N
7778,580.32,N,Elder,F,18,A,BROWN,S,SE,Y
7779,1024.16,N,Young,F,17,C,BROWN,N,NW,Y
7780,703.4,N,Elder,F,12,B,BROWN,M,MW,Y
7781,1258.68,N,Elder,M,20,C,INDIGO,M,MW,Y
7782,579.6,Y,Elder,F,12,B,BROWN,M,MW,Y
7783,614.77,N,Elder,F,20,A,PURPLE,M,ME,N
7784,529.34,N,Elder,F,18,A,MAGENTA,N,NW,N
7785,992.34,Y,Elder,M,19,A,MAGENTA,N,NW,N
7786,1101.9,N,Elder,F,13,C,BROWN,N,NE,Y
7787,1515.85,N,Elder,M,20,C,INDIGO,N,NW,Y
7788,414.73,N,Elder,F,16,A,BROWN,S,SW,Y
7789,1473.59,N,Young,M,15,C,INDIGO,N,NW,N
7790,669.56,N,Elder,M,14,B,INDIGO,N,NE,N
7791,875.89,N,Elder,F,15,C,BROWN,M,MW,Y
7792,1277.57,N,Elder,M,20,B,MAGENTA,M,ME,Y
7793,388.17,Y,Young,F,14,A,INDIGO,N,NE,Y
7794,640.74,Y,Elder,M,12,B,BROWN,N,NW,Y
7795,578.39,Y,Young,F,13,B,INDIGO,M,ME,Y
7796,814.08,Y,Elder,M,18,A,BROWN,M,MW,Y
7797,795.91,N,Elder,F,17,B,BROWN,M,MW,Y
7798,924.28,N,Elder,F,15,C,INDIGO,M,MW,Y
7799,1283.7,N,Elder,M,18,C,BROWN,N,NE,Y
7800,391.87,N,Elder,M,16,A,BROWN,N,NE,Y
7801,852.68,N,Elder,F,17,A,INDIGO,N,NW,Y
7802,671.07,N,Elder,M,15,B,BROWN,M,ME,Y
7803,738.93,N,Elder,F,13,B,PURPLE,N,NW,N
7804,1001.7,Y,Young,M,12,D,PURPLE,S,SW,N
7805,1431.97,N,Elder,F,18,C,MAGENTA,N,NE,N
7806,285.32,N,Elder,F,14,A,BROWN,M,MW,Y
7807,794.56,N,Young,F,17,B,MAGENTA,M,MW,N
7808,817.89,N,Elder,M,16,B,INDIGO,N,NE,Y
7809,671.27,N,Elder,F,16,B,BROWN,M,ME,Y
7810,606.81,N,Elder,F,14,B,INDIGO,M,MW,N
7811,731.88,N,Elder,M,18,A,BROWN,M,MW,N
7812,466.52,N,Elder,F,16,A,BROWN,S,SE,Y
7813,1076.97,N,Elder,M,16,C,BROWN,S,SE,Y
7814,826.75,N,Elder,F,14,B,INDIGO,N,NE,Y
7815,1178.43,N,Elder,M,16,B,INDIGO,M,ME,N
7816,235.21,N,Elder,M,13,A,INDIGO,N,NE,N
7817,819.12,N,Elder,M,19,B,MAGENTA,S,SW,N
7818,879.6,N,Elder,F,12,C,BROWN,N,NE,Y
7819,716.85,N,Elder,M,22,A,INDIGO,M,ME,N
7820,1140.69,Y,Elder,M,18,A,BROWN,N,NE,Y
7821,1046.75,N,Elder,F,18,C,BROWN,M,ME,N
7822,526.7,N,Elder,M,18,A,INDIGO,S,SW,Y
7823,945.04,N,Elder,M,18,B,INDIGO,M,ME,Y
7824,1171.88,N,Elder,M,19,C,BROWN,S,SW,Y
7825,488.63,N,Elder,M,18,A,INDIGO,S,SE,N
7826,1132.22,N,Elder,F,13,B,INDIGO,N,NW,Y
7827,632.14,N,Elder,F,10,B,BROWN,N,NE,Y
7828,287,N,Elder,M,13,A,INDIGO,M,MW,N
7829,408.94,N,Elder,M,16,A,MAGENTA,S,SE,Y
7830,1343.9,N,Elder,M,17,D,INDIGO,M,ME,Y
7831,1253.22,Y,Elder,M,16,D,BROWN,M,ME,Y
7832,559.51,Y,Elder,F,19,A,BROWN,S,SW,Y
7833,665.82,N,Elder,F,15,B,MAGENTA,M,MW,N
7834,743.14,N,Elder,F,15,B,BROWN,M,ME,Y
7835,741.61,N,Elder,M,15,B,BROWN,N,NW,Y
7836,440.18,Y,Elder,F,12,B,BROWN,M,MW,Y
7837,722.37,N,Elder,F,15,B,MAGENTA,N,NE,N
7838,325.95,N,Elder,F,15,A,INDIGO,S,SE,N
7839,478.75,Y,Elder,F,12,B,INDIGO,M,MW,Y
7840,254.44,N,Elder,M,13,A,INDIGO,M,MW,Y
7841,382.32,N,Elder,M,14,A,INDIGO,M,MW,Y
7842,1980.77,N,Elder,F,14,A,INDIGO,M,MW,Y
7843,758.05,N,Young,M,12,C,INDIGO,M,MW,Y
7844,1114.43,N,Elder,M,19,B,MAGENTA,N,NW,N
7845,992.73,N,Elder,M,15,C,INDIGO,N,NE,N
7846,902.98,N,Elder,M,20,B,INDIGO,N,NE,Y
7847,621.15,N,Elder,F,15,B,INDIGO,S,SE,Y
7848,914.23,N,Elder,F,13,C,BROWN,N,NW,Y
7849,766.34,N,Elder,F,18,B,BROWN,M,MW,Y
7850,1164.39,N,Elder,F,19,C,INDIGO,N,NW,Y
7851,930.24,N,Elder,F,16,C,INDIGO,N,NE,N
7852,630.49,N,Elder,M,19,A,INDIGO,N,NW,N
7853,574.95,Y,Elder,M,11,B,INDIGO,M,ME,Y
7854,1055.6,N,Young,F,14,C,BROWN,N,NE,Y
7855,903.35,N,Elder,M,20,B,INDIGO,S,SW,N
7856,950.99,N,Elder,M,18,B,BROWN,M,ME,N
7857,552.95,N,Elder,M,16,A,MAGENTA,N,NW,N
7858,639.27,N,Elder,F,15,B,INDIGO,S,SW,N
7859,254.41,Y,Elder,M,13,A,INDIGO,M,MW,Y
7860,635.58,Y,Elder,F,17,A,BROWN,S,SE,Y
7861,910.42,N,Elder,F,17,B,PURPLE,M,ME,N
7862,1048.08,N,Elder,F,17,C,PURPLE,N,NW,N
7863,884.65,N,Elder,M,19,B,INDIGO,S,SE,Y
7864,627.06,N,Elder,F,15,B,BROWN,S,SW,Y
7865,1295.13,N,Elder,M,17,B,BROWN,N,NE,N
7866,1751.48,N,Elder,M,18,B,PURPLE,S,SW,N
7867,919.08,N,Elder,M,17,B,BROWN,N,NW,Y
7868,643.65,N,Elder,F,19,A,INDIGO,N,NE,Y
7869,616.2,Y,Young,F,14,B,BROWN,M,ME,Y
7870,863.05,Y,Elder,M,16,B,BROWN,S,SE,Y
7871,591.09,Y,Elder,M,17,A,BROWN,S,SW,Y
7872,427.99,N,Elder,F,15,A,INDIGO,N,NE,N
7873,1327.37,N,Elder,F,15,B,MAGENTA,N,NE,Y
7874,499.89,N,Elder,F,18,A,BROWN,N,NE,N
7875,1110.3,N,Elder,M,20,B,INDIGO,N,NW,N
7876,2618.04,Y,Elder,M,23,D,BROWN,N,NW,Y
7877,1025.25,Y,Elder,M,16,C,BROWN,S,SE,Y
7878,905.33,N,Young,F,16,B,MAGENTA,N,NW,N
7879,629.37,N,Elder,F,15,B,MAGENTA,S,SE,N
7880,403.59,N,Elder,F,16,A,INDIGO,N,NE,N
7881,719.8,Y,Elder,M,17,B,BROWN,N,NE,Y
7882,331.76,N,Elder,M,14,A,BROWN,N,NW,Y
7883,660.39,N,Young,F,15,B,BROWN,N,NW,Y
7884,1033.32,N,Elder,M,17,B,BROWN,N,NE,Y
7885,1133.88,N,Elder,M,18,C,MAGENTA,S,SW,Y
7886,773.64,N,Elder,M,16,B,BROWN,M,ME,Y
7887,881.66,N,Young,M,20,B,INDIGO,M,ME,N
7888,772.99,N,Young,M,13,C,PURPLE,N,NW,N
7889,1058.8,Y,Young,M,17,C,BROWN,M,ME,Y
7890,878.56,N,Elder,F,17,B,BROWN,N,NW,N
7891,665.51,N,Elder,F,15,B,INDIGO,N,NE,N
7892,1524.87,Y,Elder,F,19,C,BROWN,N,NE,Y
7893,1453.27,N,Elder,F,17,C,BROWN,S,SE,Y
7894,1256.65,N,Elder,F,14,A,PURPLE,S,SW,N
7895,605.84,N,Elder,M,15,B,BROWN,M,ME,Y
7896,1052.74,Y,Young,M,13,A,BROWN,M,MW,Y
7897,1015.49,N,Elder,M,20,B,MAGENTA,M,MW,N
7898,950.32,N,Elder,F,16,C,BROWN,N,NW,N
7899,781.63,Y,Young,M,11,C,INDIGO,M,ME,Y
7900,1360.97,N,Young,M,19,C,BROWN,S,SE,Y
7901,662.98,N,Elder,F,16,B,INDIGO,M,ME,Y
7902,652.99,N,Elder,M,21,A,INDIGO,M,ME,Y
7903,1363.95,N,Elder,F,17,D,BROWN,N,NW,Y
7904,625.86,N,Elder,M,15,B,INDIGO,N,NE,N
7905,1265.72,N,Elder,F,17,B,BROWN,M,ME,Y
7906,774.19,N,Elder,M,15,B,BROWN,M,ME,Y
7907,651.58,N,Elder,M,14,B,MAGENTA,S,SE,N
7908,625.22,N,Elder,M,15,A,BROWN,N,NE,Y
7909,459.08,N,Elder,F,15,A,BROWN,M,MW,Y
7910,771.15,N,Elder,M,13,C,INDIGO,M,MW,Y
7911,468.17,N,Elder,F,17,A,PURPLE,M,MW,N
7912,554.05,Y,Elder,F,14,B,BROWN,M,ME,Y
7913,433.36,N,Elder,M,15,A,BROWN,M,MW,Y
7914,496.2,N,Elder,F,13,B,BROWN,N,NE,Y
7915,953.04,N,Elder,M,16,C,INDIGO,M,ME,N
7916,362.3,N,Elder,M,15,A,INDIGO,N,NE,Y
7917,1095.59,N,Elder,M,15,C,BROWN,N,NE,Y
7918,1287.64,Y,Young,M,13,C,BROWN,M,MW,Y
7919,992.41,N,Elder,F,17,C,PURPLE,N,NE,N
7920,540.38,N,Elder,M,18,A,INDIGO,N,NW,N
7921,742.19,N,Elder,M,16,B,MAGENTA,M,ME,N
7922,799.44,N,Elder,M,18,B,BROWN,N,NW,Y
7923,804.47,N,Elder,F,15,B,INDIGO,M,MW,N
7924,494.58,Y,Elder,F,13,B,INDIGO,N,NE,Y
7925,975,N,Elder,F,11,D,BROWN,M,ME,Y
7926,981.33,N,Young,F,12,B,INDIGO,M,MW,Y
7927,936.37,N,Elder,F,11,A,INDIGO,N,NE,N
7928,506.76,N,Elder,F,13,B,INDIGO,M,MW,Y
7929,360.47,Y,Elder,F,14,A,MAGENTA,M,MW,Y
7930,545.09,N,Elder,F,18,A,INDIGO,M,ME,Y
7931,679.16,Y,Young,F,14,B,MAGENTA,N,NE,N
7932,446.73,N,Elder,F,12,B,MAGENTA,M,ME,N
7933,339.36,N,Elder,M,15,A,BROWN,N,NW,Y
7934,472.68,N,Elder,M,17,A,INDIGO,M,MW,N
7935,543.44,N,Elder,F,19,A,INDIGO,S,SE,N
7936,506.45,N,Young,F,11,B,BROWN,S,SW,Y
7937,1401.35,N,Elder,F,11,C,INDIGO,N,NE,Y
7938,773.36,N,Elder,M,18,B,INDIGO,M,MW,N
7939,1268.71,Y,Elder,M,15,D,MAGENTA,N,NE,Y
7940,981.68,N,Elder,M,21,B,INDIGO,N,NW,N
7941,508.91,N,Elder,F,15,A,BROWN,N,NW,N
7942,640.26,N,Elder,M,12,B,INDIGO,N,NW,Y
7943,287.12,N,Elder,M,14,A,MAGENTA,S,SE,N
7944,636.03,N,Young,M,15,B,PURPLE,N,NE,N
7945,493.99,N,Elder,F,11,B,BROWN,S,SW,Y
7946,1340.9,N,Elder,M,17,C,MAGENTA,M,ME,Y
7947,235.86,N,Elder,M,13,A,PURPLE,M,MW,N
7948,867.33,N,Elder,M,14,C,BROWN,S,SW,Y
7949,942.07,N,Elder,M,14,C,BROWN,N,NE,Y
7950,1103.32,Y,Elder,M,18,C,INDIGO,N,NW,Y
7951,762.56,N,Elder,M,14,B,MAGENTA,N,NE,N
7952,1159.44,N,Elder,F,15,D,INDIGO,S,SW,N
7953,675.57,N,Elder,M,15,B,MAGENTA,M,MW,N
7954,718.73,N,Elder,M,15,B,PURPLE,M,ME,N
7955,1010.44,N,Elder,M,22,B,BROWN,S,SW,Y
7956,657.78,N,Elder,M,16,A,INDIGO,N,NE,Y
7957,768.53,N,Elder,F,17,B,MAGENTA,M,ME,N
7958,814.59,Y,Elder,F,12,C,INDIGO,M,MW,Y
7959,654.65,N,Elder,F,15,B,BROWN,N,NW,N
7960,1217.01,N,Elder,F,21,C,BROWN,N,NE,Y
7961,1316.05,N,Elder,M,18,D,MAGENTA,S,SE,Y
7962,1251.47,N,Elder,M,19,C,BROWN,M,ME,Y
7963,494.64,N,Young,M,17,A,BROWN,N,NE,Y
7964,448.29,N,Elder,F,16,A,INDIGO,N,NW,Y
7965,1109.21,Y,Elder,M,15,C,BROWN,N,NW,Y
7966,397.9,N,Elder,M,15,A,BROWN,M,ME,Y
7967,596.49,N,Elder,F,14,B,INDIGO,N,NW,N
7968,1008.75,N,Elder,F,14,B,BROWN,S,SE,N
7969,358.4,N,Elder,M,15,A,PURPLE,M,ME,N
7970,930.24,N,Elder,F,12,C,BROWN,N,NW,Y
7971,520.23,N,Elder,M,18,A,MAGENTA,S,SE,N
7972,1060.44,N,Elder,M,18,C,INDIGO,N,NW,N
7973,599.21,N,Elder,M,13,B,MAGENTA,S,SW,N
7974,1061.77,N,Elder,M,20,B,BROWN,S,SE,Y
7975,875.01,N,Elder,M,17,A,BROWN,N,NE,Y
7976,649.64,N,Elder,M,15,B,BROWN,S,SW,Y
7977,613.65,N,Young,M,15,B,INDIGO,S,SW,N
7978,731.59,N,Elder,F,13,B,BROWN,N,NE,Y
7979,794.07,N,Elder,F,15,B,INDIGO,N,NE,Y
7980,957.03,Y,Elder,M,16,C,BROWN,S,SE,Y
7981,654.4,Y,Elder,M,15,A,INDIGO,N,NW,Y
7982,1151.81,N,Elder,M,15,C,BROWN,N,NE,Y
7983,913.32,Y,Elder,F,20,B,BROWN,N,NW,Y
7984,324.27,N,Elder,M,13,A,BROWN,M,MW,Y
7985,754.85,Y,Elder,F,12,C,INDIGO,N,NW,Y
7986,730.51,N,Elder,M,17,B,MAGENTA,N,NE,N
7987,409.44,N,Elder,F,14,A,BROWN,N,NE,N
7988,669.01,Y,Young,F,10,B,BROWN,M,MW,Y
7989,891.2,N,Elder,F,18,B,INDIGO,S,SW,Y
7990,301.29,N,Young,M,14,A,MAGENTA,N,NE,Y
7991,1436.94,N,Elder,F,17,C,MAGENTA,N,NW,N
7992,1426.83,N,Elder,F,17,C,BROWN,N,NW,Y
7993,437.72,N,Elder,F,15,A,INDIGO,M,ME,N
7994,849.53,N,Elder,M,18,B,BROWN,N,NW,Y
7995,682.22,N,Elder,F,16,B,BROWN,S,SW,Y
7996,1143.99,N,Elder,M,18,C,MAGENTA,M,MW,N
7997,930.51,N,Elder,M,18,B,BROWN,N,NE,Y
7998,1042.49,N,Elder,M,14,C,BROWN,S,SW,Y
7999,2057.15,N,Elder,F,18,D,INDIGO,N,NE,N
8000,859.22,Y,Young,M,13,C,BROWN,M,MW,N
8001,553.02,Y,Young,F,13,B,BROWN,M,MW,Y
8002,250.56,N,Elder,F,12,A,MAGENTA,S,SE,N
8003,869.54,Y,Elder,M,17,B,INDIGO,M,ME,Y
8004,509.4,N,Elder,F,18,A,BROWN,M,MW,Y
8005,599.39,N,Elder,F,13,B,INDIGO,M,ME,Y
8006,1410.12,Y,Elder,F,13,D,MAGENTA,S,SW,Y
8007,323.52,Y,Elder,M,14,A,BROWN,M,ME,N
8008,564.34,N,Elder,M,17,A,BROWN,N,NW,N
8009,1128.19,N,Elder,F,12,D,BROWN,M,ME,N
8010,583.69,N,Elder,M,16,A,MAGENTA,N,NE,Y
8011,259.04,Y,Young,F,12,A,INDIGO,M,ME,Y
8012,708.38,N,Elder,F,16,B,INDIGO,N,NE,N
8013,1270.96,N,Elder,M,20,B,BROWN,M,MW,N
8014,756.94,N,Elder,M,17,B,MAGENTA,S,SW,N
8015,305.74,N,Elder,F,13,A,BROWN,N,NW,Y
8016,1419.12,N,Elder,F,20,C,MAGENTA,S,SE,Y
8017,551.83,N,Elder,M,15,A,BROWN,S,SW,N
8018,68.5,Y,Young,F,9,A,PURPLE,N,NE,N
8019,401.48,N,Elder,M,16,A,BROWN,N,NW,Y
8020,270.83,N,Elder,M,14,A,MAGENTA,N,NE,Y
8021,257.28,N,Young,F,13,A,BROWN,N,NW,N
8022,392.75,N,Elder,M,16,A,INDIGO,M,MW,N
8023,488.34,N,Elder,M,17,A,BROWN,N,NE,Y
8024,564.67,N,Elder,M,15,A,BROWN,N,NW,Y
8025,1369.36,N,Elder,M,19,C,BROWN,N,NE,Y
8026,857.77,N,Elder,M,19,B,INDIGO,N,NW,N
8027,477.61,N,Young,F,15,A,BROWN,N,NE,Y
8028,860.78,N,Elder,F,17,B,BROWN,N,NW,N
8029,940.06,N,Elder,M,20,A,PURPLE,M,ME,N
8030,360.47,N,Elder,M,15,A,BROWN,M,MW,Y
8031,392.48,N,Elder,M,15,A,BROWN,S,SW,Y
8032,827.08,N,Elder,F,17,B,PURPLE,N,NE,N
8033,791.2,N,Elder,M,13,C,MAGENTA,N,NE,Y
8034,1003.97,N,Elder,M,17,B,MAGENTA,N,NE,Y
8035,725.95,N,Elder,F,16,B,INDIGO,S,SE,N
8036,838.85,N,Elder,F,19,B,BROWN,N,NW,Y
8037,503.72,N,Elder,F,13,B,BROWN,S,SW,Y
8038,429.92,N,Young,M,15,A,BROWN,M,MW,N
8039,825.95,N,Elder,F,14,C,INDIGO,N,NE,N
8040,758.6,N,Elder,F,16,B,INDIGO,S,SE,N
8041,460.64,N,Elder,F,11,B,PURPLE,N,NW,N
8042,704.83,N,Elder,M,16,B,BROWN,N,NE,Y
8043,285.5,N,Young,F,14,A,BROWN,N,NE,Y
8044,1831.95,N,Elder,F,18,D,MAGENTA,M,MW,N
8045,1105.1,N,Young,F,17,C,PURPLE,N,NW,N
8046,998.61,Y,Elder,F,16,C,MAGENTA,M,MW,Y
8047,395.76,N,Elder,F,16,A,BROWN,S,SE,Y
8048,632.82,N,Elder,M,15,B,INDIGO,M,ME,N
8049,1402.28,Y,Young,F,17,D,BROWN,S,SE,N
8050,772.72,N,Elder,M,17,B,INDIGO,S,SW,Y
8051,1290.38,Y,Elder,M,13,D,MAGENTA,M,ME,Y
8052,436.41,N,Elder,M,14,A,MAGENTA,S,SW,N
8053,738.72,N,Elder,M,18,A,INDIGO,M,ME,N
8054,1086.06,N,Elder,M,18,C,MAGENTA,M,MW,Y
8055,286.8,N,Elder,F,13,A,BROWN,N,NE,Y
8056,1102.71,N,Elder,M,18,C,MAGENTA,N,NE,N
8057,651.96,N,Elder,F,17,A,INDIGO,M,ME,Y
8058,664.08,N,Elder,M,16,B,BROWN,S,SW,Y
8059,608.03,N,Elder,M,17,A,PURPLE,M,MW,N
8060,1019.55,N,Elder,M,17,C,MAGENTA,S,SW,N
8061,802.18,N,Elder,M,15,A,BROWN,M,MW,Y
8062,928.98,N,Elder,F,14,C,BROWN,S,SW,Y
8063,693.68,Y,Elder,M,16,B,BROWN,M,ME,Y
8064,626.78,N,Elder,M,15,B,BROWN,M,MW,Y
8065,1165.97,N,Young,M,19,C,BROWN,N,NE,Y
8066,430.27,N,Elder,M,16,A,PURPLE,M,MW,N
8067,1056.75,Y,Elder,M,18,C,BROWN,M,MW,Y
8068,879.99,N,Elder,M,20,B,BROWN,M,MW,Y
8069,1019.47,N,Elder,F,14,C,BROWN,N,NE,Y
8070,546.64,Y,Young,M,15,A,BROWN,S,SW,N
8071,798.45,N,Elder,M,17,B,MAGENTA,N,NE,Y
8072,833.77,N,Elder,M,16,B,BROWN,N,NW,Y
8073,836.64,N,Elder,F,18,B,BROWN,N,NE,Y
8074,805.86,N,Elder,F,18,B,MAGENTA,M,ME,N
8075,518.49,N,Elder,M,16,A,MAGENTA,S,SW,Y
8076,1022.16,N,Elder,M,17,C,INDIGO,M,ME,N
8077,567.17,N,Elder,M,19,A,BROWN,N,NE,N
8078,121.13,N,Elder,M,11,A,INDIGO,M,MW,Y
8079,552.77,N,Elder,F,14,B,BROWN,S,SW,Y
8080,928.82,N,Elder,F,17,A,MAGENTA,N,NW,N
8081,931.46,N,Elder,F,16,C,BROWN,S,SW,Y
8082,969.52,Y,Elder,F,21,A,INDIGO,M,MW,Y
8083,421.98,N,Elder,F,13,A,INDIGO,M,ME,Y
8084,946.43,N,Elder,F,15,B,BROWN,N,NW,Y
8085,875.29,N,Elder,M,18,B,BROWN,M,MW,Y
8086,1152.13,N,Elder,F,12,A,BROWN,S,SW,N
8087,684.47,N,Elder,F,12,A,MAGENTA,M,MW,N
8088,922.68,Y,Elder,M,15,C,INDIGO,M,MW,Y
8089,795.68,N,Elder,F,16,B,BROWN,N,NE,Y
8090,620.38,N,Elder,F,12,A,MAGENTA,N,NE,Y
8091,558.83,N,Elder,F,13,B,INDIGO,N,NE,N
8092,758.17,N,Elder,M,15,B,MAGENTA,M,MW,Y
8093,1331.36,N,Elder,M,18,B,INDIGO,S,SW,Y
8094,1272.06,N,Elder,M,17,C,INDIGO,M,ME,N
8095,1109.16,N,Elder,M,19,C,MAGENTA,N,NW,N
8096,258.79,Y,Elder,F,13,A,INDIGO,S,SE,Y
8097,668.63,N,Elder,M,16,B,INDIGO,N,NW,N
8098,839.53,N,Elder,F,15,B,MAGENTA,S,SE,N
8099,1167.97,N,Elder,F,16,C,BROWN,N,NW,Y
8100,579.19,N,Elder,F,17,A,MAGENTA,M,MW,Y
8101,709.96,N,Elder,M,19,A,INDIGO,M,ME,Y
8102,886.62,Y,Young,M,14,B,INDIGO,N,NW,Y
8103,1075.05,N,Elder,M,21,B,BROWN,M,ME,Y
8104,777.49,N,Elder,F,15,B,BROWN,M,MW,Y
8105,817.73,N,Elder,F,12,B,BROWN,S,SW,N
8106,472.07,N,Elder,M,12,A,INDIGO,M,ME,Y
8107,1253.22,N,Elder,M,21,C,BROWN,M,MW,Y
8108,602.04,N,Elder,F,17,A,MAGENTA,S,SW,Y
8109,604.22,N,Elder,M,18,A,INDIGO,M,MW,Y
8110,577.52,Y,Elder,M,14,B,MAGENTA,N,NE,Y
8111,1998.12,N,Young,M,15,C,BROWN,N,NW,Y
8112,1293.15,N,Elder,M,20,C,MAGENTA,N,NE,Y
8113,736.3,N,Elder,F,19,A,BROWN,S,SW,Y
8114,752.45,N,Elder,M,17,B,BROWN,N,NW,N
8115,860.62,N,Elder,M,19,B,MAGENTA,M,ME,N
8116,788.98,N,Elder,F,9,C,BROWN,S,SW,Y
8117,509.32,N,Elder,M,12,B,BROWN,M,ME,Y
8118,1243.72,N,Elder,M,13,B,BROWN,N,NW,N
8119,1284.14,N,Elder,M,17,C,BROWN,M,MW,Y
8120,838.69,N,Elder,F,14,C,BROWN,N,NE,Y
8121,958.84,N,Elder,M,19,B,PURPLE,N,NW,N
8122,636.78,N,Elder,M,15,B,PURPLE,S,SE,N
8123,908.77,N,Elder,F,15,C,INDIGO,N,NW,N
8124,713.69,N,Elder,M,19,A,INDIGO,N,NE,Y
8125,819.21,N,Elder,M,16,B,PURPLE,M,ME,N
8126,783.33,N,Young,M,17,B,BROWN,M,MW,N
8127,642.9,Y,Elder,M,15,B,BROWN,M,MW,Y
8128,990.81,N,Elder,M,24,A,INDIGO,N,NE,Y
8129,1114.73,N,Elder,M,20,B,INDIGO,S,SE,Y
8130,1506.59,N,Elder,M,19,D,BROWN,M,ME,Y
8131,371.11,N,Elder,F,9,B,INDIGO,M,ME,Y
8132,648.52,N,Elder,F,15,B,INDIGO,S,SW,Y
8133,1204.99,N,Elder,M,18,C,MAGENTA,M,MW,N
8134,389.96,N,Elder,M,16,A,INDIGO,N,NW,Y
8135,1038.02,N,Elder,F,21,B,BROWN,S,SE,Y
8136,1293.17,N,Elder,M,21,B,BROWN,M,MW,N
8137,624.53,N,Elder,M,15,B,BROWN,M,MW,Y
8138,358.98,N,Young,F,9,B,INDIGO,S,SE,N
8139,715.57,N,Elder,M,17,B,INDIGO,M,ME,Y
8140,947.1,N,Elder,M,15,C,BROWN,N,NE,Y
8141,505.16,N,Elder,F,13,B,INDIGO,S,SW,N
8142,881.47,N,Elder,M,18,B,INDIGO,M,ME,N
8143,1300.42,Y,Elder,M,17,B,INDIGO,N,NW,Y
8144,541.17,N,Young,F,15,A,INDIGO,S,SW,N
8145,504.8,N,Elder,F,18,A,INDIGO,M,ME,Y
8146,881.13,N,Elder,M,19,B,INDIGO,S,SW,N
8147,484.2,N,Elder,M,16,A,BROWN,S,SW,Y
8148,842.3,N,Elder,M,12,C,INDIGO,M,MW,N
8149,906.7,N,Elder,M,15,B,PURPLE,M,ME,N
8150,622.25,Y,Elder,F,15,B,BROWN,M,MW,Y
8151,1043.02,Y,Elder,M,18,C,MAGENTA,S,SE,N
8152,684.39,N,Elder,M,16,B,MAGENTA,M,MW,N
8153,617.93,N,Elder,F,20,A,MAGENTA,N,NE,Y
8154,808.63,N,Elder,M,18,B,INDIGO,M,MW,N
8155,1226.92,N,Elder,M,22,A,INDIGO,N,NW,Y
8156,501.77,N,Young,M,12,B,INDIGO,S,SE,N
8157,867.73,N,Elder,M,18,B,BROWN,M,MW,Y
8158,1426.73,N,Elder,F,17,C,INDIGO,N,NW,Y
8159,1680.12,N,Elder,M,16,D,BROWN,N,NW,N
8160,545.87,N,Young,M,12,A,MAGENTA,S,SW,N
8161,825.24,N,Elder,F,18,B,BROWN,S,SE,Y
8162,1015.74,N,Elder,F,17,C,INDIGO,M,MW,N
8163,326.97,N,Elder,F,13,A,INDIGO,N,NE,Y
8164,800.89,N,Elder,F,18,B,INDIGO,N,NE,N
8165,826.91,N,Elder,M,14,C,INDIGO,M,MW,Y
8166,632.41,N,Elder,F,18,A,INDIGO,N,NE,N
8167,997.03,N,Elder,F,15,A,INDIGO,N,NE,N
8168,1006.73,N,Elder,M,17,C,INDIGO,M,MW,Y
8169,656.54,N,Elder,M,18,A,INDIGO,N,NW,N
8170,314.39,N,Elder,M,14,A,PURPLE,S,SE,N
8171,1089.14,N,Elder,M,17,B,MAGENTA,M,MW,Y
8172,1156.61,Y,Elder,F,14,D,INDIGO,M,ME,Y
8173,1249.47,N,Elder,M,16,B,INDIGO,S,SW,N
8174,998.05,N,Elder,F,17,B,BROWN,S,SW,Y
8175,765.01,N,Elder,M,17,A,BROWN,M,ME,Y
8176,697.73,N,Elder,M,16,A,INDIGO,N,NE,Y
8177,547.5,N,Elder,F,17,A,INDIGO,N,NW,N
8178,1098.68,N,Elder,M,17,B,MAGENTA,N,NE,N
8179,562.97,N,Elder,M,14,B,BROWN,N,NE,Y
8180,391.04,N,Elder,F,15,A,BROWN,M,MW,Y
8181,1198.41,N,Elder,M,14,C,BROWN,N,NE,Y
8182,647.32,N,Young,M,10,C,BROWN,S,SW,Y
8183,599.77,N,Elder,M,15,B,INDIGO,N,NW,N
8184,568.91,N,Elder,F,17,A,INDIGO,S,SE,N
8185,431.38,N,Elder,F,16,A,PURPLE,N,NW,N
8186,628.85,N,Elder,M,14,A,BROWN,M,ME,Y
8187,902.73,N,Elder,F,15,C,BROWN,N,NW,N
8188,763.83,N,Elder,M,16,B,MAGENTA,M,MW,Y
8189,773.26,N,Elder,M,17,B,BROWN,N,NE,Y
8190,1017.66,N,Elder,M,17,C,BROWN,N,NE,Y
8191,723.21,Y,Elder,M,22,A,INDIGO,S,SW,N
8192,866.01,N,Elder,F,18,B,INDIGO,M,MW,Y
8193,949.25,N,Elder,F,19,A,MAGENTA,M,ME,N
8194,534.66,N,Elder,F,16,A,BROWN,M,MW,Y
8195,1137.74,N,Elder,M,18,C,BROWN,S,SW,N
8196,689.86,N,Elder,M,15,B,BROWN,M,ME,N
8197,435.04,N,Elder,M,17,A,PURPLE,N,NW,N
8198,727.6,N,Elder,M,17,B,BROWN,N,NW,Y
8199,539.04,N,Elder,F,18,A,MAGENTA,N,NE,N
8200,585.07,N,Elder,F,14,B,MAGENTA,M,MW,N
8201,1210.54,N,Elder,F,20,B,BROWN,M,ME,Y
8202,964.9,N,Elder,F,14,C,INDIGO,S,SE,Y
8203,1625.62,N,Elder,M,15,C,INDIGO,N,NE,N
8204,1025.91,Y,Elder,F,13,B,INDIGO,M,MW,Y
8205,953.58,N,Elder,M,12,B,BROWN,N,NW,N
8206,791.56,N,Elder,M,15,B,BROWN,S,SE,Y
8207,1245.41,N,Elder,M,21,C,BROWN,M,ME,Y
8208,564.52,N,Elder,M,19,A,INDIGO,N,NE,Y
8209,967.37,N,Elder,F,14,C,BROWN,S,SE,N
8210,811.43,N,Elder,M,17,B,BROWN,M,ME,Y
8211,763.74,N,Elder,F,15,B,BROWN,S,SW,Y
8212,929.63,N,Elder,M,21,A,BROWN,M,ME,Y
8213,772.52,N,Elder,F,18,B,INDIGO,N,NW,N
8214,1235.4,N,Elder,M,15,C,INDIGO,M,ME,Y
8215,745.13,N,Elder,M,13,B,BROWN,M,MW,Y
8216,810.87,N,Elder,M,18,B,INDIGO,M,MW,N
8217,1097.91,N,Elder,M,17,C,BROWN,M,ME,N
8218,545.22,N,Elder,M,13,B,MAGENTA,M,MW,N
8219,478.65,N,Elder,F,16,A,BROWN,N,NE,N
8220,891.96,N,Elder,F,15,C,BROWN,M,ME,Y
8221,271.77,N,Elder,M,14,A,MAGENTA,N,NW,N
8222,983.87,N,Elder,F,16,C,INDIGO,N,NE,Y
8223,762.77,N,Elder,M,17,A,BROWN,N,NW,N
8224,715.66,N,Elder,M,17,A,MAGENTA,M,ME,N
8225,329.15,N,Elder,F,15,A,PURPLE,S,SE,N
8226,597.25,N,Elder,F,13,B,BROWN,M,ME,Y
8227,673.61,N,Elder,F,17,A,BROWN,M,MW,Y
8228,1035.52,N,Young,M,13,C,BROWN,S,SE,Y
8229,1206,N,Elder,F,16,C,INDIGO,N,NE,N
8230,457.84,N,Elder,F,12,B,MAGENTA,N,NE,N
8231,556.73,N,Elder,F,14,B,BROWN,N,NW,Y
8232,2547.23,N,Elder,M,14,B,MAGENTA,M,ME,Y
8233,498.06,N,Elder,M,13,B,MAGENTA,N,NE,Y
8234,774.67,N,Elder,F,13,B,INDIGO,M,MW,N
8235,1115.21,N,Elder,M,19,B,INDIGO,N,NE,N
8236,852.09,N,Young,M,14,C,MAGENTA,M,ME,N
8237,1056.25,Y,Elder,M,13,D,BROWN,N,NW,Y
8238,1178.62,N,Elder,M,14,D,MAGENTA,S,SE,N
8239,1281.98,N,Elder,M,18,C,INDIGO,S,SE,N
8240,810.05,Y,Young,M,18,B,INDIGO,M,ME,N
8241,629.38,N,Elder,M,14,B,INDIGO,N,NE,N
8242,746.17,N,Elder,M,17,B,BROWN,S,SW,Y
8243,1384.24,N,Young,M,19,C,BROWN,M,MW,Y
8244,657.7,N,Elder,M,13,A,BROWN,S,SW,Y
8245,1289.13,Y,Elder,M,17,D,BROWN,M,MW,Y
8246,443.42,N,Elder,M,17,A,INDIGO,S,SW,N
8247,239.13,N,Young,F,13,A,MAGENTA,N,NE,N
8248,515.66,Y,Elder,F,14,A,BROWN,M,MW,Y
8249,576.5,N,Elder,M,17,A,INDIGO,M,MW,N
8250,677.02,N,Elder,M,16,B,MAGENTA,M,MW,N
8251,1349.85,N,Elder,M,16,C,INDIGO,N,NE,Y
8252,920.46,Y,Elder,M,16,C,BROWN,S,SW,Y
8253,593.7,N,Elder,F,12,B,MAGENTA,N,NE,N
8254,718.82,N,Elder,M,14,B,INDIGO,N,NE,N
8255,1237.32,N,Elder,F,20,C,BROWN,N,NW,Y
8256,778.42,N,Elder,F,16,B,BROWN,S,SE,Y
8257,1365.72,N,Elder,M,23,C,BROWN,M,MW,Y
8258,953.33,N,Elder,M,21,B,BROWN,S,SW,Y
8259,687.87,N,Elder,F,13,B,INDIGO,N,NE,Y
8260,1465.81,Y,Elder,M,19,D,BROWN,N,NW,Y
8261,733.87,N,Elder,F,13,B,INDIGO,S,SW,Y
8262,1030.17,N,Young,M,16,C,INDIGO,S,SE,N
8263,747.08,N,Elder,F,17,B,INDIGO,N,NE,Y
8264,798.42,N,Elder,M,17,B,BROWN,N,NW,Y
8265,1008.9,N,Elder,M,22,B,MAGENTA,M,ME,Y
8266,866.39,N,Elder,M,16,B,BROWN,M,ME,N
8267,907.48,N,Elder,F,20,B,BROWN,S,SW,Y
8268,1372.82,N,Elder,M,18,D,INDIGO,N,NW,N
8269,891.03,N,Elder,M,19,B,BROWN,N,NW,Y
8270,360.46,N,Elder,M,15,A,MAGENTA,M,MW,N
8271,716.12,Y,Elder,M,17,B,INDIGO,S,SW,Y
8272,1330.5,N,Elder,M,20,C,INDIGO,N,NE,N
8273,255,N,Elder,M,12,A,INDIGO,N,NE,Y
8274,780.87,N,Elder,M,18,B,MAGENTA,N,NE,N
8275,1284.25,N,Elder,M,20,C,BROWN,S,SE,Y
8276,588.16,N,Young,F,14,B,INDIGO,N,NW,N
8277,699.69,N,Elder,F,15,B,INDIGO,S,SW,N
8278,729.94,N,Elder,F,17,B,BROWN,N,NW,Y
8279,1602.44,N,Elder,M,17,D,INDIGO,S,SW,Y
8280,984.56,N,Elder,M,15,C,MAGENTA,S,SE,N
8281,556.48,N,Elder,M,19,A,BROWN,N,NE,Y
8282,689.6,Y,Elder,F,16,B,BROWN,N,NE,Y
8283,933.37,N,Elder,M,20,A,INDIGO,N,NW,Y
8284,1203.17,N,Elder,M,15,D,INDIGO,S,SW,N
8285,769.61,Y,Young,M,13,B,BROWN,S,SW,Y
8286,637.67,N,Elder,M,15,B,BROWN,N,NW,N
8287,1154.76,N,Elder,M,20,C,INDIGO,M,MW,Y
8288,453.39,N,Elder,M,17,A,MAGENTA,N,NW,Y
8289,512.53,N,Elder,F,18,A,BROWN,M,MW,Y
8290,1043.29,N,Elder,M,15,C,BROWN,M,MW,Y
8291,859.58,N,Elder,F,13,B,BROWN,N,NE,N
8292,375.54,N,Elder,M,15,A,MAGENTA,M,ME,N
8293,602.81,N,Elder,M,20,A,BROWN,M,ME,N
8294,505.82,N,Elder,F,18,A,BROWN,N,NW,N
8295,564.99,N,Elder,F,14,B,INDIGO,M,MW,Y
8296,519.92,N,Elder,M,17,A,BROWN,M,ME,N
8297,1078.88,N,Elder,M,18,B,BROWN,N,NW,Y
8298,980.04,Y,Elder,F,15,C,BROWN,S,SE,Y
8299,795.44,N,Elder,M,19,A,INDIGO,M,MW,Y
8300,476.74,N,Elder,F,12,B,INDIGO,M,ME,Y
8301,903.42,N,Elder,M,17,B,INDIGO,M,ME,Y
8302,1169.97,N,Elder,M,17,C,MAGENTA,M,MW,Y
8303,822.49,N,Elder,M,14,C,BROWN,M,MW,Y
8304,1763.29,N,Elder,M,16,C,MAGENTA,M,MW,Y
8305,1278.37,N,Elder,M,17,D,PURPLE,M,MW,N
8306,941.68,N,Elder,M,20,B,INDIGO,M,MW,N
8307,97.5,N,Elder,F,10,A,MAGENTA,N,NW,N
8308,411.18,N,Elder,M,16,A,BROWN,S,SW,N
8309,1024.82,Y,Young,M,17,B,BROWN,M,MW,Y
8310,577.38,N,Young,F,14,B,BROWN,N,NE,Y
8311,854.58,N,Elder,M,16,B,BROWN,S,SW,N
8312,786.41,Y,Elder,M,17,B,BROWN,S,SW,Y
8313,1443.7,N,Elder,M,19,D,BROWN,N,NW,N
8314,851.75,N,Elder,F,15,A,BROWN,M,MW,Y
8315,978.2,N,Elder,F,19,B,INDIGO,N,NE,N
8316,1067.53,Y,Elder,M,15,C,INDIGO,S,SE,Y
8317,627.86,N,Elder,M,19,A,BROWN,N,NE,N
8318,493.55,N,Elder,M,17,A,INDIGO,N,NW,N
8319,898.15,N,Elder,M,14,B,INDIGO,M,MW,Y
8320,778.45,N,Elder,F,18,B,BROWN,M,ME,Y
8321,442.44,N,Young,M,16,A,BROWN,N,NW,N
8322,599.7,N,Elder,M,18,A,INDIGO,M,MW,Y
8323,483,N,Elder,F,16,A,INDIGO,S,SW,N
8324,901.6,Y,Elder,F,14,B,MAGENTA,N,NE,N
8325,789.21,N,Elder,F,18,B,BROWN,N,NE,N
8326,668.75,N,Elder,M,16,B,BROWN,S,SW,Y
8327,498,Y,Elder,M,15,A,BROWN,S,SW,Y
8328,993.11,N,Elder,M,17,C,INDIGO,N,NW,Y
8329,992.42,Y,Elder,M,16,C,BROWN,S,SW,Y
8330,890.51,N,Elder,M,12,C,INDIGO,N,NW,N
8331,977.96,N,Elder,F,20,B,INDIGO,N,NE,Y
8332,1080.45,N,Elder,M,16,C,INDIGO,S,SW,N
8333,2082.26,N,Elder,M,18,B,PURPLE,N,NE,N
8334,847.43,N,Elder,M,18,B,INDIGO,N,NW,Y
8335,988.86,N,Elder,M,19,B,MAGENTA,N,NW,N
8336,885.84,N,Elder,F,14,C,BROWN,N,NW,Y
8337,953.77,N,Elder,F,16,C,INDIGO,M,ME,Y
8338,600.3,N,Elder,F,15,B,INDIGO,M,ME,N
8339,952.09,N,Elder,M,16,C,MAGENTA,N,NE,Y
8340,1479.39,N,Elder,M,21,D,BROWN,M,ME,Y
8341,449.22,N,Elder,M,17,A,INDIGO,S,SW,N
8342,600.61,N,Elder,M,13,B,INDIGO,N,NE,Y
8343,762.76,N,Elder,M,21,A,INDIGO,S,SE,N
8344,1000.76,N,Elder,M,19,A,BROWN,M,MW,N
8345,1250.19,N,Elder,F,20,C,INDIGO,M,MW,Y
8346,426.6,N,Elder,M,16,A,INDIGO,N,NW,Y
8347,890.86,N,Elder,M,20,B,PURPLE,M,ME,N
8348,936.34,N,Elder,M,21,B,INDIGO,N,NE,Y
8349,1104.82,N,Elder,M,19,C,INDIGO,N,NE,Y
8350,1102.6,N,Elder,F,17,C,INDIGO,M,MW,N
8351,366.61,N,Elder,M,15,A,BROWN,N,NE,N
8352,627.06,N,Elder,M,20,A,MAGENTA,S,SW,N
8353,674.59,Y,Elder,F,16,B,BROWN,M,ME,Y
8354,1267.53,N,Elder,F,17,B,PURPLE,S,SE,N
8355,984.24,N,Young,M,16,C,INDIGO,S,SW,N
8356,839.54,Y,Young,M,14,C,INDIGO,S,SW,N
8357,605.57,N,Elder,F,14,B,BROWN,S,SE,N
8358,1450.37,N,Elder,M,21,A,INDIGO,N,NW,Y
8359,1300.81,N,Elder,M,20,C,BROWN,M,ME,N
8360,384.47,Y,Elder,M,16,A,INDIGO,N,NW,Y
8361,1228.52,Y,Elder,M,21,C,BROWN,N,NW,Y
8362,987.45,N,Elder,F,13,B,MAGENTA,N,NW,Y
8363,278.97,N,Elder,M,14,A,INDIGO,M,ME,Y
8364,1063.24,N,Elder,M,17,C,BROWN,M,MW,Y
8365,1040.55,N,Elder,M,21,B,BROWN,N,NE,Y
8366,1093.6,N,Elder,M,20,A,BROWN,S,SW,Y
8367,1602.55,Y,Elder,M,22,D,BROWN,S,SW,Y
8368,819.36,N,Elder,M,18,B,MAGENTA,N,NE,N
8369,874.84,N,Elder,F,15,C,BROWN,N,NE,Y
8370,397.81,Y,Young,M,14,A,BROWN,M,ME,Y
8371,1289.03,N,Elder,F,15,B,BROWN,N,NW,N
8372,472.18,Y,Young,F,17,A,BROWN,N,NW,Y
8373,1103.19,N,Elder,F,18,C,INDIGO,S,SE,N
8374,612.09,N,Elder,M,15,B,BROWN,N,NE,N
8375,990.29,Y,Elder,M,17,C,BROWN,N,NW,Y
8376,916.46,Y,Young,F,14,A,PURPLE,M,MW,N
8377,1070.02,N,Elder,M,18,C,INDIGO,N,NW,Y
8378,679.67,N,Elder,M,16,B,BROWN,S,SW,Y
8379,747.17,N,Elder,F,12,C,INDIGO,M,ME,N
8380,2039.48,N,Elder,F,15,C,PURPLE,M,ME,N
8381,934.22,N,Elder,M,20,B,BROWN,M,ME,Y
8382,733.37,N,Elder,F,17,B,INDIGO,N,NW,N
8383,1389.07,N,Elder,M,18,C,MAGENTA,N,NE,N
8384,651.49,N,Elder,F,15,B,MAGENTA,M,MW,N
8385,1250.66,N,Elder,F,15,C,BROWN,N,NW,Y
8386,732.14,N,Elder,F,17,B,INDIGO,S,SE,N
8387,1036.81,N,Elder,M,17,C,BROWN,S,SW,N
8388,687.17,N,Elder,M,14,B,PURPLE,N,NE,N
8389,1122.72,N,Elder,M,19,B,MAGENTA,N,NW,N
8390,682.3,N,Elder,M,17,A,INDIGO,N,NE,N
8391,697.12,N,Elder,F,13,B,BROWN,S,SE,Y
8392,736.69,N,Elder,F,16,B,BROWN,M,MW,Y
8393,874.99,N,Elder,F,12,C,INDIGO,N,NE,N
8394,797.65,N,Young,M,13,B,INDIGO,N,NW,N
8395,1072.89,N,Elder,M,20,B,INDIGO,M,ME,Y
8396,1156.85,N,Elder,F,20,C,MAGENTA,N,NW,Y
8397,747.09,N,Elder,M,17,B,BROWN,S,SW,Y
8398,680.63,N,Elder,M,16,B,PURPLE,N,NW,N
8399,1327.92,N,Elder,M,19,B,PURPLE,N,NE,N
8400,441.86,N,Elder,F,17,A,BROWN,M,MW,Y
8401,1082.51,N,Elder,M,13,B,PURPLE,M,ME,N
8402,406.53,N,Elder,M,16,A,INDIGO,N,NW,N
8403,1193.07,Y,Elder,M,17,B,INDIGO,M,MW,Y
8404,764.12,N,Elder,M,14,B,INDIGO,S,SW,N
8405,779.68,N,Elder,M,16,B,BROWN,M,ME,Y
8406,867.84,N,Elder,M,19,B,BROWN,M,MW,Y
8407,704.6,N,Elder,F,14,B,BROWN,S,SW,Y
8408,1272.26,Y,Elder,F,17,D,INDIGO,N,NW,N
8409,1155.48,N,Elder,M,19,B,BROWN,N,NE,N
8410,590.06,N,Young,M,14,B,INDIGO,N,NE,Y
8411,880.72,Y,Elder,M,15,C,BROWN,S,SE,Y
8412,1283.73,N,Elder,F,17,B,BROWN,S,SW,N
8413,875.42,N,Elder,F,18,B,BROWN,M,ME,Y
8414,1955.16,N,Elder,M,14,C,INDIGO,S,SE,N
8415,1269.58,N,Elder,M,19,C,BROWN,M,ME,N
8416,1411.03,N,Elder,M,17,A,INDIGO,M,ME,N
8417,522.06,N,Elder,M,18,A,BROWN,M,MW,N
8418,422.2,N,Young,M,11,B,BROWN,N,NE,N
8419,827.25,Y,Elder,M,19,B,BROWN,S,SE,Y
8420,816.9,N,Elder,F,17,B,MAGENTA,S,SE,N
8421,224.86,N,Young,F,11,A,MAGENTA,S,SW,Y
8422,550.04,N,Elder,F,16,A,MAGENTA,M,MW,Y
8423,730.31,N,Elder,M,17,B,BROWN,N,NE,Y
8424,1585.23,N,Elder,F,14,C,BROWN,S,SE,Y
8425,630.67,N,Elder,M,16,A,INDIGO,M,MW,Y
8426,924,N,Elder,M,19,B,INDIGO,N,NW,Y
8427,889.75,N,Elder,F,17,B,MAGENTA,S,SE,N
8428,1114.24,N,Elder,M,15,C,MAGENTA,M,MW,N
8429,674.7,Y,Elder,M,16,B,BROWN,N,NW,Y
8430,1833.86,N,Elder,M,17,B,INDIGO,M,MW,Y
8431,611.59,N,Elder,F,20,A,BROWN,S,SW,Y
8432,506.49,N,Elder,M,17,A,PURPLE,N,NW,N
8433,337.35,N,Elder,M,15,A,INDIGO,N,NW,Y
8434,1413.14,N,Elder,F,15,B,MAGENTA,N,NE,N
8435,454.92,N,Elder,F,11,A,BROWN,M,MW,Y
8436,944.92,Y,Elder,M,14,C,INDIGO,N,NW,Y
8437,708.4,N,Elder,M,17,A,BROWN,N,NE,Y
8438,789.15,N,Elder,F,14,B,BROWN,N,NE,Y
8439,917.51,N,Elder,M,15,B,PURPLE,N,NE,N
8440,523.83,N,Elder,M,13,B,INDIGO,M,ME,Y
8441,1427.18,N,Elder,F,16,D,MAGENTA,M,ME,N
8442,748.42,Y,Elder,M,17,B,MAGENTA,M,ME,Y
8443,599.89,N,Elder,M,14,B,BROWN,N,NE,Y
8444,964.29,N,Elder,F,14,A,MAGENTA,M,ME,N
8445,592.2,N,Elder,M,19,A,PURPLE,N,NE,N
8446,1031.5,N,Elder,M,17,C,BROWN,M,MW,Y
8447,505.57,N,Elder,M,14,A,MAGENTA,M,MW,N
8448,574.26,N,Elder,M,18,A,MAGENTA,N,NE,N
8449,944.8,N,Elder,F,17,B,INDIGO,N,NW,N
8450,687.17,Y,Elder,F,13,B,BROWN,M,MW,Y
8451,982.33,N,Elder,M,15,A,BROWN,M,MW,Y
8452,820.28,N,Elder,F,14,C,MAGENTA,S,SW,N
8453,1634.09,N,Elder,F,25,B,PURPLE,M,MW,N
8454,457.62,N,Elder,F,17,A,INDIGO,N,NW,Y
8455,903.86,N,Elder,M,20,B,INDIGO,M,ME,N
8456,562.13,N,Elder,M,16,A,MAGENTA,M,ME,N
8457,397.24,N,Elder,M,16,A,INDIGO,N,NW,Y
8458,1205.52,N,Elder,M,16,B,BROWN,N,NW,Y
8459,833.4,N,Young,F,15,B,INDIGO,S,SW,N
8460,1076.41,N,Elder,M,17,C,BROWN,N,NE,Y
8461,746.68,N,Elder,F,16,B,INDIGO,M,MW,N
8462,409.58,N,Elder,F,12,A,BROWN,M,ME,Y
8463,901.15,N,Young,F,15,C,MAGENTA,M,MW,N
8464,248.08,N,Young,F,13,A,PURPLE,S,SW,N
8465,760.37,N,Elder,M,16,B,BROWN,M,MW,Y
8466,914.11,N,Elder,M,20,A,BROWN,M,MW,N
8467,1004.11,N,Elder,M,17,B,INDIGO,M,ME,N
8468,670.55,N,Elder,F,16,B,BROWN,S,SW,Y
8469,222.74,N,Elder,F,13,A,BROWN,N,NW,Y
8470,589.79,Y,Elder,M,16,A,BROWN,M,ME,Y
8471,869.08,Y,Elder,M,19,B,INDIGO,S,SE,N
8472,1087.59,N,Elder,F,17,C,MAGENTA,S,SW,N
8473,684.68,N,Elder,M,16,B,MAGENTA,N,NE,N
8474,832.39,N,Elder,F,14,C,BROWN,M,MW,Y
8475,990.76,N,Elder,M,16,A,BROWN,N,NW,Y
8476,1334.77,N,Elder,M,17,C,INDIGO,N,NW,Y
8477,914.69,N,Elder,F,15,C,MAGENTA,N,NW,Y
8478,1029.31,N,Elder,M,12,D,MAGENTA,N,NW,N
8479,458.76,Y,Elder,F,16,A,MAGENTA,N,NW,Y
8480,803,N,Elder,M,18,B,INDIGO,S,SW,Y
8481,998.18,N,Elder,M,16,B,BROWN,S,SE,N
8482,1167.32,Y,Elder,F,17,C,BROWN,M,MW,Y
8483,1035.32,N,Elder,M,13,C,BROWN,M,MW,N
8484,530.19,N,Elder,F,17,A,BROWN,S,SW,N
8485,678.27,N,Elder,F,16,B,INDIGO,N,NW,Y
8486,952.61,N,Elder,M,20,B,BROWN,M,ME,Y
8487,468.27,N,Elder,M,14,A,BROWN,M,MW,Y
8488,572.62,N,Elder,F,18,A,BROWN,S,SE,Y
8489,347.56,N,Young,M,14,A,MAGENTA,N,NW,N
8490,855.25,N,Elder,F,14,A,INDIGO,N,NW,N
8491,670.04,N,Elder,M,15,B,BROWN,M,ME,Y
8492,966.61,N,Young,M,17,B,BROWN,N,NW,N
8493,584.71,N,Elder,M,14,B,MAGENTA,S,SW,N
8494,840.87,N,Elder,M,17,B,BROWN,N,NE,N
8495,907.02,N,Elder,M,15,C,MAGENTA,N,NW,Y
8496,556.1,N,Elder,M,18,A,BROWN,N,NW,Y
8497,727.92,N,Elder,M,16,B,MAGENTA,M,MW,Y
8498,1231.94,Y,Elder,F,21,C,PURPLE,N,NE,N
8499,1065.21,Y,Elder,M,18,C,INDIGO,M,MW,Y
8500,1778.31,Y,Elder,M,20,D,BROWN,S,SE,Y
8501,990.39,N,Elder,M,16,C,INDIGO,S,SW,Y
8502,662.84,N,Elder,M,16,B,BROWN,M,ME,Y
8503,784.67,N,Elder,M,16,B,INDIGO,M,ME,Y
8504,618.6,N,Elder,M,15,A,BROWN,M,MW,Y
8505,692.54,N,Elder,F,15,B,MAGENTA,N,NW,N
8506,842.04,N,Elder,F,17,B,MAGENTA,S,SW,N
8507,1017.2,N,Elder,M,15,C,MAGENTA,N,NE,N
8508,343.71,N,Elder,M,15,A,BROWN,S,SW,Y
8509,1234.8,N,Young,F,17,B,INDIGO,N,NE,N
8510,767.17,N,Elder,M,18,B,MAGENTA,S,SE,N
8511,1035.08,N,Elder,M,17,C,MAGENTA,N,NE,Y
8512,616.04,N,Elder,M,18,A,INDIGO,M,MW,Y
8513,984.02,N,Elder,F,16,B,INDIGO,M,ME,Y
8514,492.59,N,Elder,M,18,A,INDIGO,S,SW,N
8515,1111.08,N,Elder,F,17,C,MAGENTA,M,MW,Y
8516,742.66,N,Elder,M,19,A,MAGENTA,S,SW,N
8517,2215.55,N,Elder,F,15,A,MAGENTA,M,MW,N
8518,1112.36,N,Elder,M,16,C,BROWN,M,MW,Y
8519,713.76,N,Elder,F,12,B,MAGENTA,N,NE,N
8520,427.28,N,Elder,F,15,A,BROWN,M,MW,Y
8521,889.45,Y,Elder,M,17,B,BROWN,M,ME,Y
8522,1480.33,Y,Elder,M,21,D,INDIGO,M,MW,Y
8523,1048.75,N,Young,M,18,C,MAGENTA,N,NE,N
8524,1195.21,Y,Elder,M,22,B,INDIGO,M,ME,Y
8525,623.01,N,Elder,M,18,A,INDIGO,S,SE,Y
8526,685.77,N,Elder,M,15,B,MAGENTA,S,SW,N
8527,1190.37,N,Elder,M,19,B,INDIGO,S,SW,N
8528,561.16,N,Elder,M,15,A,INDIGO,S,SW,N
8529,937.27,N,Elder,F,15,C,BROWN,M,MW,Y
8530,885.51,N,Elder,M,19,B,MAGENTA,N,NW,N
8531,537.65,N,Elder,M,16,A,BROWN,N,NW,N
8532,637.3,N,Elder,F,15,B,INDIGO,S,SE,N
8533,611.16,N,Elder,M,14,B,BROWN,M,MW,N
8534,744.83,Y,Elder,M,17,B,BROWN,N,NW,Y
8535,1098.54,N,Elder,F,14,D,BROWN,S,SE,Y
8536,939.85,N,Elder,F,15,C,INDIGO,N,NE,N
8537,1213.82,N,Elder,F,14,D,MAGENTA,M,MW,Y
8538,713.49,N,Elder,F,16,B,INDIGO,N,NW,N
8539,1543.26,N,Elder,M,23,B,BROWN,S,SW,Y
8540,968.81,N,Elder,M,17,B,BROWN,M,MW,Y
8541,1192.41,Y,Elder,F,18,C,MAGENTA,N,NW,Y
8542,1430.03,N,Elder,M,22,C,BROWN,N,NE,Y
8543,1447.73,N,Young,M,17,B,BROWN,M,ME,Y
8544,938.15,N,Young,M,13,C,INDIGO,M,MW,N
8545,553.89,N,Elder,F,19,A,BROWN,N,NE,Y
8546,1569.1,N,Elder,M,17,C,BROWN,M,MW,N
8547,831.35,N,Elder,F,19,B,PURPLE,N,NW,N
8548,1279.98,N,Elder,F,19,C,MAGENTA,M,MW,Y
8549,342.8,N,Elder,M,12,A,INDIGO,N,NW,N
8550,827.42,N,Elder,F,16,B,INDIGO,N,NW,N
8551,691.43,N,Elder,M,15,B,MAGENTA,S,SE,N
8552,1698.89,N,Elder,M,17,D,INDIGO,M,MW,Y
8553,1123.49,N,Young,M,16,B,BROWN,S,SW,Y
8554,446.22,N,Elder,F,17,A,BROWN,N,NE,Y
8555,939.34,N,Elder,F,15,C,BROWN,M,MW,Y
8556,348.4,N,Elder,M,14,A,BROWN,M,ME,N
8557,1264.67,N,Elder,F,17,D,INDIGO,M,MW,Y
8558,937.23,Y,Elder,M,16,C,INDIGO,M,ME,Y
8559,1121.3,N,Elder,F,17,C,INDIGO,N,NE,N
8560,611.13,N,Elder,F,14,B,INDIGO,N,NE,Y
8561,736.53,N,Elder,M,19,A,BROWN,M,MW,Y
8562,352.16,N,Elder,M,15,A,BROWN,N,NW,Y
8563,1588.94,N,Young,F,13,B,INDIGO,S,SE,Y
8564,1220.13,N,Elder,M,21,C,INDIGO,M,ME,Y
8565,677.07,Y,Elder,F,11,C,BROWN,N,NW,Y
8566,1211.34,N,Elder,M,21,B,BROWN,S,SW,Y
8567,618.63,N,Elder,M,16,A,BROWN,N,NW,Y
8568,970.74,N,Young,F,20,A,MAGENTA,S,SE,N
8569,1244.39,N,Elder,M,21,C,PURPLE,M,ME,N
8570,1234.99,N,Elder,M,12,C,INDIGO,M,MW,N
8571,497.48,N,Elder,M,13,B,PURPLE,M,MW,N
8572,823.42,N,Elder,M,19,B,BROWN,N,NW,N
8573,678.26,N,Elder,F,16,B,MAGENTA,S,SE,N
8574,995.89,N,Elder,M,21,B,INDIGO,M,MW,Y
8575,616.97,N,Elder,M,16,A,BROWN,N,NW,Y
8576,476.5,N,Elder,M,17,A,INDIGO,N,NW,N
8577,1052.29,N,Elder,M,15,A,MAGENTA,S,SE,Y
8578,752.28,N,Elder,F,20,A,BROWN,M,MW,Y
8579,2177.33,Y,Elder,M,19,C,BROWN,N,NE,Y
8580,929.75,N,Elder,M,18,B,BROWN,M,MW,Y
8581,1003.95,N,Elder,F,19,B,MAGENTA,N,NE,Y
8582,1073.49,N,Elder,M,14,C,BROWN,S,SW,Y
8583,514.8,N,Elder,F,15,A,INDIGO,N,NE,Y
8584,783.92,N,Elder,F,18,B,INDIGO,N,NE,Y
8585,947.95,N,Elder,M,18,B,INDIGO,M,MW,Y
8586,577.94,N,Elder,M,15,A,BROWN,N,NW,Y
8587,565.95,N,Elder,M,19,A,BROWN,N,NW,Y
8588,553.82,N,Elder,M,14,B,BROWN,M,MW,Y
8589,191.57,N,Elder,F,12,A,BROWN,M,ME,N
8590,410.39,N,Elder,F,16,A,INDIGO,N,NW,N
8591,404.37,N,Elder,F,16,A,BROWN,N,NW,Y
8592,1057.01,N,Elder,F,18,C,BROWN,N,NW,N
8593,817.77,N,Elder,M,18,B,BROWN,M,MW,Y
8594,556.55,N,Elder,M,19,A,MAGENTA,M,MW,Y
8595,1176.54,N,Elder,M,18,C,MAGENTA,M,ME,N
8596,620.16,N,Elder,M,19,A,BROWN,N,NW,Y
8597,708.78,N,Elder,M,15,B,BROWN,M,MW,Y
8598,777.48,N,Elder,F,18,B,INDIGO,N,NE,N
8599,681.03,N,Elder,M,16,B,MAGENTA,N,NE,Y
8600,863.6,N,Elder,M,16,B,BROWN,N,NW,N
8601,602.53,N,Elder,F,20,A,INDIGO,M,ME,Y
8602,347.68,N,Elder,F,10,B,BROWN,N,NE,Y
8603,1304.37,Y,Elder,F,17,B,BROWN,M,MW,Y
8604,826.18,N,Elder,M,18,B,INDIGO,N,NE,Y
8605,957.43,N,Elder,M,19,B,BROWN,S,SE,Y
8606,277.54,N,Elder,F,14,A,INDIGO,N,NW,Y
8607,1013.62,N,Elder,M,15,C,BROWN,M,MW,Y
8608,715.17,N,Elder,M,11,B,BROWN,N,NE,Y
8609,868.43,N,Elder,F,19,B,BROWN,N,NE,Y
8610,419.65,N,Elder,M,16,A,BROWN,N,NE,Y
8611,849.2,Y,Young,M,11,B,MAGENTA,S,SW,Y
8612,1233.01,N,Elder,F,17,C,INDIGO,M,MW,N
8613,959.03,N,Elder,M,14,B,PURPLE,S,SW,N
8614,741.06,N,Elder,M,12,C,MAGENTA,N,NW,Y
8615,1113.84,N,Elder,F,23,A,MAGENTA,N,NE,N
8616,1004.26,N,Elder,M,17,B,BROWN,N,NW,Y
8617,513.34,N,Elder,M,13,B,INDIGO,N,NW,Y
8618,1178.12,N,Elder,M,16,C,BROWN,N,NE,Y
8619,716.62,N,Elder,M,17,B,MAGENTA,N,NW,N
8620,665.33,N,Elder,F,15,B,INDIGO,M,ME,N
8621,31.41,N,Elder,F,9,A,INDIGO,M,MW,Y
8622,1079.12,N,Elder,F,18,C,MAGENTA,M,ME,Y
8623,743.06,N,Elder,F,17,B,MAGENTA,S,SE,Y
8624,531.5,N,Elder,M,15,A,BROWN,N,NE,Y
8625,239.58,N,Elder,F,13,A,MAGENTA,N,NE,N
8626,401.3,N,Elder,M,15,A,INDIGO,M,MW,N
8627,827.14,N,Elder,M,18,B,INDIGO,S,SE,N
8628,678.54,N,Elder,F,11,C,BROWN,M,MW,Y
8629,565.72,N,Elder,F,14,A,MAGENTA,S,SE,N
8630,173.68,Y,Elder,F,12,A,BROWN,M,MW,Y
8631,960.28,N,Elder,F,17,A,INDIGO,S,SW,Y
8632,578.47,N,Elder,F,15,A,BROWN,M,ME,Y
8633,1038.71,N,Elder,F,17,C,INDIGO,S,SE,Y
8634,454.15,N,Elder,M,16,A,MAGENTA,M,MW,N
8635,660.72,N,Elder,M,15,B,INDIGO,N,NW,N
8636,903.17,N,Elder,M,14,C,INDIGO,S,SE,Y
8637,839.81,N,Young,F,13,B,BROWN,N,NW,N
8638,908.76,N,Elder,M,15,C,BROWN,N,NE,Y
8639,1128.1,N,Young,F,15,C,MAGENTA,M,ME,N
8640,637.73,N,Elder,M,15,B,BROWN,M,MW,Y
8641,946.52,N,Elder,M,20,B,PURPLE,S,SW,N
8642,684.83,N,Elder,F,16,B,INDIGO,M,ME,N
8643,534.22,N,Young,F,12,A,INDIGO,N,NE,Y
8644,650.58,N,Elder,M,16,B,INDIGO,N,NE,N
8645,700.21,N,Elder,M,14,B,BROWN,M,MW,Y
8646,822.58,N,Elder,F,11,A,MAGENTA,N,NE,N
8647,934.48,N,Elder,M,18,B,MAGENTA,N,NW,N
8648,1155,N,Elder,F,18,C,INDIGO,M,MW,N
8649,882.21,N,Elder,M,15,B,PURPLE,S,SE,N
8650,576.62,N,Elder,M,14,B,BROWN,S,SW,Y
8651,864.27,N,Elder,M,14,C,INDIGO,M,MW,Y
8652,395.31,N,Elder,F,11,B,BROWN,N,NW,Y
8653,836.02,Y,Elder,M,14,C,PURPLE,S,SW,N
8654,1177.61,N,Elder,M,16,C,INDIGO,M,MW,Y
8655,715.62,N,Elder,M,19,A,PURPLE,S,SE,N
8656,991.59,N,Elder,F,14,C,INDIGO,M,MW,N
8657,458.92,N,Elder,F,12,B,MAGENTA,M,MW,Y
8658,955.31,N,Elder,M,17,B,BROWN,M,MW,Y
8659,494.14,N,Elder,M,14,A,INDIGO,M,MW,Y
8660,496.75,N,Elder,F,17,A,BROWN,S,SE,Y
8661,644.34,Y,Elder,F,15,B,INDIGO,S,SE,Y
8662,856.66,Y,Elder,F,16,B,BROWN,M,MW,Y
8663,1361.93,N,Elder,M,16,C,MAGENTA,N,NW,N
8664,911.35,N,Elder,F,19,B,BROWN,N,NE,Y
8665,951.89,N,Elder,M,16,C,BROWN,N,NE,Y
8666,862.7,N,Elder,F,20,A,BROWN,N,NE,Y
8667,602.34,N,Elder,M,20,A,BROWN,M,ME,Y
8668,1264.85,N,Elder,F,17,B,MAGENTA,S,SW,N
8669,305.2,N,Elder,M,14,A,MAGENTA,M,MW,N
8670,683.16,N,Elder,F,9,C,INDIGO,M,MW,Y
8671,965.02,N,Elder,M,14,B,PURPLE,N,NW,N
8672,509.5,N,Elder,M,17,A,INDIGO,N,NE,N
8673,715.52,N,Elder,F,19,A,MAGENTA,N,NW,N
8674,1079.12,N,Elder,M,15,C,BROWN,N,NW,Y
8675,683.66,N,Elder,F,16,B,BROWN,N,NE,Y
8676,387.5,N,Young,M,14,A,MAGENTA,N,NE,N
8677,394.99,N,Elder,F,16,A,PURPLE,M,ME,N
8678,1389.65,N,Elder,F,18,B,BROWN,M,MW,Y
8679,1434.27,N,Elder,M,18,D,BROWN,S,SE,Y
8680,1566.95,N,Elder,F,18,D,BROWN,N,NW,N
8681,944.16,N,Elder,M,19,B,BROWN,M,ME,N
8682,854.7,Y,Young,M,13,C,BROWN,M,MW,Y
8683,713.97,N,Elder,M,21,A,BROWN,M,MW,N
8684,735.78,N,Elder,M,16,B,INDIGO,N,NW,N
8685,540.98,N,Elder,M,16,A,BROWN,M,MW,Y
8686,1106.26,N,Elder,M,13,D,PURPLE,M,MW,N
8687,1135.31,N,Elder,M,19,C,INDIGO,S,SE,Y
8688,801.84,N,Elder,M,18,B,MAGENTA,N,NW,Y
8689,764.01,N,Elder,M,17,B,BROWN,N,NE,Y
8690,1310.19,N,Elder,M,18,C,BROWN,N,NW,N
8691,851.42,N,Elder,F,24,A,BROWN,M,ME,Y
8692,825,N,Elder,M,14,B,BROWN,S,SW,Y
8693,393.07,N,Elder,F,16,A,INDIGO,N,NE,N
8694,1021.74,N,Elder,F,19,A,INDIGO,N,NW,N
8695,572.43,N,Elder,M,17,A,MAGENTA,S,SW,Y
8696,1281.79,N,Elder,F,22,C,INDIGO,M,ME,N
8697,1221.26,N,Elder,F,14,C,BROWN,S,SW,N
8698,615.03,N,Elder,F,15,B,BROWN,M,ME,N
8699,1388.07,N,Elder,M,13,C,BROWN,N,NW,Y
8700,657.55,N,Elder,M,17,A,INDIGO,N,NW,N
8701,870.66,N,Elder,M,23,A,BROWN,S,SW,N
8702,838.46,N,Young,M,19,B,MAGENTA,N,NW,N
8703,664.57,N,Elder,M,16,B,MAGENTA,N,NW,N
8704,752.01,N,Elder,F,16,B,INDIGO,S,SW,Y
8705,302.77,Y,Elder,F,14,A,MAGENTA,M,MW,N
8706,961.63,N,Elder,F,16,B,INDIGO,M,MW,Y
8707,834.17,N,Elder,M,14,C,BROWN,S,SE,N
8708,315.67,N,Young,M,14,A,BROWN,M,MW,N
8709,1529.42,N,Elder,M,15,C,INDIGO,N,NW,Y
8710,479.88,N,Elder,M,17,A,BROWN,N,NW,Y
8711,827.06,Y,Elder,M,13,A,BROWN,S,SW,Y
8712,1014.37,N,Elder,F,20,B,INDIGO,M,ME,N
8713,557.44,N,Elder,F,13,B,BROWN,M,ME,N
8714,1346.07,N,Elder,M,22,B,BROWN,N,NE,N
8715,527.56,N,Elder,M,18,A,BROWN,M,MW,Y
8716,1433.8,Y,Elder,M,20,C,BROWN,S,SE,Y
8717,997.55,N,Elder,F,16,B,BROWN,N,NE,Y
8718,841.63,N,Elder,M,19,B,MAGENTA,N,NE,N
8719,2597.71,N,Elder,M,20,B,BROWN,S,SW,Y
8720,648.95,N,Elder,M,15,B,MAGENTA,N,NE,Y
8721,765.44,N,Elder,M,21,A,PURPLE,S,SW,N
8722,282.55,Y,Elder,M,14,A,MAGENTA,N,NE,Y
8723,283.85,N,Elder,F,14,A,PURPLE,S,SW,N
8724,475.05,N,Elder,F,17,A,INDIGO,S,SE,Y
8725,663.96,N,Elder,M,21,A,MAGENTA,M,ME,Y
8726,628.29,N,Elder,F,14,B,MAGENTA,S,SW,N
8727,1627.56,N,Elder,M,21,B,MAGENTA,S,SE,N
8728,322.8,N,Elder,M,14,A,INDIGO,S,SW,Y
8729,560.84,N,Elder,M,18,A,MAGENTA,M,MW,Y
8730,437.52,Y,Elder,F,13,A,BROWN,M,MW,Y
8731,1665.59,N,Elder,M,20,B,BROWN,N,NW,N
8732,618.95,N,Elder,F,15,B,INDIGO,N,NE,N
8733,794.65,N,Elder,M,18,B,MAGENTA,S,SW,Y
8734,909.51,N,Elder,M,19,B,INDIGO,N,NE,Y
8735,918.21,N,Elder,M,12,C,INDIGO,N,NW,N
8736,1010.68,N,Elder,F,18,B,BROWN,M,ME,N
8737,964.74,N,Elder,F,14,B,PURPLE,S,SE,N
8738,1961.58,N,Elder,M,24,C,BROWN,M,MW,N
8739,845.6,N,Elder,F,18,B,BROWN,N,NW,N
8740,971.46,Y,Elder,F,15,B,BROWN,S,SE,Y
8741,653.25,N,Elder,F,16,A,INDIGO,N,NW,Y
8742,886.5,N,Elder,M,18,A,BROWN,N,NW,Y
8743,1086.36,N,Elder,F,19,B,MAGENTA,N,NE,N
8744,600.32,N,Elder,M,14,A,PURPLE,N,NW,N
8745,492.26,N,Elder,M,11,A,MAGENTA,S,SE,N
8746,368.19,N,Elder,F,10,B,BROWN,N,NE,Y
8747,1048.02,N,Elder,M,13,C,BROWN,S,SW,Y
8748,251.7,N,Elder,M,13,A,MAGENTA,M,ME,Y
8749,878.69,N,Elder,F,14,C,MAGENTA,M,MW,N
8750,489.16,N,Elder,F,18,A,MAGENTA,M,ME,Y
8751,1372.28,N,Elder,F,17,B,INDIGO,S,SW,Y
8752,446.93,Y,Elder,M,10,B,BROWN,M,MW,Y
8753,965.5,N,Elder,M,20,B,MAGENTA,N,NW,N
8754,935.58,Y,Elder,F,16,C,BROWN,N,NW,Y
8755,711.38,N,Elder,F,17,B,MAGENTA,M,MW,Y
8756,959.65,N,Elder,F,19,B,BROWN,N,NW,Y
8757,610.9,N,Elder,M,14,B,BROWN,S,SW,Y
8758,842.2,Y,Elder,M,15,B,INDIGO,N,NW,Y
8759,611.27,N,Elder,M,19,A,BROWN,S,SW,Y
8760,448.33,N,Elder,M,12,B,INDIGO,N,NW,Y
8761,690.13,N,Elder,M,17,A,BROWN,N,NW,N
8762,675.46,N,Elder,F,10,C,PURPLE,M,ME,N
8763,463.27,N,Elder,F,14,A,INDIGO,N,NE,N
8764,1264.79,N,Elder,M,19,C,INDIGO,S,SW,Y
8765,654.47,N,Elder,F,16,B,INDIGO,S,SW,N
8766,615.86,N,Elder,M,13,B,PURPLE,M,ME,N
8767,1296.15,N,Elder,M,15,B,BROWN,S,SW,N
8768,888.57,N,Elder,M,14,C,INDIGO,N,NE,N
8769,1160.97,N,Elder,M,19,C,INDIGO,S,SW,N
8770,1259.52,Y,Elder,M,17,D,INDIGO,S,SE,Y
8771,578.35,N,Elder,F,17,A,MAGENTA,M,MW,Y
8772,627.04,Y,Elder,F,14,B,INDIGO,S,SW,Y
8773,942.81,Y,Elder,F,17,B,INDIGO,M,ME,Y
8774,825.69,N,Elder,F,20,A,MAGENTA,N,NW,N
8775,553,N,Elder,M,13,B,BROWN,S,SW,Y
8776,1262.04,N,Elder,M,18,A,INDIGO,S,SW,N
8777,1401.74,N,Elder,F,16,B,INDIGO,N,NW,Y
8778,602.4,Y,Elder,F,15,B,MAGENTA,N,NE,N
8779,716.26,N,Young,M,16,B,BROWN,S,SE,N
8780,885.03,N,Elder,M,16,B,INDIGO,M,ME,Y
8781,639.18,N,Elder,F,14,B,BROWN,M,MW,Y
8782,1459.8,N,Elder,M,13,B,PURPLE,M,ME,N
8783,628.01,Y,Young,F,15,B,INDIGO,M,MW,N
8784,1057.99,N,Elder,M,22,B,MAGENTA,N,NW,N
8785,661.88,N,Elder,F,13,B,INDIGO,S,SE,Y
8786,702.14,N,Elder,M,15,B,BROWN,S,SE,Y
8787,557.66,N,Elder,M,14,B,BROWN,N,NW,Y
8788,815.74,Y,Elder,F,13,B,BROWN,S,SE,Y
8789,1173.26,N,Elder,F,15,D,MAGENTA,S,SW,N
8790,1040.14,N,Elder,M,18,B,INDIGO,M,ME,N
8791,1096.33,N,Elder,M,17,B,INDIGO,N,NW,N
8792,787.78,N,Elder,M,18,B,BROWN,S,SW,N
8793,660.04,N,Elder,F,16,B,BROWN,N,NE,Y
8794,719.28,N,Elder,M,17,B,MAGENTA,N,NE,N
8795,716.41,Y,Elder,F,17,B,INDIGO,S,SW,Y
8796,1190.56,N,Elder,M,14,D,BROWN,M,ME,N
8797,665.23,N,Elder,M,16,B,MAGENTA,M,MW,N
8798,333.06,N,Elder,M,15,A,MAGENTA,N,NE,Y
8799,1037.46,N,Elder,F,17,C,INDIGO,M,MW,Y
8800,1120.21,N,Elder,F,19,B,INDIGO,M,MW,Y
8801,237.06,Y,Elder,M,12,A,MAGENTA,S,SW,Y
8802,1138.08,N,Young,F,19,B,BROWN,N,NW,Y
8803,727.22,N,Elder,F,12,C,MAGENTA,M,MW,N
8804,1147.61,N,Elder,M,18,C,MAGENTA,N,NE,N
8805,724.99,N,Elder,F,17,B,INDIGO,N,NW,Y
8806,603.16,N,Elder,F,14,A,BROWN,N,NE,Y
8807,724.68,N,Young,F,16,B,INDIGO,M,ME,N
8808,640.36,N,Young,M,13,B,PURPLE,M,MW,N
8809,626.09,N,Elder,M,14,B,PURPLE,N,NW,N
8810,1291.93,N,Elder,F,18,C,BROWN,N,NE,Y
8811,723.55,N,Elder,M,16,B,BROWN,N,NW,Y
8812,686.99,N,Elder,M,16,B,BROWN,S,SE,N
8813,1003.76,N,Elder,F,17,B,MAGENTA,S,SE,Y
8814,1383.86,N,Elder,M,19,C,MAGENTA,S,SW,N
8815,571.72,N,Elder,M,12,B,MAGENTA,N,NW,N
8816,1089.65,N,Elder,F,18,C,MAGENTA,N,NW,Y
8817,963.6,Y,Elder,F,17,B,INDIGO,S,SE,Y
8818,923.94,N,Elder,M,17,B,INDIGO,S,SE,N
8819,556.6,N,Elder,F,19,A,PURPLE,M,ME,N
8820,1059.1,N,Elder,M,19,A,PURPLE,S,SW,N
8821,1478.88,Y,Elder,M,15,C,INDIGO,M,ME,N
8822,1264.33,N,Elder,M,17,C,PURPLE,N,NW,N
8823,447.71,N,Elder,F,12,B,MAGENTA,M,ME,N
8824,1278.64,Y,Young,F,12,D,INDIGO,S,SE,Y
8825,739.63,N,Elder,M,17,B,MAGENTA,N,NW,N
8826,385.58,N,Elder,M,13,A,MAGENTA,M,MW,N
8827,933.56,Y,Elder,M,15,C,INDIGO,N,NW,Y
8828,540.16,N,Elder,M,17,A,MAGENTA,S,SW,Y
8829,1162.17,N,Elder,F,19,C,BROWN,M,ME,Y
8830,859.26,N,Elder,M,14,C,BROWN,M,MW,Y
8831,799.35,N,Elder,F,13,B,INDIGO,S,SW,N
8832,1249.54,N,Elder,M,13,B,MAGENTA,N,NW,N
8833,1039.6,N,Elder,F,15,B,BROWN,S,SE,Y
8834,553.5,N,Elder,F,19,A,BROWN,N,NW,N
8835,1328.6,N,Elder,M,15,D,INDIGO,M,ME,Y
8836,1630.93,N,Elder,F,18,B,INDIGO,M,MW,N
8837,801.73,Y,Elder,M,18,B,MAGENTA,N,NW,N
8838,599.84,N,Elder,M,14,A,INDIGO,S,SE,Y
8839,1208.83,N,Elder,F,18,C,BROWN,N,NW,N
8840,2032.57,N,Elder,M,14,C,PURPLE,M,ME,N
8841,914.49,N,Elder,M,19,B,INDIGO,S,SE,Y
8842,323.76,N,Elder,M,13,A,BROWN,S,SW,Y
8843,1242.21,Y,Elder,F,14,D,BROWN,M,MW,Y
8844,565.38,N,Elder,F,14,B,BROWN,M,MW,Y
8845,1242.07,N,Elder,F,19,B,INDIGO,S,SE,N
8846,933.42,N,Elder,M,16,C,INDIGO,M,ME,N
8847,468.93,N,Elder,F,10,B,MAGENTA,M,ME,N
8848,940.3,N,Elder,M,14,C,BROWN,S,SW,Y
8849,665.4,N,Elder,M,16,B,BROWN,N,NE,N
8850,406.39,N,Elder,F,16,A,INDIGO,M,ME,N
8851,1366.5,N,Elder,F,17,D,MAGENTA,S,SE,N
8852,510.35,N,Elder,M,16,A,INDIGO,N,NW,N
8853,433,N,Elder,F,16,A,MAGENTA,M,ME,N
8854,621.14,N,Elder,M,14,B,INDIGO,M,ME,N
8855,644.55,N,Elder,M,15,B,MAGENTA,S,SW,Y
8856,606.22,N,Elder,M,19,A,BROWN,M,ME,N
8857,547.89,N,Elder,M,19,A,INDIGO,S,SE,Y
8858,767.71,N,Elder,M,13,B,BROWN,M,MW,Y
8859,647.21,N,Elder,M,15,B,BROWN,S,SW,Y
8860,533.83,N,Elder,M,16,A,BROWN,N,NW,Y
8861,2030.73,N,Elder,M,19,B,INDIGO,S,SW,Y
8862,1279.39,N,Elder,M,12,D,INDIGO,N,NW,Y
8863,964.72,N,Elder,F,10,D,BROWN,N,NE,N
8864,164.09,N,Elder,F,12,A,BROWN,M,ME,Y
8865,1539.13,N,Elder,M,16,C,BROWN,S,SE,Y
8866,751.31,N,Elder,F,15,B,INDIGO,M,ME,Y
8867,626.57,N,Elder,M,15,A,INDIGO,S,SW,N
8868,682.77,N,Elder,M,14,B,MAGENTA,N,NE,N
8869,628.14,Y,Elder,M,14,B,INDIGO,N,NE,Y
8870,584.23,N,Elder,M,19,A,BROWN,N,NW,N
8871,1376.51,N,Elder,M,20,B,MAGENTA,S,SE,N
8872,493.01,N,Young,F,15,A,INDIGO,N,NW,Y
8873,410.01,N,Elder,M,14,A,BROWN,M,ME,Y
8874,1190.88,Y,Elder,F,20,B,BROWN,N,NW,Y
8875,1154.73,N,Elder,F,20,C,BROWN,N,NW,Y
8876,1076.94,Y,Elder,M,15,C,INDIGO,M,ME,N
8877,734.29,N,Elder,M,11,C,BROWN,N,NW,Y
8878,975.99,Y,Elder,F,14,C,INDIGO,N,NW,N
8879,504.96,N,Elder,M,16,A,INDIGO,N,NE,Y
8880,817.55,N,Elder,F,19,B,BROWN,M,MW,Y
8881,322.43,N,Elder,F,13,A,MAGENTA,M,MW,N
8882,1056.12,N,Elder,M,21,B,BROWN,S,SE,Y
8883,1363.65,N,Elder,F,17,A,MAGENTA,N,NW,N
8884,640.81,N,Elder,M,15,A,MAGENTA,M,ME,Y
8885,718.38,N,Elder,M,17,B,INDIGO,M,ME,N
8886,831.51,N,Elder,M,16,B,INDIGO,N,NE,Y
8887,908.28,Y,Young,M,15,B,INDIGO,N,NE,Y
8888,885.98,N,Elder,M,17,B,BROWN,M,ME,Y
8889,813.98,N,Elder,M,13,B,INDIGO,M,ME,Y
8890,804.91,N,Elder,M,18,B,INDIGO,N,NW,N
8891,806.23,N,Elder,M,18,B,INDIGO,N,NE,Y
8892,672.33,N,Elder,F,16,B,INDIGO,M,MW,Y
8893,653.43,Y,Elder,F,15,B,BROWN,N,NW,Y
8894,940.33,N,Elder,M,16,B,MAGENTA,N,NW,N
8895,1536.87,N,Elder,F,16,C,BROWN,M,MW,N
8896,858.88,N,Elder,M,13,C,INDIGO,M,MW,N
8897,973.75,N,Elder,M,19,B,INDIGO,N,NW,N
8898,1130.77,N,Elder,M,17,C,INDIGO,N,NW,N
8899,569.45,N,Elder,F,14,B,INDIGO,N,NW,N
8900,406.92,N,Elder,F,16,A,INDIGO,N,NW,Y
8901,859.1,N,Elder,M,19,B,BROWN,S,SE,Y
8902,835.34,N,Elder,M,14,B,PURPLE,M,MW,N
8903,1085.44,N,Elder,M,23,B,BROWN,M,MW,N
8904,341.29,N,Elder,M,15,A,BROWN,S,SE,Y
8905,1440.94,Y,Elder,F,18,C,MAGENTA,N,NE,Y
8906,689.4,Y,Young,M,14,B,BROWN,M,MW,Y
8907,1209.29,N,Elder,F,16,D,BROWN,M,ME,N
8908,1026.81,N,Elder,M,18,B,INDIGO,M,MW,Y
8909,893.33,N,Elder,F,16,B,BROWN,N,NW,N
8910,1357.31,Y,Elder,M,17,C,BROWN,M,ME,Y
8911,707.66,N,Elder,F,19,A,MAGENTA,M,MW,N
8912,1435.28,N,Elder,F,15,B,BROWN,N,NW,Y
8913,1700.22,N,Elder,M,16,A,BROWN,S,SW,N
8914,390.12,N,Young,F,16,A,PURPLE,N,NE,N
8915,896.87,N,Elder,M,19,B,BROWN,S,SW,Y
8916,933.88,N,Elder,M,16,C,INDIGO,N,NE,N
8917,935.64,N,Elder,F,11,D,BROWN,N,NW,Y
8918,767.14,N,Elder,F,18,B,MAGENTA,S,SE,N
8919,777.99,N,Young,F,15,B,INDIGO,N,NW,N
8920,525.74,N,Elder,M,18,A,BROWN,N,NE,N
8921,938.3,N,Elder,M,20,B,INDIGO,N,NW,Y
8922,843.33,N,Elder,M,17,B,INDIGO,N,NW,N
8923,1056.36,N,Elder,M,18,B,BROWN,M,ME,Y
8924,491.38,N,Elder,M,18,A,MAGENTA,M,MW,N
8925,753.54,N,Young,F,17,B,PURPLE,S,SE,N
8926,750.75,N,Elder,M,17,B,BROWN,S,SW,Y
8927,1033.82,N,Elder,F,17,C,MAGENTA,N,NW,N
8928,810.14,N,Elder,M,11,C,MAGENTA,M,MW,N
8929,1370.55,N,Elder,M,17,D,BROWN,M,MW,Y
8930,699.88,N,Elder,M,16,B,INDIGO,S,SE,Y
8931,532.04,N,Elder,F,13,B,INDIGO,S,SW,N
8932,1735.93,N,Elder,M,18,D,INDIGO,M,ME,N
8933,512.42,N,Elder,F,13,B,BROWN,N,NW,Y
8934,1153.73,N,Elder,M,20,C,INDIGO,S,SW,N
8935,573.53,N,Elder,M,14,B,BROWN,N,NE,Y
8936,918.49,N,Elder,M,20,A,BROWN,N,NE,Y
8937,635.62,N,Young,F,15,B,BROWN,N,NE,N
8938,142.24,N,Young,M,10,A,INDIGO,M,MW,N
8939,654.46,N,Elder,F,16,B,MAGENTA,N,NE,N
8940,907.25,N,Elder,F,14,B,INDIGO,M,ME,N
8941,221.23,Y,Elder,F,13,A,INDIGO,S,SW,Y
8942,1039.42,Y,Elder,F,18,B,BROWN,N,NW,Y
8943,964.32,N,Elder,F,16,C,INDIGO,N,NE,Y
8944,1302.97,N,Elder,M,19,B,INDIGO,S,SE,Y
8945,597.44,N,Elder,M,14,B,BROWN,S,SW,Y
8946,509.33,N,Elder,M,16,A,BROWN,N,NE,N
8947,688.83,N,Elder,F,14,B,INDIGO,S,SW,Y
8948,551.81,N,Elder,M,19,A,BROWN,N,NE,Y
8949,226.07,N,Elder,M,13,A,BROWN,N,NE,N
8950,848.05,N,Elder,M,15,B,INDIGO,M,MW,N
8951,532.18,N,Elder,F,13,B,INDIGO,M,MW,N
8952,1028.81,N,Elder,F,13,C,INDIGO,N,NE,N
8953,822.59,N,Elder,M,16,B,BROWN,M,MW,Y
8954,1023.58,Y,Young,M,13,B,MAGENTA,M,ME,Y
8955,283.1,N,Elder,F,14,A,BROWN,M,ME,N
8956,878.03,Y,Elder,F,19,B,BROWN,M,MW,Y
8957,1365.34,N,Elder,M,20,C,INDIGO,S,SE,Y
8958,1208.98,N,Elder,M,19,B,BROWN,N,NW,Y
8959,1455.33,N,Elder,M,16,C,MAGENTA,M,ME,N
8960,409.98,N,Elder,M,15,A,MAGENTA,M,MW,N
8961,377.13,N,Elder,F,15,A,INDIGO,N,NE,N
8962,984.65,N,Elder,M,16,C,BROWN,M,MW,N
8963,571.27,Y,Elder,F,14,B,MAGENTA,M,MW,Y
8964,1083.81,Y,Elder,F,17,C,BROWN,N,NW,Y
8965,1369.69,N,Elder,M,20,B,MAGENTA,M,MW,Y
8966,749,N,Elder,F,14,B,BROWN,N,NE,Y
8967,643.89,N,Elder,F,14,B,BROWN,S,SE,N
8968,513.06,N,Elder,F,13,B,INDIGO,M,ME,N
8969,538.52,N,Elder,M,17,A,BROWN,M,MW,N
8970,640.5,N,Elder,M,15,B,INDIGO,N,NW,Y
8971,781.75,N,Elder,F,20,A,BROWN,N,NE,Y
8972,1311.55,N,Elder,M,17,B,INDIGO,N,NE,N
8973,833.29,N,Elder,M,19,B,INDIGO,M,MW,Y
8974,947.56,Y,Young,M,16,C,BROWN,M,MW,Y
8975,1004.12,N,Elder,M,17,C,BROWN,M,MW,Y
8976,561.91,N,Elder,M,12,B,BROWN,M,MW,Y
8977,1450.2,N,Elder,M,21,C,INDIGO,M,ME,Y
8978,880.45,N,Elder,F,14,C,BROWN,S,SW,Y
8979,1098.12,N,Elder,F,18,B,INDIGO,S,SW,N
8980,1180.58,N,Elder,F,18,B,BROWN,S,SE,Y
8981,1021.15,N,Elder,M,22,B,INDIGO,M,ME,N
8982,1250.3,N,Elder,M,17,C,BROWN,M,MW,Y
8983,449.66,N,Elder,M,17,A,PURPLE,S,SE,N
8984,503.52,N,Elder,M,18,A,INDIGO,S,SW,Y
8985,305.9,N,Elder,F,13,A,PURPLE,N,NE,N
8986,493.61,N,Elder,F,18,A,INDIGO,N,NE,Y
8987,1301.15,N,Elder,F,19,C,BROWN,M,MW,Y
8988,1386.41,N,Elder,F,15,D,INDIGO,S,SE,N
8989,1255.94,N,Elder,M,22,C,INDIGO,M,ME,N
8990,950.83,N,Elder,F,16,A,BROWN,N,NE,Y
8991,1452.43,N,Elder,M,20,C,MAGENTA,N,NW,N
8992,868.64,N,Elder,F,19,B,BROWN,M,ME,N
8993,1117.64,N,Elder,M,17,B,INDIGO,N,NW,N
8994,735.89,N,Elder,M,17,B,BROWN,S,SW,Y
8995,1354.28,N,Elder,M,15,D,BROWN,S,SE,N
8996,290.28,N,Elder,F,14,A,INDIGO,M,MW,N
8997,1086.91,N,Elder,M,18,C,INDIGO,N,NW,Y
8998,386.19,N,Elder,F,11,A,MAGENTA,M,ME,Y
8999,541.12,N,Elder,M,18,A,MAGENTA,N,NE,N
9000,796.04,N,Elder,M,15,B,BROWN,N,NE,Y
9001,922.23,N,Elder,M,18,A,BROWN,N,NE,Y
9002,845.84,N,Elder,M,15,B,MAGENTA,S,SW,N
9003,776.8,Y,Elder,M,17,B,BROWN,N,NW,Y
9004,828.28,N,Elder,F,14,C,INDIGO,N,NW,N
9005,642.02,N,Elder,F,19,A,BROWN,N,NE,N
9006,594.06,N,Elder,M,14,A,BROWN,M,MW,Y
9007,662.16,N,Elder,F,16,B,INDIGO,N,NE,Y
9008,723.83,N,Elder,F,17,A,INDIGO,S,SW,Y
9009,834.77,Y,Elder,M,13,C,INDIGO,M,MW,Y
9010,1009.47,N,Elder,F,14,B,INDIGO,M,MW,Y
9011,1167.6,N,Elder,M,19,C,INDIGO,S,SE,N
9012,319.26,N,Elder,M,14,A,BROWN,N,NE,Y
9013,1626.62,N,Elder,M,21,D,INDIGO,N,NW,Y
9014,558.78,N,Elder,M,18,A,MAGENTA,S,SE,N
9015,1270.96,Y,Elder,F,18,C,MAGENTA,N,NE,N
9016,965.35,N,Elder,M,17,B,INDIGO,M,ME,Y
9017,836.07,Y,Elder,M,19,B,BROWN,N,NE,Y
9018,873.54,N,Elder,M,17,B,MAGENTA,S,SW,N
9019,1344.69,N,Elder,M,15,D,BROWN,M,MW,Y
9020,837.2,Y,Elder,M,19,B,MAGENTA,S,SW,N
9021,659.35,N,Elder,M,16,B,BROWN,M,MW,Y
9022,704.45,N,Young,F,13,B,BROWN,S,SW,N
9023,456.43,N,Elder,F,12,B,MAGENTA,N,NW,Y
9024,1010.82,Y,Elder,F,15,C,BROWN,N,NE,Y
9025,543.84,N,Elder,M,14,B,BROWN,N,NE,Y
9026,846.37,N,Elder,F,19,B,BROWN,M,ME,N
9027,1099.8,N,Elder,F,14,D,INDIGO,M,ME,N
9028,955.25,N,Elder,M,16,C,INDIGO,M,MW,Y
9029,449.24,N,Elder,F,16,A,INDIGO,N,NW,Y
9030,712.38,N,Elder,M,17,B,BROWN,N,NW,N
9031,1435.14,N,Elder,M,18,C,BROWN,N,NW,Y
9032,495.61,N,Elder,M,18,A,MAGENTA,S,SW,N
9033,866.34,N,Elder,F,19,B,PURPLE,S,SW,N
9034,358.72,N,Elder,F,15,A,MAGENTA,N,NE,Y
9035,861.53,N,Elder,M,14,C,INDIGO,M,MW,N
9036,1808.14,Y,Elder,M,22,D,BROWN,S,SW,Y
9037,331.64,N,Elder,M,15,A,MAGENTA,M,ME,N
9038,995.56,N,Elder,F,16,C,BROWN,M,MW,N
9039,550.34,N,Elder,F,18,A,INDIGO,N,NW,N
9040,394.21,N,Elder,M,16,A,BROWN,N,NW,N
9041,1260.27,N,Elder,M,21,C,MAGENTA,N,NW,Y
9042,1057.24,Y,Elder,M,18,C,BROWN,N,NW,Y
9043,849.69,N,Elder,M,17,B,BROWN,M,ME,Y
9044,1466.06,N,Elder,F,19,A,INDIGO,N,NE,Y
9045,535.62,N,Elder,M,17,A,MAGENTA,M,ME,N
9046,492.22,N,Elder,F,17,A,INDIGO,M,MW,Y
9047,463.24,N,Elder,M,17,A,BROWN,M,ME,Y
9048,1014.7,N,Elder,F,18,B,INDIGO,M,MW,N
9049,326.11,N,Elder,F,14,A,INDIGO,M,MW,Y
9050,786.96,N,Elder,M,13,C,INDIGO,N,NW,N
9051,459.43,N,Elder,M,15,A,BROWN,N,NW,Y
9052,453.78,N,Elder,M,16,A,BROWN,N,NE,Y
9053,391.29,N,Young,M,16,A,BROWN,N,NW,Y
9054,962.61,N,Young,M,14,A,MAGENTA,N,NW,Y
9055,876.7,N,Elder,F,17,B,INDIGO,S,SE,Y
9056,1369.24,N,Elder,M,20,A,INDIGO,N,NE,N
9057,755.35,N,Elder,M,17,A,MAGENTA,M,ME,N
9058,1007.31,N,Elder,M,14,C,BROWN,M,MW,N
9059,676.47,N,Elder,F,16,B,INDIGO,S,SE,Y
9060,822.46,N,Elder,M,15,B,MAGENTA,M,MW,N
9061,558.89,Y,Elder,M,12,B,BROWN,N,NW,Y
9062,1167.14,N,Elder,M,20,C,INDIGO,N,NE,N
9063,688.05,N,Elder,F,15,B,INDIGO,S,SW,Y
9064,465.9,N,Elder,M,12,B,BROWN,M,MW,N
9065,1038.83,Y,Elder,F,17,C,MAGENTA,M,ME,N
9066,1051.89,N,Elder,M,18,C,MAGENTA,N,NW,N
9067,784.58,N,Elder,M,12,A,MAGENTA,N,NE,N
9068,1055.81,N,Elder,F,20,B,PURPLE,N,NW,N
9069,672.99,N,Elder,F,16,B,INDIGO,N,NE,N
9070,871.27,N,Elder,F,18,B,BROWN,S,SE,N
9071,1272.59,N,Elder,M,19,C,BROWN,M,MW,N
9072,230.9,N,Young,M,13,A,INDIGO,M,ME,N
9073,667.15,N,Elder,M,16,A,INDIGO,M,ME,Y
9074,314.34,N,Elder,F,14,A,MAGENTA,S,SW,N
9075,489.89,N,Elder,M,18,A,INDIGO,S,SE,Y
9076,1087.9,Y,Elder,F,22,B,PURPLE,N,NW,N
9077,774.7,Y,Young,M,16,B,BROWN,M,MW,Y
9078,939.36,N,Elder,F,16,C,INDIGO,S,SW,N
9079,438,N,Elder,M,12,B,INDIGO,N,NW,Y
9080,863.04,Y,Elder,M,18,B,INDIGO,M,ME,Y
9081,822.9,N,Elder,M,18,B,BROWN,M,ME,Y
9082,1396.36,N,Elder,M,16,C,INDIGO,N,NW,Y
9083,866.09,N,Elder,F,14,C,BROWN,S,SW,Y
9084,288.54,N,Elder,F,13,A,BROWN,M,ME,Y
9085,954.36,Y,Elder,F,15,C,INDIGO,N,NE,Y
9086,1355.57,Y,Elder,M,17,C,INDIGO,N,NW,Y
9087,627.66,N,Elder,M,15,B,INDIGO,S,SW,Y
9088,956.48,N,Elder,M,17,B,BROWN,S,SE,Y
9089,631.64,N,Elder,M,15,A,MAGENTA,N,NW,N
9090,1293.78,N,Elder,M,18,B,MAGENTA,S,SE,Y
9091,671.65,N,Elder,M,13,B,BROWN,N,NE,Y
9092,428.89,N,Elder,M,13,A,BROWN,S,SW,N
9093,923.37,N,Elder,F,14,C,MAGENTA,N,NE,N
9094,826.51,N,Elder,M,19,B,INDIGO,M,MW,N
9095,565.9,N,Elder,M,14,B,INDIGO,M,MW,N
9096,1118.78,N,Elder,M,18,C,INDIGO,M,ME,Y
9097,610.18,N,Elder,M,15,B,INDIGO,M,MW,Y
9098,966.16,N,Elder,M,15,B,BROWN,N,NW,Y
9099,623.91,Y,Young,M,12,B,BROWN,S,SE,Y
9100,856.56,N,Elder,F,18,B,MAGENTA,N,NW,Y
9101,984.16,N,Elder,M,19,B,MAGENTA,S,SW,Y
9102,543.21,N,Elder,F,17,A,BROWN,M,ME,Y
9103,763.03,N,Elder,F,16,B,INDIGO,M,MW,N
9104,513.81,N,Elder,F,18,A,BROWN,N,NW,Y
9105,579.54,N,Elder,M,19,A,BROWN,M,ME,Y
9106,946.09,N,Elder,M,17,B,BROWN,M,MW,Y
9107,1235.63,N,Elder,M,16,C,BROWN,S,SE,Y
9108,611.51,N,Young,F,15,B,PURPLE,N,NW,N
9109,1781.22,N,Elder,M,18,B,INDIGO,S,SW,N
9110,912.78,N,Elder,M,16,B,BROWN,N,NW,N
9111,860.85,N,Elder,F,13,C,INDIGO,M,ME,Y
9112,1123.91,N,Elder,M,18,A,MAGENTA,M,ME,N
9113,685.66,N,Elder,M,16,A,BROWN,N,NE,Y
9114,1087.64,N,Elder,F,15,C,MAGENTA,M,ME,N
9115,675.9,N,Elder,M,16,B,INDIGO,N,NW,N
9116,798.69,N,Elder,F,18,B,MAGENTA,M,ME,N
9117,790.75,N,Elder,M,18,B,PURPLE,N,NW,N
9118,657.88,N,Elder,M,18,A,BROWN,N,NW,N
9119,2037.33,N,Elder,F,18,A,BROWN,M,MW,Y
9120,926.59,Y,Young,M,13,C,BROWN,N,NE,Y
9121,553.49,N,Young,F,17,A,BROWN,S,SE,Y
9122,911.43,Y,Elder,M,15,B,BROWN,N,NW,Y
9123,1359.06,N,Elder,F,19,C,INDIGO,S,SW,Y
9124,714.56,N,Elder,M,17,B,BROWN,M,ME,Y
9125,521.27,Y,Elder,M,13,B,INDIGO,S,SW,Y
9126,591.2,N,Elder,F,15,B,BROWN,N,NW,Y
9127,952.21,N,Elder,F,14,C,BROWN,S,SW,N
9128,690.22,N,Young,F,18,A,MAGENTA,M,ME,Y
9129,1320.71,N,Elder,M,17,C,BROWN,N,NW,Y
9130,394.06,N,Elder,M,16,A,INDIGO,N,NE,N
9131,1102.81,Y,Elder,M,19,C,BROWN,M,ME,N
9132,794.36,N,Elder,F,18,A,PURPLE,S,SE,N
9133,694.18,N,Elder,M,17,A,BROWN,N,NW,Y
9134,530.53,N,Elder,M,17,A,BROWN,M,ME,Y
9135,666.29,N,Elder,M,16,B,BROWN,S,SW,Y
9136,417.07,N,Elder,M,16,A,INDIGO,N,NW,Y
9137,604.6,N,Elder,F,10,C,MAGENTA,N,NE,N
9138,841.16,Y,Elder,F,17,B,BROWN,N,NW,Y
9139,1335.16,N,Young,M,19,C,INDIGO,N,NE,Y
9140,1113.34,N,Elder,M,24,B,BROWN,N,NW,Y
9141,904.29,N,Young,M,12,C,MAGENTA,N,NW,N
9142,682.95,N,Elder,M,16,B,BROWN,N,NW,Y
9143,762.56,N,Elder,M,15,B,INDIGO,N,NE,Y
9144,677.83,N,Elder,F,15,B,MAGENTA,N,NE,Y
9145,937.63,N,Elder,M,16,C,BROWN,M,ME,Y
9146,594.5,N,Young,M,11,B,BROWN,S,SW,Y
9147,805.02,N,Elder,M,17,B,MAGENTA,N,NW,N
9148,1073.12,N,Elder,M,15,B,BROWN,N,NW,N
9149,403.09,N,Elder,F,14,A,PURPLE,M,ME,N
9150,880.38,N,Elder,F,19,B,BROWN,N,NW,N
9151,1140.94,N,Elder,F,15,B,INDIGO,S,SE,Y
9152,810.83,N,Elder,M,13,C,BROWN,S,SW,Y
9153,1243.07,N,Elder,M,20,C,MAGENTA,N,NE,Y
9154,893.17,N,Elder,M,14,C,BROWN,M,ME,Y
9155,563.92,N,Elder,M,13,B,INDIGO,N,NE,N
9156,671.36,N,Elder,M,15,B,MAGENTA,S,SE,N
9157,1960.4,N,Elder,F,17,D,PURPLE,S,SW,N
9158,1742.71,N,Elder,M,17,B,BROWN,M,ME,N
9159,964.07,Y,Elder,M,18,B,BROWN,N,NW,Y
9160,869.78,N,Elder,M,19,B,BROWN,M,ME,N
9161,970.41,N,Elder,F,19,A,INDIGO,S,SW,Y
9162,618.57,N,Elder,F,20,A,MAGENTA,N,NW,N
9163,1018.3,N,Elder,M,17,C,BROWN,S,SW,Y
9164,637.65,N,Elder,M,17,A,BROWN,N,NE,Y
9165,1365.41,N,Elder,M,18,D,PURPLE,S,SE,N
9166,937.02,N,Elder,M,14,A,BROWN,S,SW,Y
9167,463.48,N,Elder,M,17,A,BROWN,N,NW,Y
9168,773.77,Y,Elder,M,18,B,MAGENTA,M,MW,Y
9169,389.24,N,Elder,F,15,A,MAGENTA,S,SW,Y
9170,729.94,N,Elder,M,20,A,BROWN,S,SE,Y
9171,1295.13,N,Elder,F,15,C,BROWN,M,ME,Y
9172,811.29,N,Elder,F,13,C,MAGENTA,N,NW,N
9173,333.5,N,Elder,M,15,A,PURPLE,M,MW,N
9174,240.69,N,Elder,F,13,A,BROWN,N,NW,Y
9175,1024.6,Y,Elder,M,17,C,BROWN,M,MW,Y
9176,975.17,N,Elder,F,19,B,INDIGO,N,NW,Y
9177,734.16,Y,Elder,M,13,B,BROWN,N,NE,Y
9178,1334.78,N,Elder,M,17,A,BROWN,M,ME,Y
9179,1499.16,N,Elder,F,16,C,BROWN,M,ME,Y
9180,917.07,N,Elder,F,15,C,INDIGO,N,NW,Y
9181,915.3,N,Elder,M,18,B,INDIGO,N,NE,N
9182,941.39,N,Elder,M,16,C,MAGENTA,M,MW,N
9183,235.59,N,Elder,M,12,A,MAGENTA,N,NE,N
9184,787.11,N,Elder,M,16,B,MAGENTA,S,SE,N
9185,619.2,N,Elder,M,15,B,INDIGO,N,NW,Y
9186,731.04,N,Elder,M,17,A,MAGENTA,N,NW,Y
9187,496,N,Elder,F,17,A,INDIGO,M,ME,N
9188,732.28,N,Young,F,17,B,BROWN,M,ME,Y
9189,707.81,N,Elder,M,16,B,BROWN,N,NW,N
9190,692.16,Y,Elder,M,16,B,INDIGO,S,SW,Y
9191,1041.25,N,Elder,M,18,C,INDIGO,N,NE,N
9192,835.06,N,Elder,M,19,B,PURPLE,S,SW,N
9193,645.07,N,Elder,F,15,A,BROWN,N,NW,N
9194,1154.01,N,Elder,M,15,D,BROWN,M,MW,Y
9195,1163.38,N,Elder,M,19,C,INDIGO,M,ME,N
9196,915.34,N,Elder,F,18,A,BROWN,N,NW,Y
9197,685.76,N,Elder,F,16,B,INDIGO,S,SE,Y
9198,839.7,N,Elder,F,14,C,BROWN,N,NE,Y
9199,972.06,N,Elder,M,21,B,BROWN,S,SW,Y
9200,832.1,N,Elder,M,19,B,MAGENTA,S,SW,N
9201,290.91,N,Elder,M,14,A,PURPLE,S,SW,N
9202,756.42,N,Elder,F,19,A,INDIGO,N,NE,N
9203,966.5,N,Elder,M,20,B,BROWN,N,NW,N
9204,576.02,N,Elder,M,16,A,BROWN,M,ME,Y
9205,924.54,Y,Elder,M,14,B,BROWN,N,NW,Y
9206,869.18,N,Elder,M,18,B,BROWN,M,MW,Y
9207,954.08,N,Elder,M,16,C,BROWN,S,SW,Y
9208,1154.55,N,Elder,M,15,D,INDIGO,N,NW,N
9209,594.73,N,Elder,M,15,B,BROWN,S,SW,Y
9210,287.07,N,Elder,F,14,A,PURPLE,N,NW,N
9211,396.42,N,Elder,M,16,A,PURPLE,S,SE,N
9212,504.39,N,Elder,M,18,A,BROWN,N,NE,N
9213,447.47,Y,Young,F,11,B,INDIGO,M,MW,Y
9214,847.95,Y,Elder,M,18,B,INDIGO,S,SW,Y
9215,893,N,Elder,M,16,B,BROWN,M,MW,Y
9216,659.91,N,Elder,F,14,A,MAGENTA,S,SE,Y
9217,1278.9,N,Elder,M,16,C,INDIGO,N,NW,N
9218,801.13,N,Elder,M,18,B,PURPLE,S,SW,N
9219,888.05,N,Elder,F,13,C,BROWN,N,NE,Y
9220,839.04,N,Elder,M,15,B,INDIGO,N,NW,N
9221,1165.92,N,Elder,F,15,D,MAGENTA,M,MW,Y
9222,198.57,N,Elder,F,12,A,MAGENTA,M,ME,N
9223,1140.68,N,Elder,F,15,B,INDIGO,N,NW,Y
9224,713.68,N,Elder,F,17,B,INDIGO,S,SE,N
9225,613.17,N,Elder,M,15,B,INDIGO,M,MW,Y
9226,502.35,N,Elder,M,17,A,MAGENTA,S,SE,N
9227,757.66,N,Elder,M,16,A,BROWN,M,ME,Y
9228,413.47,N,Elder,F,16,A,INDIGO,N,NW,N
9229,938.93,N,Elder,M,16,B,INDIGO,M,MW,Y
9230,607.05,N,Elder,M,20,A,INDIGO,M,MW,N
9231,1220.95,N,Elder,M,15,B,MAGENTA,S,SE,Y
9232,1031.87,N,Elder,M,21,B,BROWN,N,NE,Y
9233,606.44,N,Elder,M,15,B,MAGENTA,M,MW,Y
9234,1125.22,N,Elder,M,14,D,BROWN,N,NE,Y
9235,1014.46,N,Elder,M,21,B,MAGENTA,N,NW,Y
9236,1174.12,N,Elder,M,20,B,BROWN,S,SW,N
9237,970.67,N,Elder,F,15,C,INDIGO,M,MW,N
9238,446.76,N,Elder,M,17,A,BROWN,M,ME,Y
9239,619.06,N,Elder,M,15,B,MAGENTA,N,NW,Y
9240,559.39,N,Elder,F,14,B,MAGENTA,N,NE,Y
9241,1166.4,N,Young,M,16,C,INDIGO,M,MW,Y
9242,801.96,N,Elder,F,16,B,BROWN,N,NW,Y
9243,957.06,N,Elder,M,15,C,MAGENTA,M,ME,N
9244,1126.26,N,Elder,M,17,C,MAGENTA,N,NW,N
9245,989.13,N,Elder,F,15,B,INDIGO,M,ME,N
9246,409.98,N,Elder,M,13,A,INDIGO,N,NE,N
9247,903.53,N,Elder,M,20,B,INDIGO,M,MW,N
9248,402.15,N,Elder,M,16,A,INDIGO,M,ME,Y
9249,788.61,N,Elder,M,15,B,MAGENTA,S,SE,N
9250,305.93,N,Elder,F,13,A,INDIGO,S,SE,Y
9251,1180.09,N,Elder,F,21,A,BROWN,S,SW,Y
9252,1362.18,N,Elder,M,20,B,BROWN,S,SE,Y
9253,361.14,N,Elder,F,15,A,MAGENTA,N,NW,N
9254,1211.03,N,Elder,F,14,B,MAGENTA,S,SE,Y
9255,877.22,Y,Elder,M,19,B,MAGENTA,M,ME,N
9256,1935.98,Y,Young,M,15,C,BROWN,N,NE,Y
9257,705.28,N,Young,M,15,B,MAGENTA,M,ME,Y
9258,238.44,Y,Elder,M,13,A,BROWN,S,SW,N
9259,638.19,N,Elder,M,14,B,BROWN,M,ME,Y
9260,687.51,N,Elder,M,15,B,INDIGO,M,ME,N
9261,1081.05,N,Elder,M,20,B,BROWN,M,MW,N
9262,549.52,N,Elder,M,18,A,BROWN,M,MW,N
9263,900.19,N,Elder,M,13,C,INDIGO,M,ME,N
9264,769.03,N,Elder,M,17,B,BROWN,M,ME,Y
9265,897.82,N,Elder,M,13,C,BROWN,S,SE,N
9266,1236.56,N,Elder,M,16,D,INDIGO,N,NW,Y
9267,1141.88,N,Elder,M,19,C,BROWN,N,NE,Y
9268,294.79,N,Elder,F,14,A,MAGENTA,N,NW,N
9269,640.06,N,Elder,M,15,B,BROWN,N,NW,Y
9270,423.9,N,Young,M,15,A,INDIGO,S,SE,N
9271,284.85,N,Elder,M,14,A,PURPLE,S,SW,N
9272,1296.94,N,Elder,F,22,C,BROWN,N,NE,Y
9273,1024.42,N,Young,M,16,C,MAGENTA,N,NW,N
9274,562.92,N,Elder,M,14,B,INDIGO,S,SE,N
9275,354.73,N,Elder,F,15,A,INDIGO,S,SE,N
9276,523.39,N,Elder,F,18,A,BROWN,S,SE,Y
9277,1430.75,Y,Elder,M,18,D,INDIGO,M,MW,Y
9278,610.94,N,Elder,M,15,A,MAGENTA,N,NE,N
9279,454.01,N,Elder,F,17,A,PURPLE,N,NW,N
9280,229.05,N,Elder,F,13,A,INDIGO,M,MW,N
9281,932.62,Y,Elder,M,16,C,BROWN,S,SE,Y
9282,917.51,Y,Young,M,14,C,INDIGO,M,MW,Y
9283,571.22,N,Elder,M,19,A,BROWN,N,NE,Y
9284,1540.69,N,Elder,M,22,D,BROWN,S,SE,Y
9285,792.98,Y,Elder,M,17,B,MAGENTA,M,ME,Y
9286,927.86,N,Elder,M,15,C,INDIGO,M,ME,Y
9287,927.47,Y,Elder,M,16,C,MAGENTA,N,NW,Y
9288,1045.12,N,Elder,F,18,C,INDIGO,M,ME,Y
9289,1066.64,N,Elder,F,17,B,MAGENTA,S,SW,Y
9290,772.46,Y,Elder,F,17,B,BROWN,N,NW,Y
9291,931.8,N,Elder,F,15,C,MAGENTA,N,NE,N
9292,976.92,N,Elder,M,20,B,INDIGO,M,MW,Y
9293,655.41,N,Elder,M,12,A,INDIGO,S,SW,Y
9294,848.78,N,Elder,M,19,B,INDIGO,M,MW,Y
9295,437.78,N,Elder,M,16,A,BROWN,M,MW,Y
9296,1075.52,N,Elder,M,18,C,BROWN,M,ME,N
9297,884.39,N,Elder,M,20,B,BROWN,N,NW,Y
9298,337.06,N,Elder,F,15,A,INDIGO,N,NE,N
9299,1443.25,N,Elder,M,13,D,MAGENTA,S,SE,N
9300,1389.66,N,Elder,F,16,C,BROWN,S,SW,Y
9301,1157.51,N,Elder,M,15,D,INDIGO,N,NE,N
9302,1027.53,Y,Elder,F,13,B,BROWN,N,NW,Y
9303,1070.65,N,Elder,M,15,B,MAGENTA,N,NW,Y
9304,836.29,N,Elder,M,13,C,BROWN,M,MW,Y
9305,1363.25,N,Elder,M,20,C,MAGENTA,N,NE,N
9306,953.17,N,Elder,F,15,C,INDIGO,N,NE,Y
9307,512.43,N,Elder,M,18,A,PURPLE,M,MW,N
9308,1238.71,N,Elder,M,18,C,BROWN,M,ME,Y
9309,1064.17,N,Elder,M,16,B,INDIGO,N,NW,Y
9310,1076.71,N,Elder,M,17,C,INDIGO,M,ME,N
9311,2623.39,N,Elder,M,21,B,MAGENTA,N,NE,Y
9312,1078.8,Y,Young,F,15,B,BROWN,S,SE,Y
9313,1087.6,N,Elder,F,17,B,BROWN,M,ME,N
9314,804.05,Y,Elder,M,17,B,BROWN,M,MW,Y
9315,811.35,N,Elder,M,17,B,BROWN,S,SW,N
9316,721.03,N,Elder,M,22,A,BROWN,S,SE,N
9317,1397.2,N,Elder,M,14,D,INDIGO,S,SW,Y
9318,1312.22,N,Elder,F,17,D,MAGENTA,N,NE,N
9319,628.35,N,Elder,F,14,A,BROWN,M,MW,N
9320,812.22,N,Young,M,18,B,INDIGO,S,SE,Y
9321,952.13,N,Elder,F,15,C,BROWN,M,ME,Y
9322,1063.05,N,Elder,M,20,B,INDIGO,M,MW,N
9323,1066.34,N,Elder,M,21,A,PURPLE,N,NE,N
9324,1486.22,N,Elder,M,15,C,BROWN,N,NW,Y
9325,513.74,N,Elder,M,17,A,INDIGO,M,ME,Y
9326,600.37,N,Elder,M,15,B,PURPLE,M,ME,N
9327,602.89,Y,Elder,F,15,B,INDIGO,N,NE,Y
9328,486.12,N,Elder,F,16,A,INDIGO,N,NE,N
9329,727.48,N,Elder,M,17,B,INDIGO,M,MW,Y
9330,805.98,N,Elder,M,18,A,INDIGO,M,MW,Y
9331,701.84,N,Elder,F,11,C,MAGENTA,M,MW,N
9332,654.93,N,Elder,F,11,C,INDIGO,M,MW,Y
9333,1104.12,N,Young,M,19,C,INDIGO,M,ME,Y
9334,689.9,N,Elder,M,21,A,BROWN,N,NW,N
9335,243.05,N,Elder,F,13,A,INDIGO,S,SW,Y
9336,1001.47,N,Elder,F,13,B,BROWN,N,NE,Y
9337,1186.63,N,Elder,F,17,C,BROWN,N,NW,N
9338,615.96,N,Elder,M,16,A,BROWN,M,ME,N
9339,337.25,N,Elder,F,13,A,MAGENTA,S,SW,N
9340,1640.82,N,Elder,M,21,D,BROWN,M,MW,Y
9341,174.97,N,Elder,F,12,A,INDIGO,S,SE,Y
9342,712.27,N,Elder,M,19,A,BROWN,N,NW,N
9343,962.67,N,Elder,M,24,A,MAGENTA,N,NW,Y
9344,793.07,N,Elder,M,18,B,INDIGO,N,NW,Y
9345,455.37,N,Elder,F,16,A,INDIGO,M,MW,N
9346,973.59,N,Elder,M,15,C,MAGENTA,M,MW,N
9347,992.24,N,Elder,M,17,C,BROWN,N,NW,Y
9348,278.68,N,Elder,M,13,A,INDIGO,M,MW,N
9349,874.92,Y,Young,M,16,B,BROWN,N,NW,Y
9350,735.72,N,Elder,F,17,B,INDIGO,S,SE,N
9351,360.71,N,Elder,F,15,A,PURPLE,N,NW,N
9352,938.1,N,Elder,F,11,D,BROWN,S,SW,Y
9353,1415.46,N,Elder,M,20,B,INDIGO,N,NW,N
9354,655.53,N,Elder,F,16,B,BROWN,N,NE,N
9355,549.33,N,Elder,F,11,A,MAGENTA,N,NW,N
9356,1035.86,N,Elder,M,15,C,BROWN,N,NW,Y
9357,962.72,N,Elder,F,15,C,BROWN,M,MW,Y
9358,770.89,N,Elder,F,14,B,INDIGO,N,NE,Y
9359,658.67,N,Elder,F,15,B,MAGENTA,N,NW,Y
9360,795.87,N,Elder,F,22,A,BROWN,M,MW,Y
9361,1672.39,N,Elder,F,15,B,BROWN,S,SW,Y
9362,992.35,N,Elder,M,15,C,BROWN,M,ME,Y
9363,638.25,N,Elder,M,14,B,MAGENTA,N,NW,N
9364,491.76,N,Elder,M,17,A,BROWN,N,NW,N
9365,986.96,N,Elder,M,18,A,MAGENTA,M,MW,Y
9366,452.83,N,Elder,F,17,A,BROWN,S,SW,Y
9367,947.44,N,Elder,M,17,A,BROWN,M,MW,Y
9368,1068.39,N,Elder,M,17,B,MAGENTA,N,NW,Y
9369,725.21,N,Elder,M,20,A,INDIGO,M,MW,Y
9370,695.49,N,Elder,M,16,B,INDIGO,S,SW,N
9371,379.15,N,Elder,F,15,A,MAGENTA,S,SE,N
9372,1150.17,Y,Elder,M,15,D,INDIGO,M,ME,Y
9373,304.99,N,Elder,F,14,A,MAGENTA,M,MW,N
9374,868.65,N,Young,M,12,C,BROWN,N,NW,Y
9375,615.69,N,Elder,F,15,B,INDIGO,S,SW,N
9376,924.34,N,Elder,F,9,A,BROWN,N,NW,Y
9377,1039.59,N,Elder,F,13,D,INDIGO,M,MW,Y
9378,894.89,Y,Young,M,15,C,INDIGO,M,MW,Y
9379,136.26,Y,Elder,F,11,A,BROWN,N,NW,Y
9380,884.7,N,Elder,M,19,B,MAGENTA,N,NW,N
9381,1285.63,N,Young,M,21,C,BROWN,N,NE,Y
9382,1749.08,Y,Elder,F,16,C,MAGENTA,M,ME,Y
9383,502.69,N,Young,M,14,A,MAGENTA,M,MW,Y
9384,425.46,N,Elder,M,15,A,MAGENTA,N,NW,N
9385,852.78,N,Elder,M,19,B,BROWN,M,ME,N
9386,641.61,Y,Elder,F,15,B,BROWN,N,NW,Y
9387,570.42,Y,Elder,M,16,A,BROWN,N,NW,Y
9388,662.37,N,Elder,F,13,B,BROWN,M,MW,Y
9389,831.89,N,Elder,M,14,B,MAGENTA,N,NW,Y
9390,409.72,N,Elder,M,15,A,BROWN,N,NW,Y
9391,1124.43,N,Elder,M,16,C,PURPLE,M,ME,N
9392,1391.97,N,Elder,M,12,D,MAGENTA,M,MW,N
9393,1393.39,N,Elder,M,16,B,BROWN,M,MW,Y
9394,601.59,N,Elder,M,20,A,MAGENTA,M,MW,N
9395,1093.96,N,Elder,M,14,D,BROWN,M,ME,Y
9396,803.9,Y,Elder,F,17,B,INDIGO,S,SE,N
9397,950.49,N,Elder,M,16,C,BROWN,N,NE,Y
9398,856.36,N,Elder,F,14,C,MAGENTA,N,NW,N
9399,505.29,N,Elder,F,18,A,BROWN,M,ME,Y
9400,1354.61,N,Elder,F,14,C,MAGENTA,N,NW,N
9401,306.91,N,Elder,F,13,A,BROWN,M,MW,Y
9402,658.41,N,Elder,M,16,B,MAGENTA,M,ME,Y
9403,897.56,N,Elder,M,20,B,INDIGO,S,SW,N
9404,1254.96,N,Elder,F,17,D,BROWN,S,SE,Y
9405,945.26,N,Elder,M,16,C,MAGENTA,M,MW,N
9406,1807.66,N,Elder,M,10,B,MAGENTA,M,MW,N
9407,251.17,N,Elder,M,13,A,INDIGO,S,SW,N
9408,1165.52,N,Elder,F,16,C,BROWN,N,NE,Y
9409,1289.5,Y,Elder,M,17,D,BROWN,M,MW,Y
9410,411.55,N,Elder,F,14,A,MAGENTA,N,NE,Y
9411,1292.43,N,Elder,M,15,D,INDIGO,N,NE,N
9412,388.04,N,Elder,M,14,A,INDIGO,N,NW,N
9413,778.47,Y,Elder,F,13,C,MAGENTA,S,SE,N
9414,1047.29,N,Elder,M,15,C,BROWN,M,MW,N
9415,1282.43,N,Elder,M,12,A,INDIGO,M,ME,N
9416,1468.83,N,Elder,F,19,C,MAGENTA,N,NW,N
9417,726.36,N,Elder,F,12,C,INDIGO,N,NE,N
9418,998.72,N,Elder,M,17,C,MAGENTA,S,SW,Y
9419,324.45,N,Elder,M,15,A,MAGENTA,S,SE,Y
9420,846.39,N,Elder,M,17,B,MAGENTA,N,NE,N
9421,600.86,N,Elder,F,14,B,PURPLE,M,MW,N
9422,687.08,N,Elder,M,20,A,MAGENTA,M,MW,N
9423,503.55,N,Elder,M,17,A,BROWN,S,SE,Y
9424,720.34,Y,Elder,M,16,A,BROWN,S,SE,Y
9425,735.22,N,Elder,F,17,B,BROWN,M,ME,Y
9426,475.9,N,Young,M,11,A,PURPLE,S,SE,N
9427,860.36,N,Elder,F,17,B,INDIGO,M,MW,Y
9428,1116.68,N,Elder,F,17,C,BROWN,M,ME,Y
9429,1448.3,N,Elder,M,16,D,MAGENTA,M,MW,Y
9430,766.53,Y,Elder,M,18,B,BROWN,M,MW,Y
9431,253.25,N,Elder,M,12,A,MAGENTA,M,MW,N
9432,1162.97,N,Elder,M,19,C,PURPLE,S,SW,N
9433,796.01,N,Elder,M,14,B,INDIGO,M,MW,Y
9434,565.02,N,Elder,F,19,A,BROWN,N,NW,Y
9435,1205.24,N,Elder,M,21,B,BROWN,N,NE,Y
9436,1118.09,Y,Young,M,19,C,MAGENTA,N,NE,Y
9437,536.45,N,Elder,M,13,B,MAGENTA,S,SW,Y
9438,2203.67,N,Elder,F,17,B,BROWN,N,NE,Y
9439,608.77,N,Elder,M,15,B,INDIGO,M,MW,Y
9440,606.96,N,Elder,F,13,B,INDIGO,N,NE,Y
9441,1129.15,N,Young,F,17,C,MAGENTA,N,NW,N
9442,1218.8,N,Elder,F,19,C,MAGENTA,M,ME,N
9443,1018.63,N,Elder,M,16,C,BROWN,S,SW,Y
9444,621.21,N,Elder,F,15,B,BROWN,N,NW,Y
9445,900.62,N,Elder,M,20,B,INDIGO,N,NW,Y
9446,1213.55,N,Elder,M,16,A,INDIGO,M,ME,N
9447,817.33,N,Elder,F,18,B,MAGENTA,N,NW,Y
9448,937.11,N,Elder,F,18,B,MAGENTA,M,MW,N
9449,444.3,N,Elder,F,17,A,BROWN,M,MW,Y
9450,1660.29,N,Elder,M,15,D,INDIGO,S,SW,Y
9451,1102.27,N,Elder,M,17,B,MAGENTA,N,NW,N
9452,947.49,N,Elder,M,17,B,INDIGO,N,NW,N
9453,822.67,N,Elder,F,17,B,BROWN,S,SW,Y
9454,414.77,N,Young,M,16,A,INDIGO,M,MW,Y
9455,355.92,Y,Elder,F,15,A,INDIGO,S,SE,Y
9456,1317.15,Y,Elder,M,18,D,MAGENTA,M,MW,N
9457,989.97,N,Elder,F,18,A,MAGENTA,M,MW,N
9458,1003.16,N,Elder,F,16,B,MAGENTA,S,SW,N
9459,1043.63,N,Elder,M,23,B,BROWN,S,SW,Y
9460,1292.81,N,Young,F,17,B,INDIGO,N,NE,N
9461,773.75,N,Elder,F,17,B,INDIGO,M,MW,Y
9462,673.97,N,Elder,F,13,B,BROWN,N,NE,N
9463,840.53,N,Elder,F,19,A,MAGENTA,M,ME,Y
9464,1184.8,N,Elder,M,20,C,BROWN,M,ME,N
9465,721.22,N,Elder,M,16,B,MAGENTA,S,SE,Y
9466,956.55,N,Elder,M,21,B,INDIGO,N,NE,N
9467,741.11,N,Elder,F,15,B,BROWN,N,NE,N
9468,1176.95,N,Elder,F,20,C,PURPLE,N,NW,N
9469,688.11,N,Young,M,16,B,PURPLE,M,ME,N
9470,1043.05,N,Elder,F,18,B,INDIGO,N,NW,Y
9471,1259.29,N,Elder,F,16,B,MAGENTA,N,NE,N
9472,768.11,N,Elder,M,13,C,MAGENTA,M,ME,N
9473,1652.66,Y,Elder,F,17,C,BROWN,M,MW,Y
9474,1806.77,N,Elder,F,16,B,BROWN,M,ME,Y
9475,833.26,N,Young,F,14,B,INDIGO,S,SE,Y
9476,607.24,N,Young,F,9,C,INDIGO,N,NE,N
9477,714.26,Y,Elder,M,17,B,INDIGO,S,SW,Y
9478,1128.32,N,Elder,M,18,C,MAGENTA,S,SE,N
9479,498.33,N,Elder,F,14,A,INDIGO,M,MW,Y
9480,574.78,N,Elder,M,19,A,BROWN,S,SW,N
9481,1209.2,Y,Elder,M,23,B,BROWN,N,NE,Y
9482,826.84,N,Elder,F,14,C,BROWN,M,ME,Y
9483,1128.98,N,Elder,M,17,B,MAGENTA,N,NW,N
9484,198.87,N,Young,M,12,A,PURPLE,M,MW,N
9485,708.87,N,Elder,F,17,B,BROWN,N,NW,Y
9486,885.8,N,Elder,F,15,B,BROWN,S,SW,N
9487,714.09,N,Elder,M,17,B,PURPLE,N,NW,N
9488,857.09,Y,Elder,M,17,B,INDIGO,M,MW,Y
9489,561.96,N,Elder,F,12,B,BROWN,S,SW,Y
9490,1302.78,N,Elder,F,18,B,INDIGO,N,NE,Y
9491,1217.01,N,Elder,F,13,D,INDIGO,S,SE,Y
9492,717.07,N,Elder,F,12,C,MAGENTA,S,SW,N
9493,1181.43,Y,Young,F,14,C,PURPLE,M,MW,N
9494,1237.13,N,Elder,M,20,C,MAGENTA,N,NW,Y
9495,1017.26,N,Elder,F,21,B,INDIGO,M,MW,N
9496,1005.94,N,Elder,M,17,C,INDIGO,M,ME,Y
9497,714.25,N,Elder,M,17,B,BROWN,N,NE,Y
9498,173,N,Elder,F,12,A,MAGENTA,M,ME,N
9499,818.22,N,Elder,M,13,C,BROWN,N,NW,Y
9500,788.03,N,Elder,M,18,B,BROWN,S,SW,N
9501,457.45,N,Elder,F,15,A,BROWN,M,ME,Y
9502,266.28,Y,Young,M,9,B,BROWN,N,NW,Y
9503,795.7,Y,Elder,M,18,B,INDIGO,S,SW,Y
9504,929.52,N,Elder,F,18,A,MAGENTA,S,SW,N
9505,658.9,Y,Elder,M,16,B,BROWN,S,SW,Y
9506,846.9,N,Elder,M,18,A,MAGENTA,N,NW,N
9507,407.08,N,Elder,M,15,A,BROWN,N,NW,N
9508,893,N,Elder,M,14,C,BROWN,M,ME,Y
9509,593.06,Y,Elder,M,13,B,INDIGO,N,NE,Y
9510,398.17,N,Elder,M,16,A,BROWN,N,NE,Y
9511,591.91,N,Elder,M,19,A,BROWN,N,NW,Y
9512,1158.68,N,Elder,M,17,C,INDIGO,M,ME,N
9513,834.16,N,Elder,M,17,B,MAGENTA,M,ME,N
9514,1601.36,N,Elder,M,17,C,BROWN,N,NW,Y
9515,1792.53,N,Elder,M,20,D,INDIGO,S,SE,N
9516,394.2,N,Elder,M,16,A,MAGENTA,S,SW,N
9517,997.66,N,Elder,M,15,B,BROWN,N,NW,Y
9518,437.7,N,Elder,F,17,A,BROWN,M,MW,N
9519,680.35,N,Elder,F,15,B,BROWN,N,NW,N
9520,1133.15,N,Elder,M,18,C,MAGENTA,N,NE,Y
9521,1156.54,N,Elder,M,20,C,MAGENTA,N,NW,Y
9522,1036.2,N,Elder,M,15,B,MAGENTA,N,NW,N
9523,222.33,N,Elder,F,13,A,MAGENTA,N,NW,Y
9524,1061.82,N,Elder,F,16,A,BROWN,M,MW,Y
9525,862.15,Y,Elder,F,18,B,BROWN,M,MW,Y
9526,562.64,N,Elder,F,17,A,PURPLE,S,SW,N
9527,1177.31,N,Elder,F,14,C,INDIGO,S,SE,N
9528,1049.98,N,Elder,M,16,A,BROWN,N,NE,Y
9529,728.34,N,Elder,F,16,B,INDIGO,S,SW,Y
9530,742.43,N,Elder,F,13,B,BROWN,N,NW,Y
9531,969.68,Y,Elder,M,17,B,BROWN,M,MW,Y
9532,805.2,N,Elder,M,15,A,INDIGO,N,NE,Y
9533,374.04,Y,Elder,M,15,A,MAGENTA,N,NE,N
9534,679.35,N,Elder,M,16,B,INDIGO,M,MW,Y
9535,520.71,N,Elder,F,13,B,INDIGO,M,MW,N
9536,1030.57,N,Elder,M,18,B,INDIGO,S,SW,N
9537,998.93,Y,Elder,M,17,C,BROWN,S,SW,Y
9538,791.91,N,Elder,M,18,B,PURPLE,N,NW,N
9539,520.9,N,Elder,M,16,A,INDIGO,N,NW,N
9540,936.62,N,Elder,M,14,C,MAGENTA,N,NE,N
9541,779.04,N,Elder,F,18,B,MAGENTA,S,SW,N
9542,1085.59,N,Elder,F,13,C,BROWN,S,SW,Y
9543,460.57,N,Elder,M,15,A,INDIGO,M,MW,Y
9544,1623.55,Y,Elder,F,12,C,BROWN,M,ME,Y
9545,1365.65,Y,Elder,M,16,D,INDIGO,N,NE,Y
9546,291.12,N,Elder,F,12,A,BROWN,N,NW,Y
9547,1957.44,N,Elder,M,18,A,PURPLE,M,MW,N
9548,497.76,N,Elder,M,18,A,MAGENTA,S,SE,N
9549,881.42,N,Elder,M,18,B,INDIGO,M,MW,Y
9550,294.39,N,Elder,F,13,A,BROWN,N,NW,N
9551,1044.28,N,Elder,F,16,C,INDIGO,M,ME,N
9552,556.95,N,Elder,M,18,A,BROWN,M,MW,Y
9553,897.23,Y,Young,M,17,A,BROWN,M,MW,Y
9554,770.86,N,Elder,M,18,B,MAGENTA,M,MW,N
9555,666.53,N,Elder,F,16,B,INDIGO,N,NE,N
9556,396.92,N,Elder,F,15,A,INDIGO,M,MW,Y
9557,968.75,N,Elder,M,16,B,BROWN,N,NW,Y
9558,345.74,N,Elder,M,14,A,BROWN,M,MW,Y
9559,362.19,N,Elder,F,12,A,BROWN,M,ME,Y
9560,836.78,N,Elder,M,15,B,INDIGO,S,SW,Y
9561,1204.45,Y,Elder,M,15,C,BROWN,M,ME,Y
9562,517.77,N,Elder,M,16,A,INDIGO,N,NW,N
9563,1451.83,N,Elder,M,19,D,PURPLE,S,SE,N
9564,831.18,Y,Young,F,14,C,INDIGO,M,MW,Y
9565,1255.05,N,Elder,M,16,D,BROWN,S,SE,Y
9566,1719.19,Y,Young,F,12,D,INDIGO,N,NE,N
9567,996.22,Y,Young,M,14,B,BROWN,S,SW,N
9568,536.53,N,Elder,M,13,B,INDIGO,N,NW,Y
9569,560.92,Y,Young,F,14,B,MAGENTA,M,MW,Y
9570,1155.53,N,Elder,M,18,B,BROWN,M,MW,Y
9571,662.14,N,Elder,M,14,B,MAGENTA,S,SW,N
9572,278.44,N,Elder,F,14,A,BROWN,S,SW,N
9573,444.56,N,Elder,F,12,B,BROWN,N,NE,N
9574,1089.18,N,Elder,F,18,C,INDIGO,S,SE,N
9575,661.26,N,Elder,F,11,C,BROWN,S,SW,Y
9576,230.22,N,Elder,M,12,A,BROWN,N,NW,Y
9577,756.9,N,Elder,M,15,B,BROWN,N,NE,Y
9578,1443.51,N,Elder,M,24,B,INDIGO,M,ME,N
9579,972.29,N,Elder,F,14,A,BROWN,N,NW,Y
9580,1114.15,N,Elder,F,19,A,INDIGO,M,MW,N
9581,801.37,N,Elder,M,16,A,INDIGO,N,NW,Y
9582,1513.08,N,Elder,M,15,D,INDIGO,N,NW,N
9583,750.51,N,Elder,M,20,A,INDIGO,M,ME,Y
9584,640.56,N,Elder,M,15,B,INDIGO,M,ME,N
9585,459.84,N,Young,M,12,B,BROWN,S,SE,Y
9586,1696.63,N,Elder,M,19,A,BROWN,S,SW,N
9587,979.25,N,Elder,M,13,C,BROWN,M,MW,N
9588,1351,N,Elder,M,17,C,BROWN,S,SW,Y
9589,877.15,N,Elder,M,19,A,INDIGO,N,NE,Y
9590,942.65,N,Young,M,15,B,BROWN,S,SW,Y
9591,268.71,N,Elder,M,13,A,INDIGO,N,NW,Y
9592,835.79,N,Elder,F,14,C,INDIGO,N,NW,Y
9593,1063.09,N,Elder,M,16,C,INDIGO,S,SE,Y
9594,1144.04,Y,Elder,F,14,B,BROWN,M,ME,Y
9595,1171.72,N,Elder,M,16,C,INDIGO,S,SE,Y
9596,1393.14,N,Elder,M,19,D,BROWN,N,NE,Y
9597,716.98,N,Elder,F,18,A,MAGENTA,M,MW,Y
9598,488.52,N,Young,F,12,A,INDIGO,M,MW,Y
9599,939.75,N,Elder,M,18,A,INDIGO,N,NE,Y
9600,591.22,N,Elder,M,19,A,INDIGO,S,SE,Y
9601,1070.27,N,Elder,M,22,B,BROWN,S,SE,Y
9602,1097.64,N,Elder,F,13,D,INDIGO,M,MW,Y
9603,825.2,N,Elder,M,19,B,BROWN,N,NW,N
9604,673.03,N,Elder,M,11,C,MAGENTA,M,ME,N
9605,774.93,Y,Elder,F,15,B,BROWN,N,NW,Y
9606,1111.43,N,Elder,F,13,C,BROWN,N,NE,Y
9607,320.72,N,Elder,M,14,A,BROWN,N,NE,Y
9608,752.43,Y,Elder,M,17,B,BROWN,S,SE,Y
9609,315.87,N,Elder,M,14,A,INDIGO,S,SW,N
9610,876.51,N,Elder,F,18,B,MAGENTA,N,NE,Y
9611,497.06,Y,Elder,F,18,A,BROWN,S,SE,Y
9612,890.07,N,Elder,F,13,A,INDIGO,N,NW,N
9613,1454.35,N,Elder,F,18,C,BROWN,M,MW,Y
9614,707.64,N,Elder,F,12,C,INDIGO,M,ME,Y
9615,893.08,N,Elder,F,20,B,INDIGO,M,MW,Y
9616,1070.7,N,Elder,M,17,C,INDIGO,N,NW,N
9617,870.85,N,Elder,F,15,A,MAGENTA,M,ME,Y
9618,1002.95,N,Elder,M,20,B,BROWN,M,ME,N
9619,885.53,N,Elder,F,18,B,PURPLE,S,SW,N
9620,843.7,N,Elder,F,13,C,MAGENTA,N,NE,N
9621,1228.54,Y,Elder,F,20,B,BROWN,S,SW,Y
9622,816.62,N,Elder,F,17,B,INDIGO,N,NE,Y
9623,381.79,Y,Elder,M,16,A,MAGENTA,S,SE,N
9624,177.38,N,Elder,F,12,A,BROWN,N,NW,Y
9625,314.94,N,Elder,F,14,A,PURPLE,M,MW,N
9626,772.27,N,Elder,M,16,B,PURPLE,M,MW,N
9627,1157.21,N,Elder,F,20,C,BROWN,S,SW,Y
9628,391.37,N,Young,F,14,A,BROWN,S,SE,N
9629,1132.03,N,Elder,M,18,A,BROWN,N,NE,Y
9630,414.41,N,Elder,F,13,A,MAGENTA,S,SW,Y
9631,590.82,N,Elder,M,17,A,INDIGO,S,SE,N
9632,1037.34,N,Young,M,14,C,BROWN,S,SW,N
9633,337.91,N,Elder,M,14,A,BROWN,S,SE,Y
9634,493.77,N,Elder,M,12,A,BROWN,N,NW,Y
9635,774.25,N,Elder,M,21,A,MAGENTA,N,NE,Y
9636,1419.86,N,Elder,M,13,B,MAGENTA,M,ME,Y
9637,401.02,N,Elder,F,14,A,MAGENTA,M,ME,N
9638,1292.42,N,Young,M,17,C,INDIGO,N,NW,N
9639,616.5,N,Elder,F,15,B,MAGENTA,N,NW,Y
9640,1017.98,N,Elder,M,16,C,INDIGO,S,SW,Y
9641,685.93,N,Elder,M,20,A,BROWN,N,NW,N
9642,591.03,N,Elder,F,18,A,PURPLE,M,ME,N
9643,835.8,N,Elder,M,12,C,INDIGO,N,NW,N
9644,601.7,N,Elder,M,14,B,BROWN,M,ME,N
9645,402.68,N,Elder,F,11,B,INDIGO,N,NE,Y
9646,485.9,N,Elder,M,17,A,INDIGO,M,MW,N
9647,815.3,N,Elder,M,17,B,BROWN,N,NW,Y
9648,458.44,N,Elder,F,17,A,INDIGO,M,ME,Y
9649,1134.34,N,Elder,F,12,D,INDIGO,S,SE,Y
9650,1044.83,N,Elder,F,15,C,BROWN,M,MW,N
9651,1276.37,N,Elder,M,22,C,BROWN,N,NE,Y
9652,1260.37,N,Elder,M,20,C,INDIGO,M,MW,Y
9653,1077.07,N,Elder,F,18,C,INDIGO,S,SW,N
9654,1033,N,Elder,M,18,B,INDIGO,S,SE,Y
9655,585.17,N,Elder,F,19,A,BROWN,S,SE,Y
9656,989.16,Y,Young,F,16,C,BROWN,M,MW,Y
9657,1392.58,N,Elder,M,19,B,BROWN,M,MW,Y
9658,626.76,N,Elder,M,14,B,INDIGO,S,SE,Y
9659,570.28,N,Elder,M,16,A,MAGENTA,N,NW,N
9660,809.55,N,Elder,F,15,B,INDIGO,M,MW,Y
9661,881.32,N,Elder,M,13,C,MAGENTA,S,SW,Y
9662,1098.22,N,Elder,M,17,B,INDIGO,N,NW,Y
9663,403.27,N,Elder,M,16,A,PURPLE,M,MW,N
9664,726.54,N,Young,M,21,A,INDIGO,M,MW,N
9665,1536.63,N,Elder,M,18,D,INDIGO,M,ME,N
9666,776.61,N,Elder,M,17,B,BROWN,M,MW,Y
9667,868.63,N,Elder,F,18,A,BROWN,M,MW,N
9668,1111.75,Y,Young,F,10,D,MAGENTA,S,SW,N
9669,384.35,N,Elder,F,14,A,INDIGO,M,ME,Y
9670,1321.83,N,Young,M,15,C,BROWN,M,ME,Y
9671,957.81,N,Elder,F,18,B,BROWN,M,MW,Y
9672,1715.01,N,Young,F,19,C,INDIGO,N,NE,N
9673,961.09,N,Elder,M,18,A,BROWN,M,ME,Y
9674,704.96,N,Elder,F,17,B,INDIGO,S,SW,N
9675,1994.33,Y,Elder,F,18,C,MAGENTA,M,ME,Y
9676,1103.56,N,Elder,M,18,C,MAGENTA,S,SW,Y
9677,864.63,N,Young,M,17,B,MAGENTA,S,SE,N
9678,873.1,N,Elder,M,20,B,BROWN,M,MW,Y
9679,564.63,Y,Elder,F,13,B,BROWN,N,NW,Y
9680,1375.16,N,Elder,F,16,D,INDIGO,S,SW,N
9681,883.53,N,Elder,M,14,C,INDIGO,N,NW,N
9682,527.43,N,Elder,M,17,A,BROWN,M,ME,Y
9683,1179.62,N,Elder,M,15,D,MAGENTA,S,SW,Y
9684,443.26,N,Elder,F,10,A,INDIGO,S,SW,N
9685,1252.77,Y,Elder,F,19,C,MAGENTA,S,SW,N
9686,730.58,N,Elder,F,16,B,BROWN,M,ME,Y
9687,921.89,N,Elder,M,16,B,BROWN,M,MW,N
9688,588.52,N,Elder,F,14,B,INDIGO,M,MW,N
9689,867.56,N,Elder,M,17,B,BROWN,S,SW,Y
9690,717.93,Y,Elder,F,11,C,PURPLE,M,ME,N
9691,880.73,Y,Elder,M,13,C,MAGENTA,M,MW,Y
9692,270.59,N,Elder,F,10,A,INDIGO,N,NE,Y
9693,391.56,N,Young,M,16,A,INDIGO,S,SE,N
9694,1436.25,N,Elder,M,19,C,BROWN,N,NE,Y
9695,663.98,Y,Elder,M,18,A,INDIGO,M,MW,N
9696,728.35,Y,Elder,M,16,B,INDIGO,S,SW,Y
9697,669.73,N,Elder,M,16,A,BROWN,N,NW,Y
9698,267.72,N,Elder,M,13,A,BROWN,S,SE,N
9699,444.26,N,Elder,F,17,A,BROWN,S,SW,Y
9700,1319.06,Y,Young,M,13,A,INDIGO,S,SW,Y
9701,873.49,N,Elder,M,16,B,INDIGO,M,ME,Y
9702,706.98,N,Young,M,16,B,INDIGO,N,NW,N
9703,393.88,N,Elder,F,10,B,MAGENTA,M,ME,N
9704,1007.87,N,Elder,M,17,C,INDIGO,M,MW,N
9705,624.06,N,Elder,M,14,B,INDIGO,N,NW,N
9706,680.93,N,Elder,F,13,B,BROWN,N,NE,N
9707,1038.33,N,Elder,F,16,C,MAGENTA,M,ME,N
9708,2456.18,N,Elder,M,17,B,BROWN,N,NW,Y
9709,560.49,N,Elder,F,13,B,MAGENTA,N,NW,N
9710,600.05,N,Elder,M,18,A,BROWN,M,ME,Y
9711,681.33,N,Elder,F,15,B,BROWN,S,SE,N
9712,289.02,N,Elder,M,14,A,MAGENTA,N,NE,N
9713,696.21,N,Elder,F,16,B,BROWN,M,ME,Y
9714,655.43,N,Elder,F,16,B,INDIGO,M,MW,Y
9715,753.42,N,Elder,M,14,B,BROWN,S,SE,N
9716,1048.21,N,Elder,F,13,D,BROWN,S,SW,N
9717,1361.29,N,Elder,M,20,C,INDIGO,M,ME,N
9718,1390.92,N,Elder,F,18,B,MAGENTA,N,NE,N
9719,229.92,N,Elder,F,13,A,BROWN,N,NW,Y
9720,473.57,N,Elder,M,17,A,BROWN,N,NE,Y
9721,853.82,N,Elder,M,18,B,INDIGO,M,MW,N
9722,900.87,N,Elder,M,15,B,BROWN,M,MW,N
9723,860.69,N,Elder,F,16,B,BROWN,S,SW,Y
9724,442.61,N,Elder,F,17,A,BROWN,N,NE,Y
9725,944.6,N,Elder,M,17,B,MAGENTA,M,MW,N
9726,1324.95,N,Elder,M,14,D,INDIGO,N,NW,Y
9727,689.84,N,Elder,M,14,A,INDIGO,M,MW,N
9728,1146.23,Y,Elder,F,16,B,BROWN,M,MW,Y
9729,440.19,N,Elder,M,15,A,MAGENTA,M,ME,N
9730,1121.3,N,Elder,F,12,B,MAGENTA,S,SE,Y
9731,1497.69,N,Elder,M,17,B,INDIGO,N,NE,N
9732,445.18,N,Elder,F,17,A,INDIGO,M,ME,N
9733,288.05,N,Elder,M,14,A,BROWN,S,SE,Y
9734,757.9,N,Elder,F,16,B,MAGENTA,S,SW,Y
9735,673.49,N,Elder,F,14,B,INDIGO,N,NE,N
9736,1006.42,N,Elder,F,15,C,BROWN,S,SW,Y
9737,897.95,N,Elder,M,16,B,INDIGO,N,NE,Y
9738,1356.57,N,Elder,F,18,B,MAGENTA,S,SW,N
9739,781.04,Y,Elder,M,13,C,BROWN,N,NW,Y
9740,973.82,Y,Elder,F,14,C,BROWN,N,NW,Y
9741,971.46,N,Elder,M,16,B,INDIGO,S,SE,N
9742,777.53,N,Elder,F,14,B,BROWN,N,NE,Y
9743,750.91,Y,Young,M,17,A,INDIGO,M,MW,Y
9744,392.07,N,Elder,M,16,A,MAGENTA,S,SW,N
9745,1321.69,N,Elder,M,16,C,INDIGO,M,ME,Y
9746,475.84,N,Elder,M,16,A,BROWN,N,NE,Y
9747,983.28,N,Elder,F,19,B,BROWN,N,NW,Y
9748,902.66,N,Elder,F,17,B,MAGENTA,N,NE,N
9749,1003.79,N,Elder,F,17,C,MAGENTA,S,SW,Y
9750,163.83,N,Young,M,11,A,BROWN,M,MW,Y
9751,572.13,N,Elder,M,16,A,BROWN,S,SW,Y
9752,54,N,Elder,M,9,A,BROWN,M,MW,Y
9753,144.04,N,Elder,M,11,A,BROWN,M,MW,Y
9754,659.75,N,Elder,F,16,B,INDIGO,S,SE,Y
9755,991.4,N,Elder,F,20,B,BROWN,N,NE,Y
9756,656.51,N,Elder,F,16,B,MAGENTA,M,MW,N
9757,431.77,N,Elder,M,15,A,INDIGO,N,NW,Y
9758,2179.56,N,Elder,M,16,D,INDIGO,N,NW,Y
9759,496.32,N,Elder,M,18,A,BROWN,S,SW,Y
9760,798.68,N,Elder,M,16,A,INDIGO,M,MW,N
9761,881.14,N,Elder,M,18,B,INDIGO,N,NW,N
9762,913.91,N,Young,M,14,B,INDIGO,S,SW,Y
9763,664.84,N,Elder,M,16,B,PURPLE,M,MW,N
9764,551.05,N,Elder,M,13,B,BROWN,N,NW,Y
9765,1072.17,N,Elder,M,15,B,INDIGO,M,MW,N
9766,1203.69,Y,Elder,M,16,D,BROWN,M,ME,Y
9767,959.87,N,Young,F,15,C,BROWN,N,NW,N
9768,528.66,Y,Young,M,17,A,BROWN,M,ME,Y
9769,911.12,N,Elder,F,19,B,BROWN,N,NE,Y
9770,550.55,N,Elder,M,19,A,BROWN,S,SE,Y
9771,842.99,N,Elder,M,20,A,INDIGO,N,NE,Y
9772,713.57,N,Elder,F,17,B,MAGENTA,N,NE,N
9773,1556.08,N,Elder,M,18,D,INDIGO,S,SW,Y
9774,2111.17,N,Young,M,18,C,MAGENTA,S,SE,Y
9775,1044.53,N,Elder,F,23,B,INDIGO,N,NE,N
9776,357.12,N,Elder,F,15,A,INDIGO,S,SE,Y
9777,1624.21,N,Elder,M,18,B,BROWN,N,NE,N
9778,523.44,N,Elder,F,13,B,BROWN,N,NE,Y
9779,689.4,N,Elder,M,20,A,MAGENTA,N,NE,Y
9780,766.4,Y,Elder,F,19,A,BROWN,N,NW,Y
9781,600.95,N,Elder,M,15,B,BROWN,N,NE,Y
9782,902.5,N,Elder,M,15,B,BROWN,N,NE,Y
9783,880.13,N,Elder,F,13,C,BROWN,M,ME,Y
9784,819.3,N,Elder,F,14,B,MAGENTA,M,MW,Y
9785,742.24,N,Elder,F,15,B,BROWN,S,SW,N
9786,976.36,N,Elder,M,15,C,BROWN,S,SE,Y
9787,788.37,N,Elder,M,18,B,BROWN,M,ME,Y
9788,575.03,N,Elder,F,14,B,BROWN,M,MW,Y
9789,409.7,N,Elder,F,16,A,INDIGO,N,NE,Y
9790,1060.15,N,Elder,M,17,C,BROWN,M,ME,Y
9791,741.35,N,Elder,M,17,B,BROWN,N,NW,Y
9792,1079.27,N,Elder,M,19,B,MAGENTA,N,NE,Y
9793,877.28,N,Elder,M,13,C,INDIGO,S,SW,Y
9794,740.79,N,Elder,F,12,C,INDIGO,S,SE,N
9795,573.16,Y,Young,M,17,A,BROWN,N,NE,Y
9796,363.79,N,Elder,M,15,A,BROWN,N,NE,N
9797,924.72,N,Elder,M,17,B,BROWN,S,SE,Y
9798,1058.88,N,Elder,M,17,B,BROWN,N,NW,N
9799,731.99,Y,Elder,M,17,B,BROWN,S,SW,Y
9800,1043.65,N,Elder,M,18,C,MAGENTA,M,ME,N
9801,459.9,N,Elder,F,17,A,INDIGO,S,SW,N
9802,1254.68,Y,Young,F,16,D,INDIGO,M,ME,Y
9803,1189.87,N,Elder,F,13,D,INDIGO,M,MW,Y
9804,794.01,N,Elder,F,16,B,MAGENTA,N,NE,Y
9805,937.83,N,Elder,M,12,C,INDIGO,M,MW,N
9806,811.37,Y,Elder,F,18,B,BROWN,M,MW,Y
9807,989.68,N,Elder,F,16,C,INDIGO,N,NE,Y
9808,834.34,N,Elder,M,19,B,INDIGO,S,SW,N
9809,721.56,N,Young,M,17,B,INDIGO,N,NE,Y
9810,759.15,N,Young,F,14,B,BROWN,S,SE,Y
9811,688.22,N,Elder,F,16,B,INDIGO,M,MW,N
9812,609.01,N,Elder,M,13,B,MAGENTA,M,ME,Y
9813,947.74,N,Elder,M,21,B,BROWN,M,ME,N
9814,419.07,N,Elder,F,10,B,MAGENTA,M,MW,Y
9815,1332.4,N,Elder,M,14,B,MAGENTA,M,ME,N
9816,1014.14,N,Elder,M,17,C,INDIGO,M,MW,N
9817,392.08,N,Elder,M,16,A,BROWN,M,MW,Y
9818,1122.45,N,Elder,M,27,A,BROWN,N,NW,Y
9819,779.19,Y,Elder,M,17,B,BROWN,M,MW,N
9820,688.7,N,Elder,M,15,B,BROWN,N,NW,N
9821,680.37,N,Elder,M,16,B,MAGENTA,S,SE,N
9822,1325.7,N,Elder,M,20,B,INDIGO,S,SW,Y
9823,665.57,N,Elder,M,12,B,MAGENTA,N,NE,Y
9824,1530.34,N,Elder,F,16,D,BROWN,N,NW,Y
9825,780.44,N,Elder,M,18,B,BROWN,M,ME,Y
9826,674.18,N,Elder,M,19,A,BROWN,M,ME,Y
9827,173.7,N,Elder,M,12,A,MAGENTA,N,NE,N
9828,1211.4,N,Elder,F,20,C,MAGENTA,M,ME,Y
9829,1014.72,N,Elder,M,17,C,MAGENTA,N,NE,Y
9830,1284.72,N,Elder,M,15,D,MAGENTA,M,MW,N
9831,777.5,Y,Young,F,15,B,BROWN,N,NW,Y
9832,677.87,N,Elder,M,20,A,MAGENTA,N,NE,N
9833,887.12,N,Elder,M,20,B,INDIGO,N,NE,Y
9834,1274.24,N,Elder,M,18,C,MAGENTA,M,ME,N
9835,675.34,N,Elder,F,14,B,MAGENTA,S,SW,N
9836,962.85,N,Elder,M,15,A,INDIGO,N,NW,Y
9837,1187.43,N,Elder,M,13,C,INDIGO,N,NE,Y
9838,1009.84,N,Elder,F,17,C,INDIGO,S,SW,Y
9839,511.81,Y,Elder,F,12,B,BROWN,N,NW,Y
9840,315.98,N,Elder,F,13,A,INDIGO,S,SW,N
9841,627.07,N,Elder,F,15,B,BROWN,M,ME,Y
9842,458.06,N,Elder,M,16,A,PURPLE,N,NW,N
9843,652.27,N,Elder,M,18,A,BROWN,M,MW,Y
9844,641.13,N,Elder,M,18,A,INDIGO,M,ME,N
9845,1294.3,N,Elder,M,22,C,BROWN,M,ME,N
9846,721.51,N,Young,F,12,C,PURPLE,S,SW,N
9847,1075.27,Y,Elder,M,18,B,INDIGO,S,SE,N
9848,1044.51,N,Elder,F,19,B,BROWN,M,ME,Y
9849,1253.81,N,Elder,F,13,B,BROWN,M,MW,Y
9850,2011.54,N,Elder,F,18,C,INDIGO,S,SE,N
9851,493.64,Y,Young,M,12,B,BROWN,N,NE,Y
9852,604.45,N,Elder,F,15,B,INDIGO,N,NW,Y
9853,549.2,N,Elder,F,14,A,BROWN,S,SE,N
9854,445.88,N,Elder,M,16,A,MAGENTA,M,MW,N
9855,787.54,N,Elder,M,21,A,INDIGO,M,MW,Y
9856,1160.72,N,Elder,F,17,B,BROWN,M,ME,Y
9857,1367.18,N,Elder,F,14,B,INDIGO,N,NW,N
9858,437.51,N,Elder,F,13,A,INDIGO,S,SE,N
9859,1322.94,Y,Elder,M,20,C,BROWN,S,SW,Y
9860,479.74,Y,Elder,F,15,A,INDIGO,N,NW,Y
9861,368.14,Y,Elder,M,15,A,BROWN,N,NW,N
9862,1085.98,N,Elder,M,20,B,BROWN,N,NW,Y
9863,501.19,N,Elder,M,13,B,BROWN,M,MW,Y
9864,611.17,N,Young,F,18,A,PURPLE,S,SE,N
9865,625.76,N,Elder,M,15,B,BROWN,M,MW,Y
9866,1317.87,N,Elder,M,15,A,INDIGO,S,SW,Y
9867,616.34,N,Elder,M,16,A,INDIGO,M,MW,Y
9868,1263.65,Y,Young,M,18,B,MAGENTA,M,MW,Y
9869,913.47,N,Elder,M,14,B,BROWN,N,NE,Y
9870,592,N,Elder,F,12,A,BROWN,M,ME,N
9871,715.77,Y,Elder,M,14,B,BROWN,M,MW,Y
9872,753.75,N,Elder,F,15,B,INDIGO,M,MW,Y
9873,1166.69,N,Elder,F,15,B,INDIGO,N,NE,N
9874,846.88,N,Elder,M,19,B,MAGENTA,N,NE,N
9875,229.26,N,Elder,F,13,A,INDIGO,N,NE,Y
9876,362.27,N,Elder,F,15,A,BROWN,N,NW,Y
9877,1430.52,Y,Elder,M,18,B,BROWN,M,MW,Y
9878,456.97,N,Elder,F,15,A,INDIGO,M,ME,N
9879,169.52,N,Elder,F,11,A,PURPLE,M,MW,N
9880,823.24,N,Elder,M,14,C,INDIGO,S,SE,Y
9881,739.23,N,Elder,M,21,A,INDIGO,S,SW,Y
9882,888.08,Y,Young,F,15,C,INDIGO,N,NE,Y
9883,606.74,N,Elder,M,16,A,INDIGO,M,ME,N
9884,514.67,N,Elder,M,18,A,BROWN,N,NW,N
9885,547.96,Y,Elder,M,16,A,BROWN,M,MW,Y
9886,822.21,N,Elder,M,18,B,INDIGO,M,MW,N
9887,902.2,N,Young,M,19,A,PURPLE,S,SE,N
9888,495.46,N,Elder,M,16,A,BROWN,S,SE,N
9889,1510.97,Y,Young,M,17,B,BROWN,N,NW,Y
9890,522.14,N,Elder,M,18,A,BROWN,N,NW,Y
9891,870.34,N,Elder,F,19,B,INDIGO,N,NW,N
9892,831.24,N,Elder,M,19,B,INDIGO,M,MW,N
9893,906.77,N,Elder,M,24,A,BROWN,M,MW,Y
9894,1026.86,N,Elder,M,14,B,INDIGO,M,MW,Y
9895,593.78,N,Elder,M,13,A,BROWN,M,MW,Y
9896,864.45,Y,Elder,F,17,B,INDIGO,M,MW,Y
9897,458.89,N,Elder,F,12,B,BROWN,M,MW,Y
9898,670.93,N,Elder,M,16,B,BROWN,M,ME,Y
9899,1396.3,N,Elder,F,16,D,BROWN,M,ME,N
9900,493.81,N,Elder,F,11,B,BROWN,N,NW,N
9901,772.52,N,Elder,F,18,B,PURPLE,N,NW,N
9902,1236.22,N,Elder,F,19,C,INDIGO,M,MW,Y
9903,505.28,N,Elder,F,14,A,MAGENTA,S,SE,N
9904,376.42,N,Elder,M,11,B,BROWN,N,NW,N
9905,613.21,N,Elder,M,15,B,INDIGO,M,MW,N
9906,658.34,N,Elder,M,16,B,BROWN,N,NE,Y
9907,896.28,N,Elder,M,20,B,BROWN,S,SW,N
9908,474.86,N,Elder,F,12,B,BROWN,M,MW,N
9909,679.6,N,Elder,M,16,B,MAGENTA,S,SW,N
9910,1148.14,N,Elder,F,19,C,INDIGO,M,ME,N
9911,1106.84,Y,Young,M,15,B,BROWN,N,NE,Y
9912,1114.78,N,Elder,F,16,B,BROWN,M,ME,Y
9913,653.51,N,Elder,F,14,B,BROWN,N,NW,Y
9914,1269.41,N,Elder,M,22,C,INDIGO,M,ME,N
9915,436.18,N,Elder,M,13,A,BROWN,M,MW,N
9916,984.67,N,Elder,M,19,B,BROWN,N,NE,Y
9917,1370.85,N,Elder,F,18,C,INDIGO,M,MW,Y
9918,685.98,N,Elder,F,14,A,INDIGO,M,ME,N
9919,462.7,N,Elder,M,11,B,BROWN,M,MW,Y
9920,728.7,N,Elder,F,16,B,INDIGO,N,NE,Y
9921,1367.22,N,Elder,M,14,D,INDIGO,N,NE,N
9922,1374.69,N,Elder,M,17,B,INDIGO,N,NW,Y
9923,175.13,N,Elder,F,12,A,MAGENTA,N,NE,N
9924,600.09,N,Elder,F,15,B,PURPLE,N,NW,N
9925,638.15,N,Elder,M,15,B,INDIGO,S,SW,N
9926,556.48,N,Elder,F,19,A,BROWN,M,MW,N
9927,724.24,N,Elder,F,14,A,MAGENTA,S,SE,N
9928,933.66,N,Elder,M,16,C,INDIGO,M,MW,N
9929,646.35,Y,Elder,F,14,B,INDIGO,N,NW,N
9930,963.32,N,Elder,M,18,B,MAGENTA,M,ME,Y
9931,667.69,N,Young,F,19,A,INDIGO,M,ME,Y
9932,616.67,Y,Elder,M,16,A,INDIGO,M,MW,Y
9933,526.14,N,Elder,M,18,A,INDIGO,M,ME,Y
9934,567.16,Y,Elder,M,18,A,MAGENTA,S,SE,N
9935,1144.09,N,Elder,F,15,C,BROWN,M,ME,Y
9936,523.38,N,Elder,F,13,B,BROWN,N,NW,Y
9937,1132.47,N,Elder,F,16,C,BROWN,S,SW,Y
9938,768.65,N,Elder,F,16,B,BROWN,N,NE,Y
9939,1104,N,Elder,M,17,C,MAGENTA,S,SW,N
9940,287.48,N,Elder,F,13,A,BROWN,M,MW,N
9941,1063.96,Y,Young,M,16,C,MAGENTA,S,SW,Y
9942,621.96,Y,Elder,M,15,B,BROWN,N,NW,Y
9943,1351.86,Y,Elder,F,16,C,INDIGO,N,NE,Y
9944,642.8,N,Elder,M,18,A,INDIGO,S,SW,Y
9945,437.93,N,Elder,M,17,A,MAGENTA,N,NW,N
9946,888.06,Y,Elder,M,15,C,INDIGO,M,MW,Y
9947,330.47,N,Elder,M,15,A,BROWN,M,ME,Y
9948,337.17,N,Elder,M,15,A,INDIGO,N,NE,Y
9949,631.2,N,Elder,M,13,B,MAGENTA,N,NE,N
9950,702.49,N,Elder,F,15,A,PURPLE,N,NW,N
9951,764.44,N,Elder,M,18,B,INDIGO,M,MW,N
9952,567.65,N,Elder,F,14,B,MAGENTA,N,NE,N
9953,1697.44,Y,Elder,M,19,C,BROWN,S,SE,N
9954,518.86,N,Elder,M,16,A,INDIGO,N,NW,N
9955,405.02,N,Elder,M,15,A,INDIGO,M,ME,N
9956,537.59,N,Young,M,15,A,BROWN,M,ME,Y
9957,927.9,N,Elder,M,19,B,INDIGO,N,NW,Y
9958,729.03,N,Elder,M,16,A,INDIGO,M,ME,N
9959,451.71,N,Elder,F,15,A,INDIGO,N,NW,Y
9960,813.09,N,Young,M,17,B,MAGENTA,N,NE,N
9961,402.25,N,Elder,M,15,A,INDIGO,N,NE,N
9962,849.67,N,Elder,F,15,B,BROWN,N,NW,Y
9963,502.16,N,Elder,M,18,A,BROWN,S,SW,N
9964,371.38,N,Elder,M,14,A,INDIGO,N,NE,Y
9965,1809.78,Y,Elder,M,20,C,BROWN,N,NE,N
9966,1069.2,N,Elder,M,18,C,INDIGO,S,SE,N
9967,900.5,N,Elder,M,18,B,MAGENTA,S,SE,N
9968,722.4,N,Elder,M,16,B,MAGENTA,M,MW,N
9969,618.01,N,Elder,M,15,B,MAGENTA,M,MW,Y
9970,771.46,N,Elder,F,18,B,INDIGO,N,NE,Y
9971,607.28,N,Elder,M,15,B,INDIGO,N,NE,N
9972,1037.5,N,Elder,M,19,B,BROWN,M,ME,Y
9973,1237.56,N,Elder,M,20,C,MAGENTA,S,SE,N
9974,848.36,N,Elder,M,23,A,INDIGO,N,NE,N
9975,886.77,N,Elder,F,15,C,BROWN,M,ME,Y
9976,354.94,Y,Elder,F,14,A,BROWN,M,ME,N
9977,1429.84,N,Elder,M,11,B,MAGENTA,S,SW,N
9978,617.86,Y,Elder,M,19,A,BROWN,M,MW,N
9979,715.37,N,Elder,F,17,B,BROWN,N,NE,Y
9980,858.81,N,Elder,F,16,B,MAGENTA,N,NE,Y
9981,786.9,Y,Elder,M,18,B,BROWN,M,ME,Y
9982,1111.35,N,Elder,F,19,C,INDIGO,M,ME,N
9983,543.56,N,Elder,M,15,A,BROWN,N,NE,Y
9984,360.25,N,Elder,M,15,A,BROWN,M,ME,Y
9985,653.01,N,Elder,M,16,A,BROWN,S,SW,Y
9986,309.51,N,Elder,F,14,A,MAGENTA,N,NW,Y
9987,175.12,Y,Young,M,12,A,INDIGO,N,NW,N
9988,497.81,N,Elder,F,13,B,BROWN,N,NE,Y
9989,903.7,N,Elder,F,19,B,MAGENTA,N,NE,Y
9990,533.83,N,Elder,M,16,A,BROWN,S,SE,N
9991,359.43,N,Elder,F,14,A,MAGENTA,N,NW,N
9992,1310.28,N,Elder,M,21,C,BROWN,N,NW,Y
9993,718.78,N,Elder,F,17,B,BROWN,M,MW,Y
9994,671.71,N,Elder,M,18,A,INDIGO,M,MW,N
9995,554.7,N,Elder,M,12,B,INDIGO,N,NW,N
9996,787.03,N,Young,M,16,B,BROWN,M,MW,N
9997,1660.94,N,Elder,M,17,D,PURPLE,N,NE,N
9998,1110.68,N,Elder,M,15,B,INDIGO,S,SE,Y
9999,1036.57,N,Elder,M,22,B,BROWN,S,SE,Y
10000,1151.16,N,Elder,M,16,C,INDIGO,S,SW,Y
10001,501.2,N,Elder,F,13,A,BROWN,N,NE,N
10002,543.89,N,Elder,M,16,A,BROWN,N,NW,N
10003,932.24,N,Elder,M,16,C,INDIGO,S,SW,Y
10004,869.39,Y,Young,M,19,B,MAGENTA,M,MW,N
10005,420.11,N,Elder,M,15,A,INDIGO,M,MW,N
10006,723.76,N,Elder,F,17,B,PURPLE,N,NE,N
10007,1018,N,Elder,M,14,C,BROWN,N,NW,Y
10008,716.89,N,Young,F,19,A,PURPLE,N,NE,N
10009,640.04,N,Elder,F,14,B,PURPLE,N,NW,N
10010,741.29,N,Elder,M,17,B,MAGENTA,N,NE,Y
10011,384.66,N,Elder,F,14,A,BROWN,M,MW,Y
10012,780.04,N,Elder,M,21,A,BROWN,M,MW,Y
10013,895.61,Y,Elder,F,15,C,INDIGO,M,MW,N
10014,161.57,N,Young,F,11,A,MAGENTA,N,NW,Y
10015,590.95,N,Young,M,13,A,BROWN,S,SW,Y
10016,624.19,N,Elder,M,15,A,MAGENTA,N,NE,N
10017,1092.79,Y,Elder,M,19,C,INDIGO,M,MW,N
10018,1352.87,N,Elder,F,16,C,MAGENTA,M,ME,N
10019,816.48,Y,Elder,F,17,A,BROWN,M,MW,Y
10020,619.31,N,Elder,M,13,B,MAGENTA,S,SE,N
10021,344.02,N,Elder,M,15,A,MAGENTA,N,NW,N
10022,832.78,N,Elder,M,14,B,MAGENTA,N,NW,N
10023,577.01,N,Elder,F,17,A,PURPLE,M,MW,N
10024,1191.96,N,Elder,F,20,B,BROWN,N,NE,N
10025,698.46,N,Elder,F,15,A,INDIGO,M,MW,Y
10026,711.45,N,Elder,M,17,B,MAGENTA,N,NW,N
10027,1107.12,N,Elder,M,19,B,MAGENTA,M,MW,N
10028,935.77,N,Elder,M,14,C,MAGENTA,N,NW,N
10029,1125.33,N,Young,F,18,C,BROWN,N,NW,Y
10030,275.63,N,Elder,F,13,A,BROWN,N,NE,Y
10031,932.99,N,Elder,M,14,B,INDIGO,S,SW,N
10032,1010.55,N,Elder,M,16,C,INDIGO,M,ME,Y
10033,471.88,N,Elder,M,12,B,BROWN,S,SE,Y
10034,1321.26,N,Elder,F,18,D,BROWN,N,NW,N
10035,679.6,N,Young,F,12,B,BROWN,S,SW,Y
10036,1241.63,N,Elder,M,16,C,BROWN,M,ME,Y
10037,647.89,N,Elder,F,15,B,BROWN,M,MW,N
10038,679.5,N,Elder,M,19,A,MAGENTA,M,MW,N
10039,801.28,N,Elder,F,17,B,MAGENTA,N,NE,N
10040,425.96,N,Elder,F,16,A,MAGENTA,N,NE,N
10041,1276.87,N,Elder,M,11,D,MAGENTA,N,NW,N
10042,1117.65,N,Elder,M,20,B,PURPLE,M,MW,N
10043,662.48,N,Elder,F,16,B,INDIGO,M,MW,N
10044,1170.48,N,Elder,F,15,D,MAGENTA,M,MW,Y
10045,660.17,N,Elder,M,18,A,BROWN,N,NW,Y
10046,1221.29,N,Young,F,14,B,MAGENTA,S,SW,N
10047,1184.48,N,Elder,F,17,C,INDIGO,S,SW,N
10048,584.58,N,Elder,M,18,A,MAGENTA,N,NW,N
10049,664.59,N,Elder,M,16,B,MAGENTA,M,ME,Y
10050,673.2,Y,Elder,M,15,B,MAGENTA,S,SE,Y
10051,612.99,N,Elder,F,15,B,INDIGO,M,MW,Y
10052,581.85,N,Young,M,14,B,INDIGO,M,MW,N
10053,912.71,N,Elder,M,15,C,INDIGO,M,ME,N
10054,695.5,Y,Elder,F,16,B,BROWN,M,MW,Y
10055,584.43,N,Elder,F,14,B,BROWN,S,SW,Y
10056,879.24,N,Elder,M,16,B,BROWN,N,NE,Y
10057,1372.41,N,Elder,M,18,D,BROWN,M,MW,Y
10058,987.6,N,Elder,F,16,B,MAGENTA,N,NW,N
10059,741.88,Y,Elder,F,17,A,INDIGO,M,MW,Y
10060,479.97,N,Elder,M,16,A,BROWN,N,NW,Y
10061,918.97,N,Elder,M,17,A,BROWN,N,NE,Y
10062,805.76,Y,Elder,F,17,B,MAGENTA,N,NW,N
10063,1100.67,N,Elder,F,14,D,MAGENTA,N,NW,Y
10064,365.6,N,Elder,F,13,A,BROWN,N,NE,N
10065,984.24,N,Young,M,15,B,MAGENTA,N,NE,Y
10066,1360.13,N,Elder,M,23,C,BROWN,N,NE,Y
10067,798.62,N,Elder,M,16,B,BROWN,N,NE,Y
10068,965.33,N,Elder,F,20,B,BROWN,M,ME,Y
10069,938.66,N,Young,M,20,B,INDIGO,M,ME,N
10070,1745.04,N,Elder,F,16,A,INDIGO,N,NW,Y
10071,523.2,N,Elder,M,16,A,INDIGO,M,MW,Y
10072,1109.47,N,Elder,M,17,C,MAGENTA,N,NW,Y
10073,1497.46,N,Elder,F,19,C,INDIGO,S,SE,N
10074,588.21,N,Elder,M,11,B,BROWN,N,NW,Y
10075,937.54,Y,Elder,M,15,C,MAGENTA,M,ME,N
10076,612.36,N,Elder,M,15,B,BROWN,M,MW,N
10077,473.54,N,Elder,M,16,A,MAGENTA,N,NE,N
10078,999.82,N,Elder,M,18,B,INDIGO,M,ME,Y
10079,905.17,N,Elder,F,17,B,INDIGO,S,SW,N
10080,1986.65,N,Elder,F,22,D,INDIGO,S,SW,Y
10081,1501.07,N,Elder,F,15,C,BROWN,N,NW,Y
10082,1052.56,N,Elder,M,17,C,BROWN,S,SE,Y
10083,708.63,N,Elder,M,14,B,INDIGO,N,NE,Y
10084,329.13,N,Elder,M,15,A,PURPLE,N,NW,N
10085,1048.85,N,Elder,F,18,C,BROWN,N,NW,Y
10086,1088.05,N,Elder,M,19,B,MAGENTA,M,ME,Y
10087,1007.06,Y,Elder,F,17,C,INDIGO,N,NW,N
10088,1645.57,N,Elder,M,18,D,MAGENTA,N,NE,N
10089,856.01,N,Elder,F,17,B,INDIGO,M,ME,Y
10090,1695.38,N,Elder,M,19,B,PURPLE,M,MW,N
10091,605.45,N,Elder,F,15,B,INDIGO,N,NE,N
10092,827.58,Y,Young,M,12,C,INDIGO,M,MW,Y
10093,736.7,N,Elder,M,16,B,BROWN,M,ME,Y
10094,390.3,N,Young,M,16,A,BROWN,M,MW,N
10095,817.5,N,Elder,F,16,B,BROWN,N,NE,Y
10096,314.19,N,Young,M,9,B,MAGENTA,N,NE,N
10097,713.75,Y,Elder,M,16,B,BROWN,S,SE,Y
10098,1297.47,N,Elder,F,21,C,INDIGO,M,MW,Y
10099,932.47,N,Elder,F,14,C,BROWN,N,NW,Y
10100,594.38,N,Elder,F,14,B,INDIGO,N,NW,Y
10101,728.8,N,Elder,M,17,B,MAGENTA,M,MW,N
10102,929.99,N,Elder,M,16,C,INDIGO,M,MW,N
10103,512.08,N,Elder,F,17,A,BROWN,S,SW,N
10104,1278.07,N,Elder,M,19,B,INDIGO,N,NE,N
10105,184.99,N,Elder,F,12,A,BROWN,M,ME,Y
10106,1356.96,Y,Elder,M,20,C,BROWN,S,SE,Y
10107,379.5,Y,Elder,M,14,A,BROWN,N,NW,Y
10108,628.7,N,Elder,F,17,A,BROWN,N,NW,Y
10109,418.55,N,Young,F,10,B,MAGENTA,S,SW,N
10110,1063.36,Y,Elder,M,17,C,MAGENTA,S,SW,N
10111,1277.18,N,Elder,F,14,D,MAGENTA,M,MW,N
10112,793.55,N,Elder,M,18,B,INDIGO,N,NW,Y
10113,460.66,N,Elder,M,16,A,MAGENTA,N,NW,N
10114,735.49,N,Elder,M,17,B,BROWN,M,ME,Y
10115,706.22,N,Elder,M,15,B,INDIGO,M,MW,N
10116,737.23,N,Elder,F,16,B,INDIGO,S,SW,Y
10117,617.01,N,Elder,F,13,B,BROWN,N,NW,N
10118,934.89,N,Elder,M,18,B,BROWN,S,SW,Y
10119,812.81,N,Elder,M,19,B,INDIGO,M,ME,Y
10120,1219.11,N,Elder,M,21,C,PURPLE,S,SW,N
10121,1066.4,N,Elder,F,21,B,BROWN,S,SW,Y
10122,715.32,N,Elder,M,17,B,PURPLE,M,ME,N
10123,929.52,N,Elder,M,23,A,INDIGO,S,SW,Y
10124,1267.05,N,Elder,F,18,B,BROWN,M,MW,Y
10125,448.57,N,Elder,M,17,A,INDIGO,S,SW,Y
10126,430.58,N,Elder,M,17,A,INDIGO,M,MW,Y
10127,1170.88,N,Elder,M,17,C,BROWN,M,MW,Y
10128,807.31,N,Elder,M,23,A,BROWN,S,SE,Y
10129,479.15,N,Elder,F,16,A,INDIGO,M,ME,Y
10130,795.56,N,Elder,M,18,A,BROWN,S,SW,Y
10131,1036.38,N,Elder,M,16,C,INDIGO,S,SW,N
10132,1474.29,N,Elder,M,18,B,BROWN,S,SE,Y
10133,929.36,N,Elder,M,18,B,MAGENTA,M,ME,N
10134,723.35,N,Elder,F,17,B,INDIGO,N,NW,N
10135,806.26,N,Elder,M,19,A,INDIGO,N,NE,Y
10136,1128.09,Y,Elder,M,17,C,BROWN,M,MW,Y
10137,319.23,N,Elder,F,13,A,PURPLE,M,MW,N
10138,559.9,N,Elder,F,13,B,INDIGO,N,NW,Y
10139,678.46,N,Elder,M,16,B,BROWN,M,MW,Y
10140,962.21,N,Elder,F,13,C,INDIGO,M,ME,Y
10141,773.82,Y,Elder,M,13,C,MAGENTA,S,SW,Y
10142,779.82,N,Elder,M,18,B,MAGENTA,N,NW,N
10143,965.25,N,Elder,F,15,C,BROWN,S,SW,Y
10144,1115.28,N,Elder,M,18,C,MAGENTA,N,NE,N
10145,1165.22,N,Elder,M,15,B,BROWN,N,NW,N
10146,776.77,N,Elder,M,17,B,INDIGO,M,ME,N
10147,943.88,N,Elder,M,21,B,BROWN,M,MW,N
10148,814.59,N,Elder,M,18,B,INDIGO,M,ME,Y
10149,1063.34,N,Elder,M,18,C,INDIGO,M,ME,N
10150,792.31,N,Elder,F,16,B,BROWN,N,NW,Y
10151,981.76,N,Elder,F,17,B,INDIGO,N,NW,N
10152,649.9,N,Elder,M,15,B,INDIGO,N,NE,Y
10153,493.46,N,Elder,M,18,A,BROWN,S,SE,N
10154,706.77,N,Elder,F,17,B,BROWN,M,MW,Y
10155,334.57,N,Elder,M,15,A,INDIGO,S,SE,N
10156,441.37,Y,Elder,F,16,A,BROWN,N,NE,Y
10157,676.17,N,Elder,F,19,A,INDIGO,S,SW,N
10158,889.77,N,Elder,F,14,B,MAGENTA,S,SW,N
10159,1031.54,N,Elder,M,16,C,BROWN,S,SW,Y
10160,778.9,N,Elder,M,18,B,INDIGO,M,ME,Y
10161,441.88,N,Elder,M,14,A,BROWN,N,NW,Y
10162,1322.63,Y,Elder,M,16,D,INDIGO,N,NE,N
10163,1532.28,Y,Elder,F,16,D,INDIGO,S,SE,N
10164,302.18,N,Elder,F,13,A,INDIGO,N,NW,Y
10165,421.31,Y,Elder,F,15,A,BROWN,N,NW,Y
10166,816.15,N,Elder,M,17,A,BROWN,S,SW,N
10167,1857.55,N,Elder,F,23,C,INDIGO,N,NW,Y
10168,1023.06,N,Elder,M,16,B,BROWN,M,ME,Y
10169,709.85,Y,Young,M,16,B,INDIGO,M,ME,Y
10170,1081.75,Y,Young,F,14,C,INDIGO,M,ME,Y
10171,997.94,N,Elder,M,17,B,INDIGO,S,SE,N
10172,580.16,N,Elder,F,14,A,INDIGO,M,MW,Y
10173,1267.27,N,Elder,F,18,C,INDIGO,N,NE,N
10174,805.53,N,Elder,M,17,B,PURPLE,N,NW,N
10175,1092.45,N,Young,F,19,B,INDIGO,N,NW,Y
10176,1022.54,Y,Elder,F,20,B,INDIGO,N,NE,Y
10177,665.98,N,Elder,M,15,B,MAGENTA,M,MW,Y
10178,822.76,N,Elder,M,14,C,MAGENTA,N,NW,N
10179,1038.83,N,Elder,F,16,C,INDIGO,M,ME,Y
10180,907.76,N,Elder,F,13,C,BROWN,M,MW,Y
10181,326.47,N,Elder,M,14,A,BROWN,N,NW,Y
10182,558.47,N,Elder,M,14,B,INDIGO,M,ME,Y
10183,695.79,N,Elder,M,16,B,BROWN,S,SW,Y
10184,1032.06,N,Elder,F,17,B,MAGENTA,M,MW,Y
10185,842.16,Y,Young,M,13,C,BROWN,S,SW,Y
10186,716.2,Y,Elder,F,13,B,BROWN,N,NW,Y
10187,439.18,N,Elder,F,17,A,BROWN,S,SW,Y
10188,672.44,N,Elder,M,16,A,BROWN,N,NE,Y
10189,1602.56,N,Elder,F,18,C,INDIGO,N,NW,Y
10190,1005.08,N,Elder,F,17,C,INDIGO,M,ME,Y
10191,993.66,N,Elder,M,17,C,BROWN,M,ME,N
10192,366.04,N,Elder,M,15,A,INDIGO,N,NW,Y
10193,1256.48,N,Elder,M,16,C,MAGENTA,S,SW,N
10194,994.52,N,Elder,M,21,B,INDIGO,N,NW,Y
10195,1159.23,N,Elder,F,19,C,INDIGO,N,NW,N
10196,1364.47,Y,Elder,M,19,D,BROWN,N,NW,N
10197,830,Y,Elder,M,17,A,BROWN,S,SE,Y
10198,549.81,N,Elder,M,16,A,MAGENTA,M,MW,Y
10199,1710.75,N,Elder,F,18,D,INDIGO,N,NE,Y
10200,1002.02,N,Elder,F,12,D,BROWN,M,MW,Y
10201,1095.2,Y,Young,M,14,C,MAGENTA,N,NW,Y
10202,1455.81,Y,Elder,M,23,B,BROWN,N,NW,Y
10203,573.08,Y,Young,M,14,B,INDIGO,M,ME,N
10204,1236.56,N,Elder,M,15,D,INDIGO,M,ME,N
10205,766.75,N,Elder,F,22,A,BROWN,M,ME,Y
10206,877.95,Y,Elder,F,13,C,BROWN,N,NW,Y
10207,595.89,N,Elder,F,13,A,INDIGO,M,MW,N
10208,854.8,N,Young,M,14,C,INDIGO,M,ME,N
10209,847.32,N,Elder,M,18,A,BROWN,N,NE,Y
10210,1259.76,N,Elder,M,21,C,BROWN,N,NE,Y
10211,1056.88,N,Elder,M,18,C,BROWN,S,SE,Y
10212,1490.97,N,Elder,F,18,C,INDIGO,M,MW,Y
10213,883.25,N,Elder,F,19,B,BROWN,N,NW,N
10214,474.54,Y,Elder,F,12,B,BROWN,S,SW,Y
10215,1034.97,N,Elder,F,18,C,INDIGO,S,SE,Y
10216,933.8,N,Elder,M,16,B,BROWN,M,MW,Y
10217,655.97,N,Elder,M,15,B,MAGENTA,S,SE,Y
10218,508.56,N,Elder,M,13,B,INDIGO,S,SW,Y
10219,1179.63,N,Elder,M,14,B,BROWN,S,SE,Y
10220,784.87,Y,Young,F,17,B,INDIGO,N,NE,Y
10221,1471.9,N,Elder,M,17,C,INDIGO,M,MW,Y
10222,977.21,Y,Elder,M,15,B,INDIGO,N,NW,Y
10223,1346.31,N,Elder,F,13,C,BROWN,S,SE,Y
10224,718.83,Y,Elder,F,17,B,INDIGO,N,NE,Y
10225,1194.04,N,Elder,F,15,D,BROWN,S,SW,N
10226,902.93,N,Elder,M,15,C,INDIGO,M,MW,Y
10227,997.24,N,Elder,F,17,C,INDIGO,M,MW,N
10228,858.86,N,Elder,M,20,A,INDIGO,S,SE,Y
10229,442.31,N,Young,M,15,A,PURPLE,S,SW,N
10230,1181.27,N,Elder,M,20,C,INDIGO,N,NE,N
10231,1535.6,Y,Young,M,21,C,INDIGO,N,NE,N
10232,558.81,N,Elder,F,19,A,PURPLE,M,MW,N
10233,1029.71,N,Elder,F,16,C,MAGENTA,M,ME,Y
10234,850.08,N,Elder,F,17,B,INDIGO,M,ME,Y
10235,641.56,N,Elder,F,15,B,MAGENTA,M,MW,N
10236,829.34,N,Elder,M,15,B,BROWN,S,SE,Y
10237,583.25,N,Elder,M,17,A,BROWN,M,MW,Y
10238,1311.2,N,Elder,F,15,B,INDIGO,N,NE,Y
10239,937.71,N,Elder,F,13,C,MAGENTA,N,NW,Y
10240,437.82,N,Elder,F,16,A,BROWN,M,ME,Y
10241,1161.48,N,Elder,M,17,C,INDIGO,N,NW,Y
10242,901.44,N,Elder,F,20,B,INDIGO,N,NW,Y
10243,1532.73,N,Elder,M,23,C,INDIGO,N,NE,N
10244,991.13,N,Elder,F,17,C,BROWN,S,SE,Y
10245,297.54,N,Elder,M,12,A,MAGENTA,N,NW,N
10246,1097.49,N,Elder,M,19,C,BROWN,N,NE,Y
10247,433.19,N,Elder,M,16,A,INDIGO,M,ME,N
10248,1409.23,N,Elder,F,14,B,BROWN,M,MW,Y
10249,1431.39,N,Elder,M,15,C,BROWN,N,NW,Y
10250,615.2,N,Elder,F,14,B,INDIGO,N,NW,N
10251,1017.51,N,Elder,M,17,C,BROWN,M,ME,Y
10252,771.27,N,Elder,M,18,B,INDIGO,N,NW,Y
10253,2154.99,N,Elder,M,20,C,MAGENTA,M,MW,Y
10254,762.73,N,Elder,M,18,B,INDIGO,N,NE,N
10255,1043.34,N,Elder,F,15,B,BROWN,N,NW,Y
10256,526.26,N,Elder,M,15,A,MAGENTA,M,MW,N
10257,713.18,N,Elder,M,16,B,MAGENTA,N,NE,Y
10258,474.13,N,Elder,F,16,A,MAGENTA,N,NE,N
10259,865.41,N,Elder,M,15,B,MAGENTA,M,MW,Y
10260,964.75,N,Elder,M,16,C,MAGENTA,N,NE,Y
10261,1083.28,N,Elder,M,15,C,BROWN,N,NE,Y
10262,912.47,N,Elder,M,15,C,BROWN,S,SE,Y
10263,1220.23,N,Elder,M,20,C,MAGENTA,S,SE,N
10264,187.64,N,Elder,M,12,A,INDIGO,M,MW,Y
10265,1054.23,N,Young,F,21,B,MAGENTA,N,NW,N
10266,698.01,Y,Elder,M,14,B,BROWN,N,NW,Y
10267,2171.33,N,Elder,F,24,B,BROWN,M,ME,Y
10268,1231.35,N,Elder,M,15,A,BROWN,N,NE,Y
10269,1160.3,N,Elder,M,18,C,BROWN,N,NW,Y
10270,662.49,N,Elder,M,21,A,MAGENTA,N,NW,N
10271,1197.78,N,Elder,F,14,C,BROWN,M,MW,Y
10272,1162.8,N,Elder,M,19,B,PURPLE,M,MW,N
10273,711.98,N,Elder,M,15,B,MAGENTA,N,NW,Y
10274,988.02,N,Elder,M,17,B,BROWN,M,MW,Y
10275,838.61,N,Elder,F,14,C,MAGENTA,N,NW,N
10276,513.08,N,Elder,F,18,A,BROWN,N,NW,N
10277,443.95,N,Elder,F,12,B,INDIGO,N,NE,N
10278,1127.47,N,Elder,F,14,D,MAGENTA,S,SW,N
10279,753.36,N,Elder,F,14,A,INDIGO,N,NW,N
10280,568.73,N,Elder,F,19,A,MAGENTA,M,ME,N
10281,784.92,N,Elder,F,13,C,MAGENTA,S,SE,N
10282,428.2,N,Elder,M,16,A,INDIGO,S,SW,N
10283,853.55,N,Elder,F,17,B,BROWN,M,MW,N
10284,856.46,N,Elder,M,14,C,MAGENTA,M,ME,N
10285,447.76,N,Elder,M,17,A,PURPLE,M,ME,N
10286,391.5,N,Elder,M,16,A,INDIGO,N,NE,N
10287,613.81,N,Elder,F,15,B,PURPLE,M,ME,N
10288,916.74,Y,Elder,M,15,C,BROWN,N,NE,Y
10289,1056.62,Y,Elder,F,15,B,INDIGO,S,SE,Y
10290,740.59,N,Young,M,17,B,MAGENTA,N,NE,N
10291,2175.86,N,Elder,M,18,C,INDIGO,M,ME,Y
10292,615.06,N,Elder,F,14,A,INDIGO,S,SW,Y
10293,675.93,N,Elder,M,16,B,INDIGO,S,SE,Y
10294,910.38,N,Elder,M,15,C,INDIGO,S,SE,N
10295,854.99,N,Elder,M,16,A,BROWN,M,MW,Y
10296,1478.35,N,Elder,M,17,B,INDIGO,M,MW,N
10297,525.3,N,Elder,F,17,A,INDIGO,M,MW,N
10298,615.83,N,Elder,M,19,A,BROWN,S,SW,Y
10299,676.53,N,Elder,F,19,A,INDIGO,S,SE,N
10300,600.52,Y,Young,M,14,B,BROWN,N,NW,Y
10301,1055.36,Y,Elder,M,18,C,INDIGO,N,NE,N
10302,533.64,N,Elder,M,14,A,BROWN,M,ME,N
10303,850.48,N,Elder,F,17,A,BROWN,N,NW,Y
10304,1953.23,N,Young,F,16,D,MAGENTA,S,SE,Y
10305,1389.56,Y,Elder,F,10,D,BROWN,N,NW,Y
10306,917.1,N,Elder,F,17,B,BROWN,N,NE,Y
10307,1093.79,N,Elder,M,19,C,BROWN,M,MW,Y
10308,570.21,N,Elder,F,14,B,BROWN,M,ME,Y
10309,865.8,N,Elder,M,18,B,BROWN,M,ME,N
10310,1068.2,N,Elder,M,16,C,BROWN,M,ME,N
10311,425.92,N,Elder,F,13,A,BROWN,N,NW,Y
10312,276.07,N,Elder,M,14,A,MAGENTA,N,NE,N
10313,611.62,N,Elder,F,16,A,MAGENTA,N,NW,Y
10314,1380.61,Y,Young,M,19,D,BROWN,M,MW,Y
10315,584.98,N,Elder,F,14,A,BROWN,M,MW,N
10316,394.55,N,Elder,M,16,A,MAGENTA,M,MW,N
10317,1168.62,N,Elder,F,14,A,BROWN,M,MW,Y
10318,1063.54,N,Elder,M,17,C,BROWN,M,ME,Y
10319,281.9,N,Elder,M,14,A,BROWN,N,NW,N
10320,401.86,N,Elder,M,15,A,BROWN,M,ME,N
10321,1064.95,N,Elder,M,14,C,INDIGO,N,NE,N
10322,959.41,Y,Elder,F,15,C,BROWN,N,NW,Y
10323,506.79,N,Elder,M,13,B,BROWN,M,ME,Y
10324,1314.35,N,Elder,F,16,D,BROWN,M,MW,N
10325,1309.26,N,Elder,F,17,B,BROWN,S,SW,Y
10326,390.85,N,Elder,M,15,A,BROWN,N,NE,Y
10327,1257.96,N,Elder,M,18,B,INDIGO,N,NE,N
10328,844.73,N,Elder,F,13,B,BROWN,S,SE,N
10329,655.25,N,Elder,M,15,B,INDIGO,N,NW,N
10330,452.33,Y,Young,F,15,A,INDIGO,M,MW,Y
10331,1230.41,N,Elder,F,21,C,BROWN,M,MW,Y
10332,545.9,N,Elder,M,15,A,INDIGO,S,SW,N
10333,959.37,N,Elder,F,14,B,BROWN,M,ME,Y
10334,1070.94,N,Elder,M,16,C,BROWN,S,SE,N
10335,446.97,N,Elder,F,12,B,MAGENTA,M,ME,N
10336,702.68,N,Elder,M,16,A,INDIGO,N,NW,Y
10337,1029.22,N,Elder,M,16,C,BROWN,N,NW,Y
10338,573.28,N,Young,F,15,A,MAGENTA,N,NW,Y
10339,607.85,N,Elder,M,15,B,BROWN,N,NW,Y
10340,1148.62,N,Elder,M,17,C,PURPLE,S,SE,N
10341,546.02,N,Elder,F,18,A,MAGENTA,M,MW,N
10342,535.56,Y,Young,F,13,B,INDIGO,N,NW,Y
10343,707.93,N,Young,M,11,C,INDIGO,S,SW,N
10344,1028.98,N,Elder,M,17,B,BROWN,M,MW,Y
10345,820.56,N,Young,M,14,B,MAGENTA,M,MW,N
10346,1007.71,N,Elder,M,17,C,MAGENTA,M,ME,N
10347,1016.69,N,Elder,M,20,A,BROWN,M,ME,Y
10348,766.45,Y,Young,F,12,C,BROWN,N,NE,N
10349,635.7,N,Elder,M,13,B,MAGENTA,N,NW,N
10350,330.62,N,Elder,F,15,A,MAGENTA,M,MW,Y
10351,865.69,N,Elder,M,15,B,BROWN,N,NW,Y
10352,741.99,N,Elder,F,13,B,MAGENTA,N,NW,N
10353,775.44,N,Elder,F,14,A,BROWN,S,SW,N
10354,787.69,N,Elder,M,18,B,BROWN,M,ME,Y
10355,763.83,N,Elder,M,20,A,BROWN,N,NW,Y
10356,904.39,N,Elder,M,14,C,MAGENTA,N,NW,N
10357,775.34,N,Elder,M,18,B,PURPLE,N,NW,N
10358,876.54,N,Elder,F,18,A,BROWN,S,SE,Y
10359,950.19,N,Elder,F,16,C,MAGENTA,N,NE,N
10360,924.28,Y,Elder,F,10,B,BROWN,M,MW,Y
10361,1878.6,Y,Young,M,19,C,BROWN,S,SE,N
10362,342.21,N,Elder,M,15,A,BROWN,N,NW,N
10363,802.66,N,Elder,M,13,C,PURPLE,N,NW,N
10364,1199.09,N,Elder,M,16,A,BROWN,S,SE,Y
10365,1087.98,N,Elder,M,15,B,BROWN,S,SW,Y
10366,1439.9,N,Elder,M,17,C,MAGENTA,M,MW,N
10367,567.45,Y,Elder,F,13,B,INDIGO,M,ME,Y
10368,493.08,N,Elder,M,16,A,BROWN,M,ME,Y
10369,1127.38,Y,Elder,F,13,B,BROWN,M,ME,Y
10370,999.02,Y,Young,M,17,B,MAGENTA,S,SW,Y
10371,885.51,N,Elder,M,14,B,INDIGO,N,NE,N
10372,950.96,N,Elder,M,16,C,INDIGO,N,NE,N
10373,500.63,N,Elder,F,12,A,MAGENTA,M,MW,N
10374,1086.31,N,Elder,M,19,B,BROWN,S,SE,Y
10375,691.75,N,Elder,M,15,B,INDIGO,M,ME,N
10376,937.24,N,Elder,F,16,C,MAGENTA,N,NE,N
10377,742.28,N,Elder,M,15,B,INDIGO,S,SW,N
10378,1052.31,N,Elder,F,16,C,BROWN,N,NW,Y
10379,1327.7,N,Elder,F,17,D,MAGENTA,S,SW,N
10380,1121.67,N,Elder,F,19,C,PURPLE,M,ME,N
10381,1649.28,N,Elder,M,18,D,BROWN,N,NE,Y
10382,1054.49,N,Elder,M,17,C,INDIGO,M,MW,N
10383,381.87,N,Elder,M,16,A,PURPLE,M,ME,N
10384,726.91,N,Elder,M,16,B,PURPLE,M,ME,N
10385,854.05,N,Elder,M,14,C,BROWN,S,SE,Y
10386,486.54,Y,Elder,M,16,A,BROWN,M,MW,Y
10387,1258.33,N,Elder,M,16,C,INDIGO,M,MW,N
10388,625.38,N,Elder,F,15,B,INDIGO,S,SW,N
10389,410.73,N,Young,M,15,A,INDIGO,M,ME,N
10390,483.38,N,Elder,M,16,A,BROWN,N,NW,Y
10391,719.27,N,Elder,M,12,B,BROWN,N,NW,Y
10392,826.21,N,Elder,M,19,B,INDIGO,M,ME,N
10393,1108.68,N,Elder,M,15,B,MAGENTA,N,NW,Y
10394,486.24,Y,Young,F,16,A,MAGENTA,M,MW,Y
10395,1270.21,N,Elder,M,20,C,MAGENTA,S,SW,N
10396,441.02,Y,Elder,M,17,A,INDIGO,N,NW,N
10397,892.56,N,Elder,F,20,B,INDIGO,M,ME,Y
10398,687.07,N,Elder,F,16,B,INDIGO,M,MW,N
10399,1244.25,N,Elder,M,19,C,INDIGO,M,MW,Y
10400,871.88,N,Elder,M,15,C,INDIGO,S,SW,Y
10401,397.8,Y,Elder,M,15,A,MAGENTA,M,MW,Y
10402,1240.55,N,Young,M,18,C,BROWN,N,NW,N
10403,821.95,N,Elder,M,19,B,INDIGO,M,MW,N
10404,954.74,N,Elder,F,15,C,BROWN,S,SW,N
10405,871.2,N,Elder,M,18,B,BROWN,M,ME,Y
10406,278.44,N,Elder,M,14,A,INDIGO,N,NE,Y
10407,1113.49,N,Elder,F,19,B,INDIGO,M,ME,N
10408,1154.36,N,Elder,M,16,C,BROWN,M,MW,Y
10409,1319.32,N,Elder,F,21,B,BROWN,N,NW,Y
10410,1073.76,N,Elder,M,13,B,MAGENTA,N,NW,N
10411,1056.5,N,Elder,F,15,C,BROWN,S,SW,Y
10412,664.66,N,Elder,M,18,A,INDIGO,M,MW,Y
10413,302.87,N,Elder,F,14,A,BROWN,S,SE,N
10414,688.92,N,Elder,M,16,B,BROWN,M,MW,Y
10415,1076.68,N,Elder,M,21,B,MAGENTA,S,SE,N
10416,785.74,N,Elder,M,15,B,INDIGO,N,NW,N
10417,769.44,Y,Elder,F,23,A,INDIGO,N,NE,Y
10418,1596.82,Y,Elder,M,18,C,BROWN,N,NW,Y
10419,422.62,Y,Elder,F,16,A,INDIGO,M,MW,Y
10420,1015.74,Y,Young,F,15,C,BROWN,N,NE,Y
10421,512.87,N,Elder,F,13,B,BROWN,S,SW,Y
10422,412.32,N,Young,F,12,A,INDIGO,M,ME,Y
10423,1116.54,N,Elder,M,19,C,BROWN,S,SW,Y
10424,659.77,Y,Young,M,18,A,BROWN,S,SW,Y
10425,733.44,Y,Elder,M,17,B,MAGENTA,N,NW,Y
10426,1216,N,Elder,M,16,C,BROWN,N,NW,N
10427,1182.09,N,Elder,M,20,C,INDIGO,M,ME,Y
10428,810.83,N,Elder,M,15,A,INDIGO,S,SE,N
10429,313.3,N,Elder,M,14,A,INDIGO,N,NE,N
10430,1169.87,N,Elder,F,15,C,INDIGO,M,ME,Y
10431,1330.07,N,Elder,M,15,B,PURPLE,N,NW,N
10432,913.66,N,Elder,F,15,B,INDIGO,N,NW,Y
10433,648.26,Y,Elder,F,11,B,INDIGO,N,NW,Y
10434,1502.02,N,Elder,F,20,D,MAGENTA,M,ME,N
10435,1712.39,N,Elder,M,17,C,INDIGO,M,ME,Y
10436,1126.87,N,Elder,M,19,C,PURPLE,S,SE,N
10437,609.35,N,Elder,F,12,B,MAGENTA,M,MW,N
10438,428.45,Y,Elder,M,11,B,BROWN,N,NW,Y
10439,1091.1,N,Elder,M,18,C,BROWN,N,NW,N
10440,582.74,N,Elder,M,14,B,PURPLE,N,NE,N
10441,1190.15,N,Elder,M,16,C,INDIGO,N,NE,Y
10442,1630.97,N,Elder,M,18,B,INDIGO,M,ME,Y
10443,411.42,N,Elder,M,16,A,MAGENTA,S,SE,N
10444,368.09,N,Elder,F,15,A,MAGENTA,M,ME,N
10445,1332.08,N,Elder,F,15,B,INDIGO,S,SE,Y
10446,475.16,N,Elder,F,15,A,MAGENTA,N,NE,N
10447,1124.58,Y,Elder,M,15,C,MAGENTA,N,NW,Y
10448,527.68,Y,Young,F,13,B,BROWN,S,SW,N
10449,1354.96,N,Elder,M,19,C,MAGENTA,S,SW,N
10450,292.55,N,Elder,F,13,A,MAGENTA,M,MW,N
10451,1149.31,N,Elder,M,16,C,MAGENTA,S,SE,Y
10452,1171.45,N,Elder,M,14,D,BROWN,N,NE,N
10453,990.14,N,Elder,M,15,C,BROWN,M,MW,Y
10454,1627.5,N,Elder,M,20,C,INDIGO,N,NE,N
10455,1039.26,N,Elder,M,17,C,BROWN,S,SW,N
10456,555.71,N,Elder,M,14,B,INDIGO,M,MW,Y
10457,1369.44,N,Elder,M,19,B,INDIGO,N,NE,N
10458,1141.92,N,Elder,F,17,C,BROWN,S,SE,Y
10459,651.23,N,Elder,M,16,B,BROWN,S,SE,Y
10460,1207,N,Elder,F,20,C,MAGENTA,S,SW,Y
10461,816.19,N,Elder,M,18,B,BROWN,M,MW,Y
10462,1388.13,N,Elder,M,18,C,MAGENTA,M,MW,N
10463,602.05,N,Elder,F,14,A,INDIGO,S,SE,Y
10464,964.64,N,Elder,F,20,B,BROWN,N,NW,Y
10465,403.03,N,Elder,F,16,A,BROWN,N,NW,N
10466,463.84,N,Elder,M,15,A,BROWN,S,SW,Y
10467,1533.42,N,Elder,M,14,D,MAGENTA,M,MW,Y
10468,575.64,N,Elder,F,14,B,INDIGO,S,SW,N
10469,1062.81,N,Elder,F,18,C,INDIGO,M,ME,Y
10470,878.29,N,Elder,M,20,B,INDIGO,N,NE,N
10471,783.5,N,Elder,M,18,B,BROWN,M,MW,N
10472,1506.75,N,Young,M,18,D,BROWN,N,NE,Y
10473,841.07,N,Elder,M,18,B,MAGENTA,N,NE,Y
10474,847.78,N,Elder,F,14,C,INDIGO,S,SE,Y
10475,671.54,Y,Elder,F,16,B,BROWN,M,MW,N
10476,842.35,Y,Elder,F,12,C,INDIGO,N,NW,N
10477,1026.72,N,Elder,F,14,C,BROWN,N,NW,Y
10478,730.43,N,Elder,M,17,B,PURPLE,N,NE,N
10479,1020.76,N,Elder,M,17,B,MAGENTA,N,NE,N
10480,1299.81,N,Elder,M,16,D,INDIGO,M,ME,N
10481,1253.46,N,Elder,F,14,A,MAGENTA,M,MW,N
10482,488.91,N,Elder,F,13,B,INDIGO,M,MW,N
10483,1362.42,N,Elder,M,17,C,BROWN,N,NW,Y
10484,581.38,N,Young,M,14,B,BROWN,N,NW,Y
10485,836.66,N,Elder,F,18,B,MAGENTA,M,ME,Y
10486,513.04,N,Elder,F,12,B,BROWN,M,MW,Y
10487,1204.44,N,Elder,F,15,D,BROWN,S,SW,Y
10488,796.17,N,Elder,M,15,B,MAGENTA,M,ME,N
10489,839.21,N,Young,M,13,C,BROWN,N,NW,Y
10490,944.67,N,Elder,F,17,B,BROWN,S,SE,Y
10491,676.98,N,Elder,F,15,B,BROWN,N,NW,Y
10492,829.39,Y,Elder,F,16,B,BROWN,M,ME,Y
10493,826.99,N,Elder,M,17,B,INDIGO,N,NW,Y
10494,353.9,N,Elder,M,14,A,BROWN,S,SE,Y
10495,670.44,N,Elder,M,19,A,PURPLE,M,MW,N
10496,837.44,Y,Young,F,14,C,MAGENTA,N,NE,N
10497,818.47,N,Elder,F,18,A,BROWN,M,MW,Y
10498,676.49,Y,Elder,M,16,B,INDIGO,N,NE,Y
10499,1214.78,N,Elder,F,15,D,BROWN,N,NW,Y
10500,1063.36,N,Elder,M,15,C,INDIGO,S,SE,N
10501,743.44,Y,Elder,M,15,B,BROWN,S,SW,Y
10502,542.01,N,Elder,F,13,B,INDIGO,S,SE,Y
10503,975.04,N,Elder,F,16,C,INDIGO,S,SW,N
10504,306.71,N,Elder,M,13,A,BROWN,N,NW,N
10505,1021.14,Y,Elder,M,16,C,BROWN,S,SE,Y
10506,870.41,N,Elder,M,18,B,BROWN,M,ME,Y
10507,346.16,N,Elder,M,14,A,INDIGO,N,NE,Y
10508,567.82,N,Elder,M,13,B,BROWN,N,NE,Y
10509,550.68,N,Elder,F,14,B,BROWN,M,MW,Y
10510,525.75,N,Elder,F,15,A,MAGENTA,M,MW,N
10511,502.72,N,Elder,M,18,A,MAGENTA,M,MW,Y
10512,995.87,N,Elder,F,17,C,MAGENTA,N,NE,N
10513,1077.85,Y,Elder,M,13,D,INDIGO,N,NW,Y
10514,961.93,N,Elder,M,18,B,INDIGO,M,ME,N
10515,1582.78,N,Elder,F,19,D,INDIGO,N,NE,Y
10516,449.24,N,Elder,M,17,A,BROWN,M,ME,Y
10517,1218.32,N,Elder,M,18,C,BROWN,N,NE,Y
10518,720.78,N,Elder,M,19,A,INDIGO,M,MW,N
10519,712.57,N,Elder,M,17,B,BROWN,N,NE,Y
10520,720.57,N,Elder,F,13,B,BROWN,M,ME,Y
10521,583.08,N,Elder,F,13,B,MAGENTA,S,SE,Y
10522,830.96,N,Elder,M,19,B,MAGENTA,M,ME,N
10523,1440.58,N,Young,M,17,D,INDIGO,S,SE,N
10524,937.79,N,Elder,M,18,B,MAGENTA,N,NE,N
10525,771.78,N,Elder,F,17,B,BROWN,S,SE,N
10526,304.97,N,Young,M,12,A,BROWN,M,ME,Y
10527,412.97,N,Elder,M,10,B,INDIGO,M,MW,N
10528,1080.46,N,Elder,F,19,B,INDIGO,M,ME,Y
10529,546.16,N,Elder,M,19,A,INDIGO,S,SE,N
10530,463.65,N,Elder,M,16,A,BROWN,M,ME,Y
10531,526.91,N,Elder,M,18,A,BROWN,S,SE,Y
10532,404.87,N,Elder,F,16,A,MAGENTA,N,NW,Y
10533,1639.89,N,Elder,M,14,C,INDIGO,M,ME,Y
10534,713.9,N,Elder,M,15,A,MAGENTA,M,ME,Y
10535,491.82,N,Elder,F,16,A,BROWN,M,ME,Y
10536,1025.61,N,Elder,M,22,B,BROWN,N,NW,N
10537,1059.75,N,Elder,M,16,C,INDIGO,M,MW,N
10538,611.1,N,Elder,F,19,A,MAGENTA,M,MW,N
10539,1145.32,N,Elder,F,20,C,INDIGO,N,NE,N
10540,982.82,N,Elder,M,21,B,INDIGO,N,NE,N
10541,1051.7,N,Elder,F,16,C,INDIGO,M,MW,N
10542,1864.78,N,Elder,F,16,C,BROWN,M,MW,Y
10543,529.17,N,Elder,M,17,A,BROWN,N,NE,Y
10544,564.9,N,Elder,F,17,A,PURPLE,M,ME,N
10545,735.92,N,Elder,M,16,A,INDIGO,M,MW,N
10546,956.57,N,Elder,F,10,C,INDIGO,N,NE,Y
10547,1485.24,N,Young,M,16,B,MAGENTA,M,MW,N
10548,880.02,N,Elder,M,18,B,PURPLE,N,NW,N
10549,507.17,N,Elder,M,17,A,INDIGO,M,MW,N
10550,691.69,N,Elder,M,14,B,MAGENTA,M,ME,Y
10551,666.56,N,Elder,F,16,B,BROWN,S,SW,Y
10552,839.21,N,Elder,F,12,B,INDIGO,S,SE,Y
10553,714.87,Y,Elder,M,12,C,BROWN,N,NE,Y
10554,813.39,N,Elder,F,17,B,BROWN,N,NE,N
10555,1245.07,N,Elder,M,15,D,BROWN,M,MW,N
10556,550.36,N,Elder,M,18,A,INDIGO,S,SW,Y
10557,917.54,Y,Elder,F,15,C,BROWN,N,NW,Y
10558,544.46,N,Elder,F,19,A,INDIGO,N,NW,N
10559,938.15,N,Elder,M,16,C,MAGENTA,M,MW,N
10560,902.26,N,Elder,F,20,A,INDIGO,M,ME,Y
10561,944.6,N,Elder,F,18,B,BROWN,M,MW,Y
10562,517.44,N,Elder,F,13,B,MAGENTA,M,ME,Y
10563,1074.95,Y,Elder,M,15,C,INDIGO,N,NE,Y
10564,1306.96,N,Elder,M,18,C,INDIGO,N,NW,N
10565,715.24,N,Elder,F,14,B,MAGENTA,S,SE,N
10566,876.55,Y,Elder,M,13,B,INDIGO,M,ME,Y
10567,401.75,N,Elder,M,16,A,BROWN,N,NW,N
10568,840.34,N,Elder,F,17,B,BROWN,S,SE,Y
10569,851.35,N,Elder,M,17,B,BROWN,N,NE,Y
10570,944.33,N,Elder,F,16,B,MAGENTA,M,MW,N
10571,1024.48,Y,Elder,M,16,C,MAGENTA,M,ME,Y
10572,843.38,N,Elder,M,17,B,MAGENTA,M,ME,N
10573,279.23,N,Elder,F,14,A,PURPLE,N,NE,N
10574,923.5,N,Elder,F,15,B,BROWN,S,SW,Y
10575,1004.59,N,Elder,F,16,C,INDIGO,S,SW,N
10576,607.28,N,Elder,F,13,B,BROWN,M,ME,Y
10577,672.84,N,Young,M,14,B,PURPLE,N,NE,N
10578,1312.53,N,Elder,M,18,C,BROWN,M,ME,N
10579,1564.1,N,Elder,M,15,C,PURPLE,N,NW,N
10580,770,N,Elder,M,22,A,BROWN,M,ME,Y
10581,465.66,Y,Elder,M,14,A,INDIGO,S,SW,Y
10582,847.84,N,Elder,M,17,B,MAGENTA,M,MW,N
10583,1223.39,Y,Elder,F,16,D,INDIGO,S,SW,Y
10584,589.72,N,Elder,M,19,A,PURPLE,S,SW,N
10585,629.93,N,Elder,M,15,B,INDIGO,M,ME,Y
10586,892.26,N,Elder,F,15,C,INDIGO,N,NE,Y
10587,1304.93,N,Elder,M,17,C,INDIGO,S,SE,Y
10588,2254.21,N,Elder,M,25,B,PURPLE,S,SE,N
10589,1014.68,Y,Elder,F,18,B,BROWN,N,NW,Y
10590,1201.74,N,Elder,F,18,A,INDIGO,N,NW,N
10591,624.79,N,Elder,F,12,B,BROWN,M,MW,Y
10592,1414.07,Y,Elder,M,18,C,BROWN,M,ME,Y
10593,1022.75,Y,Young,F,11,D,MAGENTA,S,SE,N
10594,501.62,N,Elder,F,18,A,MAGENTA,S,SE,N
10595,1018.67,N,Elder,M,17,C,BROWN,N,NW,Y
10596,1513.11,Y,Elder,F,17,D,BROWN,N,NE,N
10597,927.95,N,Elder,M,16,B,PURPLE,S,SW,N
10598,1152.86,N,Elder,F,14,C,MAGENTA,N,NW,N
10599,617.13,N,Young,M,19,A,PURPLE,M,ME,N
10600,1072.7,N,Elder,M,19,B,MAGENTA,M,ME,N
10601,1356.12,N,Young,M,16,D,INDIGO,N,NW,Y
10602,433.49,N,Elder,M,17,A,BROWN,N,NW,N
10603,1099.24,N,Elder,M,14,C,BROWN,N,NW,N
10604,1120.18,N,Elder,M,15,C,BROWN,N,NW,Y
10605,938.82,N,Elder,M,16,A,INDIGO,M,ME,Y
10606,1089.12,Y,Young,M,12,C,INDIGO,N,NW,Y
10607,552.71,N,Elder,M,14,B,PURPLE,M,MW,N
10608,1104.54,N,Elder,M,16,C,MAGENTA,S,SW,N
10609,1517.18,N,Elder,M,20,C,INDIGO,M,MW,Y
10610,1004.44,N,Elder,M,15,C,BROWN,M,MW,Y
10611,1581.96,N,Elder,M,18,D,INDIGO,M,ME,Y
10612,906.89,N,Elder,M,19,B,MAGENTA,N,NW,N
10613,733.15,N,Elder,M,15,B,BROWN,M,ME,Y
10614,494.66,N,Elder,M,18,A,MAGENTA,N,NE,N
10615,371.35,N,Elder,F,15,A,INDIGO,M,ME,N
10616,1286.72,N,Elder,M,21,C,MAGENTA,N,NE,N
10617,386.87,N,Elder,M,12,A,INDIGO,S,SE,N
10618,781.2,N,Elder,F,15,B,INDIGO,S,SW,Y
10619,672.36,Y,Elder,M,16,A,BROWN,N,NW,Y
10620,1450.18,N,Elder,F,16,C,MAGENTA,M,MW,Y
10621,821.77,N,Elder,F,14,B,BROWN,M,MW,Y
10622,532,N,Elder,M,16,A,BROWN,N,NW,Y
10623,959.1,Y,Elder,M,15,C,BROWN,M,ME,Y
10624,603.62,N,Young,M,18,A,MAGENTA,M,ME,N
10625,660.82,N,Elder,F,18,A,INDIGO,S,SE,N
10626,881.1,N,Elder,M,17,B,INDIGO,M,MW,N
10627,1091.79,N,Elder,M,19,C,INDIGO,N,NW,N
10628,770.05,N,Elder,M,17,B,INDIGO,N,NE,Y
10629,1249.32,Y,Elder,F,15,C,MAGENTA,S,SE,N
10630,584.85,N,Elder,F,13,A,INDIGO,N,NW,Y
10631,430.2,Y,Elder,M,16,A,INDIGO,M,ME,Y
10632,548.71,Y,Elder,F,14,B,INDIGO,N,NE,Y
10633,588.3,Y,Young,M,13,B,MAGENTA,N,NE,Y
10634,558.46,N,Elder,M,19,A,BROWN,N,NE,Y
10635,563.16,N,Elder,F,13,B,BROWN,M,MW,N
10636,1501.91,N,Elder,M,15,C,BROWN,N,NW,Y
10637,995.94,N,Elder,M,17,B,INDIGO,N,NE,N
10638,742.64,N,Elder,M,16,B,MAGENTA,N,NW,N
10639,738.41,N,Elder,M,17,B,BROWN,M,MW,Y
10640,1118.55,N,Elder,M,19,C,INDIGO,M,MW,Y
10641,1102.42,N,Elder,F,19,C,MAGENTA,N,NE,Y
10642,678.62,N,Elder,M,16,B,INDIGO,M,MW,Y
10643,612.28,Y,Elder,M,15,B,INDIGO,N,NE,Y
10644,1753.57,N,Elder,M,14,B,BROWN,M,ME,N
10645,1242.1,N,Elder,F,12,D,INDIGO,M,MW,N
10646,1110.31,N,Elder,M,19,B,BROWN,S,SW,Y
10647,726.64,N,Elder,F,11,C,INDIGO,N,NW,N
10648,472.78,N,Elder,F,15,A,INDIGO,M,ME,Y
10649,757.36,N,Elder,M,17,B,BROWN,S,SW,N
10650,663.8,N,Elder,M,14,A,BROWN,M,MW,Y
10651,1750.98,N,Elder,M,15,A,MAGENTA,S,SE,N
10652,996.87,N,Elder,M,20,B,BROWN,S,SE,Y
10653,1172.36,N,Elder,F,17,C,INDIGO,N,NE,Y
10654,1099.3,N,Elder,M,19,C,MAGENTA,M,ME,N
10655,1141.15,N,Elder,F,22,B,MAGENTA,S,SW,Y
10656,558.64,N,Elder,F,14,B,INDIGO,N,NW,Y
10657,519.1,N,Elder,F,17,A,INDIGO,M,ME,Y
10658,1395.44,N,Elder,F,14,D,INDIGO,M,MW,Y
10659,689.17,N,Elder,F,16,B,INDIGO,M,MW,Y
10660,1150.07,N,Elder,M,17,C,MAGENTA,N,NE,N
10661,561.49,N,Elder,F,19,A,INDIGO,M,MW,N
10662,1301.58,N,Elder,F,17,D,MAGENTA,M,ME,N
10663,1062.01,N,Elder,F,16,C,BROWN,N,NE,N
10664,935.84,N,Elder,M,20,B,PURPLE,N,NW,N
10665,827.68,Y,Elder,F,14,C,INDIGO,M,ME,N
10666,601.82,N,Elder,M,18,A,INDIGO,M,ME,N
10667,785.27,N,Young,F,11,C,MAGENTA,M,ME,Y
10668,1037.15,N,Elder,M,19,B,INDIGO,N,NW,N
10669,444.3,N,Elder,F,12,B,INDIGO,M,MW,N
10670,1053.33,N,Elder,M,17,B,INDIGO,N,NW,N
10671,502.69,Y,Elder,M,13,B,BROWN,N,NE,Y
10672,395.77,N,Elder,M,15,A,BROWN,N,NE,Y
10673,696.63,N,Elder,M,19,A,BROWN,N,NE,N
10674,579.16,N,Elder,F,14,B,INDIGO,N,NW,N
10675,525.38,N,Elder,F,16,A,MAGENTA,N,NW,N
10676,799,N,Elder,M,18,B,BROWN,N,NE,Y
10677,684.47,N,Elder,M,16,B,BROWN,M,ME,Y
10678,482.43,N,Elder,M,15,A,MAGENTA,M,MW,N
10679,919.98,N,Elder,M,14,C,BROWN,S,SW,Y
10680,553.49,Y,Elder,M,19,A,INDIGO,M,ME,N
10681,388.55,N,Elder,F,16,A,BROWN,N,NE,Y
10682,495.23,N,Elder,M,17,A,MAGENTA,N,NE,Y
10683,252.64,N,Young,F,13,A,PURPLE,S,SW,N
10684,821.68,N,Elder,M,13,C,BROWN,N,NE,Y
10685,935.06,N,Elder,M,16,C,BROWN,M,MW,Y
10686,956.72,N,Elder,F,18,A,MAGENTA,S,SE,N
10687,369.8,N,Young,M,15,A,PURPLE,N,NW,N
10688,933.52,N,Elder,M,16,C,BROWN,S,SE,N
10689,124.74,N,Young,M,11,A,BROWN,S,SE,Y
10690,1096.12,N,Elder,M,16,C,BROWN,S,SW,Y
10691,239.39,Y,Elder,M,13,A,MAGENTA,M,MW,N
10692,667.37,N,Young,F,15,B,BROWN,N,NW,Y
10693,448.2,N,Elder,F,17,A,INDIGO,N,NW,Y
10694,1028.99,N,Elder,F,14,C,MAGENTA,N,NW,Y
10695,567.48,Y,Young,F,13,B,MAGENTA,N,NE,Y
10696,583.5,N,Elder,F,17,A,INDIGO,M,ME,N
10697,578.83,N,Elder,F,16,A,INDIGO,M,ME,N
10698,1197.05,N,Elder,M,18,C,BROWN,S,SE,Y
10699,2485.03,N,Elder,F,18,D,BROWN,N,NW,Y
10700,903.86,N,Elder,F,12,B,INDIGO,M,MW,Y
10701,893.94,N,Elder,M,17,B,MAGENTA,N,NE,N
10702,681.98,N,Elder,F,16,B,BROWN,N,NW,Y
10703,800.62,N,Elder,F,17,B,INDIGO,M,MW,Y
10704,843.69,N,Elder,F,14,B,MAGENTA,M,ME,N
10705,796.86,N,Elder,F,17,A,BROWN,M,ME,Y
10706,933.94,N,Elder,F,12,C,BROWN,S,SW,Y
10707,1025.33,Y,Elder,M,17,C,BROWN,N,NW,Y
10708,522.34,N,Elder,F,13,B,INDIGO,N,NE,N
10709,427.78,Y,Elder,F,11,B,INDIGO,N,NE,Y
10710,1062.3,N,Elder,M,17,A,INDIGO,N,NE,Y
10711,542.33,N,Elder,M,13,B,BROWN,N,NE,Y
10712,1864.63,Y,Young,M,18,A,BROWN,S,SE,Y
10713,761.72,N,Elder,F,17,A,BROWN,M,MW,N
10714,606.85,N,Elder,F,16,A,BROWN,N,NW,Y
10715,834.06,N,Elder,M,18,B,INDIGO,S,SW,Y
10716,1784.87,N,Elder,M,19,D,BROWN,S,SW,Y
10717,960.46,N,Elder,F,12,C,BROWN,N,NW,Y
10718,224.75,N,Elder,M,13,A,INDIGO,M,MW,N
10719,559.94,N,Young,F,13,B,BROWN,N,NW,Y
10720,512.98,N,Elder,M,13,B,MAGENTA,N,NE,N
10721,1157.76,Y,Elder,M,20,C,BROWN,N,NW,Y
10722,515.65,N,Elder,F,17,A,BROWN,M,ME,Y
10723,1082.83,N,Elder,M,18,B,INDIGO,M,ME,N
10724,773.63,N,Elder,F,13,B,INDIGO,S,SE,N
10725,742.39,Y,Elder,F,17,B,BROWN,N,NE,Y
10726,1803.66,N,Elder,M,16,C,MAGENTA,S,SW,N
10727,569.69,Y,Elder,F,14,B,MAGENTA,N,NW,N
10728,831.18,N,Elder,M,18,B,BROWN,N,NE,Y
10729,427.81,N,Elder,M,12,A,INDIGO,N,NW,Y
10730,472.27,N,Elder,F,10,B,BROWN,N,NW,Y
10731,700.97,N,Elder,M,14,A,MAGENTA,N,NE,N
10732,797.63,N,Elder,M,15,B,INDIGO,N,NW,N
10733,612.55,N,Elder,M,15,B,MAGENTA,M,ME,N
10734,384.76,N,Elder,F,13,A,BROWN,M,ME,Y
10735,681.43,N,Elder,F,16,B,BROWN,N,NE,Y
10736,713.06,N,Elder,M,17,A,BROWN,N,NE,Y
10737,1149.9,N,Elder,M,16,C,BROWN,N,NW,Y
10738,1099.41,N,Elder,M,19,B,BROWN,N,NE,Y
10739,849.51,N,Elder,M,18,B,BROWN,N,NW,N
10740,561.71,N,Elder,F,14,B,MAGENTA,N,NW,N
10741,849.32,N,Elder,F,13,B,BROWN,M,ME,N
10742,372.63,Y,Young,F,14,A,BROWN,M,ME,Y
10743,345.35,N,Elder,M,14,A,PURPLE,N,NE,N
10744,824.84,N,Elder,M,19,B,BROWN,N,NW,N
10745,898.38,N,Young,M,14,B,MAGENTA,N,NW,N
10746,1009.29,N,Young,M,19,B,BROWN,M,MW,Y
10747,923.76,N,Elder,F,17,B,BROWN,M,ME,Y
10748,604.6,Y,Elder,F,15,B,MAGENTA,N,NW,Y
10749,1457.93,N,Elder,M,21,C,MAGENTA,N,NW,N
10750,1154.04,N,Elder,M,20,B,MAGENTA,M,ME,N
10751,360.51,N,Elder,M,15,A,INDIGO,S,SW,N
10752,558.87,N,Elder,F,17,A,INDIGO,M,ME,N
10753,1317.53,N,Elder,M,14,B,MAGENTA,S,SE,N
10754,538.94,N,Elder,F,15,A,MAGENTA,S,SW,N
10755,665.27,N,Elder,F,16,B,INDIGO,S,SE,N
10756,749.39,N,Elder,F,16,A,BROWN,S,SE,Y
10757,936.61,N,Elder,M,16,C,PURPLE,S,SW,N
10758,745.96,N,Elder,M,17,B,INDIGO,N,NW,N
10759,1179.02,N,Elder,M,19,C,BROWN,N,NE,Y
10760,1012.46,Y,Elder,M,21,B,INDIGO,N,NE,Y
10761,400.48,N,Elder,M,16,A,BROWN,N,NE,Y
10762,836.65,N,Elder,M,19,B,INDIGO,S,SE,N
10763,603.81,N,Elder,M,18,A,INDIGO,S,SE,N
10764,916.44,N,Elder,F,15,C,BROWN,M,ME,Y
10765,547.99,N,Elder,F,13,B,INDIGO,M,ME,N
10766,983.73,N,Elder,M,19,B,MAGENTA,M,ME,N
10767,775.11,N,Elder,M,14,B,BROWN,M,MW,N
10768,505.42,N,Elder,M,17,A,PURPLE,N,NW,N
10769,875.88,N,Elder,M,13,B,BROWN,S,SE,Y
10770,1084.52,N,Elder,M,18,B,BROWN,N,NE,Y
10771,557.37,N,Elder,M,13,B,INDIGO,M,MW,N
10772,1213.97,N,Young,M,20,C,BROWN,M,ME,Y
10773,802.4,N,Elder,F,13,C,INDIGO,M,MW,Y
10774,814.18,N,Elder,F,15,B,INDIGO,S,SE,Y
10775,984.73,N,Elder,F,20,B,INDIGO,N,NW,Y
10776,943.74,N,Elder,M,16,C,BROWN,S,SE,Y
10777,645.56,Y,Young,M,15,B,BROWN,N,NW,Y
10778,687.66,Y,Young,M,16,B,BROWN,N,NW,Y
10779,772.41,N,Elder,F,14,B,INDIGO,N,NW,N
10780,1313.22,N,Elder,F,17,C,INDIGO,N,NE,Y
10781,1605.95,N,Elder,M,15,D,BROWN,M,MW,Y
10782,502.35,N,Elder,M,13,B,INDIGO,N,NW,N
10783,782.32,N,Young,M,13,C,INDIGO,S,SW,N
10784,388,N,Elder,M,16,A,BROWN,N,NE,N
10785,1127.07,N,Young,M,12,D,PURPLE,M,MW,N
10786,1287.61,N,Elder,M,17,C,BROWN,N,NE,Y
10787,1183.22,N,Elder,M,16,C,BROWN,N,NW,N
10788,945.17,N,Elder,M,19,A,INDIGO,N,NW,Y
10789,361.5,N,Elder,F,15,A,BROWN,N,NW,Y
10790,907.48,N,Elder,M,15,C,INDIGO,M,MW,Y
10791,1151.56,N,Elder,M,20,C,PURPLE,S,SE,N
10792,1081.56,N,Elder,F,21,B,MAGENTA,N,NW,N
10793,742.44,N,Elder,M,15,B,BROWN,N,NW,N
10794,2160.56,N,Elder,M,15,A,BROWN,S,SW,Y
10795,952.37,N,Elder,F,15,C,MAGENTA,M,ME,Y
10796,1150.78,N,Elder,M,15,C,INDIGO,S,SE,Y
10797,907.53,N,Elder,F,15,C,INDIGO,S,SW,Y
10798,717.91,N,Elder,M,17,B,INDIGO,M,ME,Y
10799,712.96,N,Elder,M,15,B,MAGENTA,S,SE,N
10800,957.08,N,Elder,M,16,C,INDIGO,N,NE,N
10801,271.22,N,Elder,F,14,A,MAGENTA,N,NE,N
10802,619.58,N,Elder,M,20,A,INDIGO,M,MW,Y
10803,786.39,N,Elder,F,18,B,MAGENTA,M,ME,Y
10804,942.86,N,Elder,M,16,C,BROWN,N,NE,N
10805,781.54,N,Elder,M,18,B,BROWN,N,NE,N
10806,1134.63,N,Elder,F,15,C,PURPLE,M,ME,N
10807,968.14,N,Elder,M,15,C,INDIGO,M,ME,Y
10808,860.93,N,Elder,M,18,B,BROWN,S,SW,N
10809,968.78,N,Elder,M,19,B,BROWN,N,NE,N
10810,653.25,N,Elder,F,12,B,MAGENTA,N,NE,N
10811,668.35,N,Elder,F,15,B,INDIGO,M,MW,N
10812,578.66,N,Elder,M,18,A,MAGENTA,M,MW,Y
10813,1159.4,N,Elder,M,20,B,INDIGO,M,ME,N
10814,1505.38,N,Elder,M,19,D,BROWN,N,NE,Y
10815,1171.82,N,Elder,M,16,C,MAGENTA,N,NE,N
10816,787.46,N,Elder,F,13,C,BROWN,N,NE,Y
10817,486.79,Y,Elder,F,12,B,MAGENTA,N,NW,N
10818,508.08,N,Elder,M,12,B,MAGENTA,S,SW,N
10819,892.01,N,Elder,F,16,B,BROWN,M,MW,Y
10820,424.3,Y,Young,F,15,A,PURPLE,M,ME,N
10821,417.31,N,Elder,M,16,A,INDIGO,M,MW,Y
10822,663.87,N,Elder,F,14,A,INDIGO,M,MW,Y
10823,1728.29,N,Elder,M,15,D,INDIGO,M,ME,Y
10824,409.43,N,Elder,M,16,A,BROWN,M,ME,Y
10825,774.93,N,Young,M,18,B,MAGENTA,M,ME,Y
10826,918.48,N,Elder,F,15,C,PURPLE,M,MW,N
10827,626.66,N,Elder,M,14,B,BROWN,S,SW,N
10828,406.11,N,Elder,F,10,A,BROWN,N,NW,Y
10829,1035.26,N,Elder,M,23,B,INDIGO,M,ME,N
10830,577.62,N,Elder,M,18,A,BROWN,S,SE,Y
10831,658.85,N,Elder,M,16,B,PURPLE,N,NW,N
10832,509.85,N,Elder,F,18,A,BROWN,N,NE,Y
10833,846.69,N,Elder,F,14,C,INDIGO,N,NW,N
10834,957.35,Y,Young,F,17,B,INDIGO,N,NE,N
10835,498.76,N,Elder,M,18,A,INDIGO,M,MW,Y
10836,576.81,N,Elder,M,19,A,MAGENTA,M,MW,N
10837,1820.82,N,Young,M,16,C,BROWN,S,SW,Y
10838,841.59,N,Elder,M,24,A,BROWN,N,NE,Y
10839,1081.18,N,Elder,F,14,C,BROWN,S,SE,Y
10840,712.61,N,Elder,F,17,A,BROWN,N,NW,Y
10841,1611.24,N,Elder,F,19,C,BROWN,M,MW,Y
10842,497.57,N,Elder,M,17,A,BROWN,S,SW,N
10843,1205.52,N,Elder,F,14,D,PURPLE,N,NW,N
10844,1101.1,N,Elder,M,15,C,BROWN,S,SE,N
10845,828.56,N,Elder,M,17,B,INDIGO,N,NE,Y
10846,893.96,N,Elder,M,15,B,BROWN,M,ME,Y
10847,910.42,N,Elder,M,14,C,PURPLE,M,MW,N
10848,428.22,N,Elder,M,15,A,MAGENTA,M,ME,N
10849,1371.46,N,Young,F,15,D,BROWN,N,NE,Y
10850,631.62,N,Elder,F,20,A,PURPLE,N,NE,N
10851,792.84,N,Elder,F,18,B,BROWN,N,NW,Y
10852,727.97,N,Elder,F,16,B,PURPLE,N,NE,N
10853,1311.74,N,Elder,M,23,C,MAGENTA,N,NW,Y
10854,628.18,N,Elder,M,17,A,BROWN,N,NW,N
10855,558.96,N,Elder,F,18,A,BROWN,N,NW,N
10856,792.51,N,Elder,F,15,A,INDIGO,S,SW,N
10857,1676,N,Elder,F,17,D,BROWN,N,NE,N
10858,560.11,N,Elder,F,14,B,BROWN,N,NW,Y
10859,250.14,N,Elder,M,13,A,BROWN,M,ME,Y
10860,859.66,Y,Elder,M,18,B,MAGENTA,S,SE,Y
10861,711.96,Y,Elder,M,16,B,BROWN,N,NE,Y
10862,464.06,N,Elder,M,12,B,INDIGO,M,ME,N
10863,719.73,N,Elder,M,15,B,BROWN,S,SW,Y
10864,659.32,Y,Elder,M,16,B,BROWN,M,ME,Y
10865,571.19,N,Elder,M,14,B,MAGENTA,M,MW,N
10866,178.52,N,Elder,M,12,A,BROWN,M,ME,Y
10867,615.56,N,Elder,F,15,B,BROWN,M,MW,Y
10868,886.23,N,Elder,M,19,B,INDIGO,M,MW,Y
10869,660.92,Y,Elder,F,14,A,BROWN,N,NW,Y
10870,1119.37,N,Elder,M,14,D,MAGENTA,M,ME,Y
10871,731.41,N,Elder,F,15,B,BROWN,N,NE,N
10872,349.01,N,Elder,F,15,A,MAGENTA,M,ME,N
10873,1487.15,N,Elder,F,19,C,BROWN,N,NE,Y
10874,555.72,N,Elder,F,19,A,BROWN,M,MW,Y
10875,766.45,N,Elder,M,21,A,MAGENTA,N,NW,Y
10876,941.09,N,Elder,M,15,B,BROWN,N,NW,Y
10877,1251.53,N,Elder,M,18,B,BROWN,M,MW,Y
10878,899.75,N,Elder,M,19,B,BROWN,N,NE,Y
10879,343.71,N,Elder,F,15,A,PURPLE,S,SW,N
10880,514.8,N,Elder,M,18,A,BROWN,M,ME,N
10881,396.24,N,Elder,M,15,A,BROWN,M,MW,Y
10882,827.73,N,Elder,M,15,B,INDIGO,N,NW,N
10883,1338.41,Y,Elder,F,18,B,BROWN,N,NE,Y
10884,1614.91,Y,Elder,F,14,B,BROWN,S,SE,Y
10885,634.72,N,Elder,M,16,A,MAGENTA,M,ME,N
10886,659.46,N,Elder,F,14,B,MAGENTA,N,NW,N
10887,517.15,N,Elder,M,13,B,BROWN,M,MW,N
10888,387.72,N,Elder,M,15,A,BROWN,M,MW,Y
10889,1485.98,N,Elder,F,14,D,INDIGO,N,NW,Y
10890,1343.71,N,Young,M,19,B,INDIGO,N,NW,Y
10891,524.07,N,Elder,F,18,A,BROWN,N,NE,Y
10892,1226.09,N,Elder,M,21,B,BROWN,N,NE,Y
10893,1177.35,N,Elder,F,16,C,BROWN,N,NW,Y
10894,928.59,N,Elder,M,16,C,MAGENTA,M,ME,N
10895,476.51,N,Elder,F,14,A,INDIGO,M,MW,Y
10896,495.05,N,Elder,M,18,A,INDIGO,M,MW,N
10897,1531.42,N,Elder,M,18,D,MAGENTA,N,NE,Y
10898,1277.8,N,Elder,M,17,C,BROWN,N,NE,Y
10899,1589.95,N,Elder,M,22,C,INDIGO,N,NE,Y
10900,934.33,N,Elder,M,16,C,MAGENTA,N,NW,N
10901,1454.11,N,Elder,F,17,D,INDIGO,S,SE,Y
10902,1031.54,N,Elder,F,16,B,PURPLE,M,ME,N
10903,720.51,N,Elder,M,19,A,MAGENTA,N,NE,N
10904,1836.25,N,Elder,F,13,C,BROWN,M,ME,N
10905,580.63,N,Elder,M,18,A,BROWN,N,NE,Y
10906,445.47,N,Elder,M,17,A,INDIGO,M,MW,N
10907,1122.88,N,Elder,M,19,C,INDIGO,M,MW,Y
10908,1205.72,N,Elder,M,15,D,INDIGO,S,SE,N
10909,1303.57,N,Elder,F,17,D,MAGENTA,M,ME,Y
10910,380.04,N,Elder,M,15,A,BROWN,M,ME,Y
10911,867.89,N,Elder,M,14,A,MAGENTA,N,NE,Y
10912,635.99,N,Elder,M,18,A,INDIGO,S,SW,N
10913,1169.7,N,Elder,F,13,A,INDIGO,M,ME,Y
10914,651.1,N,Young,F,15,B,INDIGO,M,MW,Y
10915,892.14,N,Elder,M,14,C,INDIGO,N,NE,N
10916,469.79,N,Elder,F,17,A,BROWN,M,MW,Y
10917,353.85,N,Elder,M,14,A,MAGENTA,N,NE,N
10918,950.54,N,Elder,M,15,C,PURPLE,M,MW,N
10919,1065.58,N,Elder,M,18,B,BROWN,M,ME,N
10920,729.57,N,Elder,F,14,B,BROWN,S,SW,Y
10921,951.27,N,Elder,M,18,A,MAGENTA,S,SE,N
10922,606.16,N,Elder,F,18,A,INDIGO,N,NE,N
10923,571.02,N,Elder,F,16,A,BROWN,S,SE,Y
10924,695.16,N,Elder,M,18,A,INDIGO,N,NE,Y
10925,725.81,N,Elder,M,15,B,BROWN,S,SW,Y
10926,1384.84,N,Elder,M,20,B,MAGENTA,N,NE,Y
10927,632.45,Y,Elder,M,15,B,INDIGO,M,ME,Y
10928,1082.83,N,Elder,M,15,C,BROWN,N,NW,N
10929,556.15,N,Elder,F,16,A,BROWN,S,SE,Y
10930,420,N,Elder,M,15,A,MAGENTA,N,NW,Y
10931,1256.34,N,Elder,M,21,C,INDIGO,S,SE,Y
10932,1181.44,N,Elder,M,17,C,INDIGO,N,NE,Y
10933,723.48,N,Elder,F,16,B,MAGENTA,N,NE,N
10934,449.79,N,Elder,F,13,A,INDIGO,M,MW,Y
10935,737.81,N,Elder,M,16,B,INDIGO,M,MW,N
10936,1191.65,Y,Elder,M,16,C,INDIGO,M,MW,Y
10937,948.69,N,Elder,F,16,C,INDIGO,N,NE,Y
10938,577.91,Y,Elder,M,19,A,MAGENTA,M,MW,Y
10939,1200.62,N,Elder,M,19,B,BROWN,S,SW,Y
10940,566.67,N,Elder,F,14,A,INDIGO,M,MW,Y
10941,719.85,N,Elder,M,12,C,INDIGO,N,NW,N
10942,1353.21,N,Young,M,17,D,MAGENTA,M,MW,N
10943,645.77,N,Elder,F,18,A,BROWN,M,MW,Y
10944,913.05,N,Elder,M,20,B,BROWN,M,ME,Y
10945,342.69,N,Elder,M,15,A,BROWN,N,NW,Y
10946,1331.08,N,Elder,M,18,C,BROWN,M,MW,N
10947,956.46,N,Elder,F,16,C,BROWN,M,MW,Y
10948,1297.68,N,Elder,M,15,C,BROWN,S,SE,Y
10949,584.54,N,Elder,M,17,A,INDIGO,M,MW,Y
10950,507.2,N,Elder,F,12,B,MAGENTA,S,SE,Y
10951,660.27,N,Elder,M,15,B,INDIGO,N,NE,Y
10952,1042.9,N,Elder,M,21,B,INDIGO,M,ME,N
10953,840.75,N,Elder,M,17,B,INDIGO,S,SE,Y
10954,880.92,N,Elder,M,19,B,BROWN,M,ME,Y
10955,843.48,Y,Elder,F,17,B,MAGENTA,S,SW,Y
10956,745.68,N,Elder,F,14,B,INDIGO,S,SE,Y
10957,982.49,N,Elder,M,13,C,BROWN,N,NE,Y
10958,822.89,N,Elder,M,18,A,INDIGO,N,NW,N
10959,1278.92,N,Elder,F,15,B,MAGENTA,M,MW,N
10960,337.5,N,Elder,F,15,A,INDIGO,M,MW,N
10961,1044.94,N,Elder,M,18,C,BROWN,M,MW,N
10962,514.22,N,Elder,M,16,A,MAGENTA,M,ME,N
10963,792.05,N,Elder,M,16,B,BROWN,N,NW,Y
10964,1009.83,N,Elder,F,13,B,BROWN,M,MW,N
10965,910.58,N,Elder,F,19,B,INDIGO,M,MW,N
10966,798.38,N,Elder,F,13,A,MAGENTA,S,SE,Y
10967,998.97,N,Elder,M,17,C,INDIGO,N,NW,N
10968,921.17,Y,Young,F,15,B,BROWN,N,NW,Y
10969,299.74,N,Elder,F,14,A,INDIGO,S,SW,N
10970,513.88,N,Elder,M,12,B,INDIGO,S,SW,Y
10971,727.89,N,Elder,F,14,B,MAGENTA,N,NE,N
10972,778.63,N,Elder,M,18,B,BROWN,N,NW,Y
10973,568.87,Y,Young,F,14,B,INDIGO,M,ME,N
10974,1706.82,N,Elder,M,18,C,BROWN,M,ME,Y
10975,1042.59,N,Elder,M,18,C,INDIGO,M,MW,N
10976,1040.41,N,Elder,F,15,C,BROWN,N,NW,Y
10977,912.18,N,Elder,M,16,B,INDIGO,N,NE,N
10978,711.79,N,Elder,M,12,B,BROWN,M,ME,N
10979,670.3,N,Elder,F,17,A,MAGENTA,M,MW,Y
10980,227.19,Y,Elder,M,13,A,BROWN,M,ME,Y
10981,284.59,N,Young,M,14,A,BROWN,N,NE,Y
10982,477.01,N,Elder,F,15,A,BROWN,N,NW,N
10983,642.39,Y,Elder,F,14,B,INDIGO,N,NE,N
10984,872.13,N,Elder,F,19,B,INDIGO,N,NW,Y
10985,1108.06,N,Elder,F,17,C,INDIGO,S,SW,N
10986,963.61,N,Elder,F,18,A,INDIGO,M,ME,Y
10987,556.43,N,Young,M,17,A,INDIGO,S,SW,Y
10988,459.6,N,Elder,M,15,A,BROWN,S,SE,Y
10989,645.85,N,Elder,M,17,A,MAGENTA,M,MW,N
10990,846.08,N,Elder,M,15,B,BROWN,N,NW,Y
10991,1253.6,N,Elder,M,20,C,BROWN,N,NW,Y
10992,279.29,N,Elder,M,13,A,BROWN,N,NW,Y
10993,625.85,N,Elder,M,17,A,MAGENTA,M,MW,N
10994,401.91,N,Elder,M,16,A,BROWN,M,MW,N
10995,871.4,N,Elder,M,11,C,INDIGO,N,NE,N
10996,675.43,N,Elder,M,16,B,BROWN,N,NW,Y
10997,801.42,Y,Elder,F,18,B,BROWN,M,MW,Y
10998,1698.31,N,Elder,M,24,D,BROWN,S,SE,N
10999,495.74,N,Elder,M,13,B,INDIGO,N,NE,N
11000,1323.14,N,Elder,M,21,C,BROWN,N,NE,N
11001,974.61,N,Elder,F,19,B,BROWN,N,NW,Y
11002,704.95,N,Elder,M,15,B,MAGENTA,S,SE,N
11003,682.07,N,Elder,M,21,A,BROWN,N,NW,Y
11004,655.55,N,Elder,M,21,A,INDIGO,M,MW,N
11005,893.56,N,Elder,M,20,B,BROWN,M,ME,Y
11006,635.69,N,Elder,F,16,A,BROWN,S,SW,Y
11007,349.86,N,Elder,M,15,A,BROWN,M,ME,Y
11008,512,N,Young,F,12,B,INDIGO,N,NW,N
11009,710.87,N,Elder,F,22,A,INDIGO,N,NW,N
11010,916.16,N,Elder,F,16,B,INDIGO,N,NE,Y
11011,558.3,N,Elder,M,13,B,INDIGO,N,NE,Y
11012,758.27,N,Elder,F,13,B,INDIGO,S,SE,N
11013,698.46,N,Elder,M,11,C,INDIGO,N,NW,Y
11014,795.61,N,Elder,M,18,B,MAGENTA,M,MW,N
11015,753.62,N,Elder,M,15,B,INDIGO,M,ME,Y
11016,634.13,Y,Elder,M,11,B,MAGENTA,S,SW,Y
11017,631.44,N,Elder,M,20,A,BROWN,M,ME,Y
11018,1393.07,N,Elder,F,21,B,BROWN,M,ME,N
11019,1114.81,N,Elder,M,18,C,MAGENTA,M,ME,Y
11020,1242.95,Y,Elder,M,18,C,BROWN,N,NW,Y
11021,561.82,N,Elder,F,19,A,BROWN,N,NE,Y
11022,780.96,N,Elder,F,23,A,MAGENTA,M,ME,Y
11023,1130.39,N,Elder,M,19,C,INDIGO,N,NW,N
11024,1391.47,N,Elder,F,16,D,INDIGO,N,NE,N
11025,605.79,N,Elder,M,15,B,INDIGO,N,NE,N
11026,779.4,N,Elder,F,20,A,BROWN,S,SE,Y
11027,844.04,N,Elder,F,20,A,BROWN,M,MW,Y
11028,1450.32,N,Elder,F,16,D,INDIGO,S,SE,Y
11029,1021.5,N,Elder,F,16,C,MAGENTA,N,NW,N
11030,753.11,N,Elder,M,22,A,INDIGO,S,SW,N
11031,483.62,N,Elder,M,14,A,MAGENTA,N,NW,N
11032,915.84,N,Elder,F,19,B,PURPLE,M,MW,N
11033,519.83,N,Elder,M,12,B,MAGENTA,M,MW,N
11034,763.93,N,Elder,F,17,B,MAGENTA,S,SE,N
11035,500.34,N,Elder,F,18,A,INDIGO,N,NE,Y
11036,948.85,Y,Elder,M,14,C,BROWN,S,SE,Y
11037,735.89,N,Elder,F,18,A,INDIGO,N,NW,Y
11038,629.9,N,Elder,F,16,A,INDIGO,N,NW,N
11039,1236.17,Y,Elder,M,21,A,MAGENTA,S,SW,N
11040,530.97,N,Elder,M,17,A,MAGENTA,M,ME,N
11041,631.5,N,Elder,F,19,A,INDIGO,N,NW,N
11042,530.79,N,Elder,M,13,B,INDIGO,M,MW,N
11043,1177.92,N,Elder,M,19,C,INDIGO,M,MW,Y
11044,807.36,N,Elder,F,16,A,MAGENTA,M,ME,N
11045,880.84,N,Elder,F,15,C,PURPLE,M,MW,N
11046,1115.09,N,Elder,M,17,A,BROWN,N,NW,Y
11047,899.98,N,Elder,M,15,C,INDIGO,S,SW,N
11048,378.74,N,Elder,F,15,A,INDIGO,N,NW,Y
11049,3345.92,N,Elder,M,14,C,BROWN,N,NW,Y
11050,862.17,N,Elder,M,19,B,INDIGO,N,NW,N
11051,920.94,N,Elder,M,17,B,MAGENTA,N,NW,N
11052,583.18,N,Elder,M,18,A,INDIGO,N,NE,Y
11053,333.25,N,Elder,F,15,A,BROWN,S,SW,Y
11054,1206.22,N,Elder,F,13,C,MAGENTA,M,ME,N
11055,517.46,N,Elder,F,18,A,BROWN,S,SE,Y
11056,868.23,N,Elder,M,19,B,PURPLE,M,ME,N
11057,1001.12,Y,Elder,M,22,B,BROWN,S,SW,Y
11058,557.88,N,Elder,F,14,B,INDIGO,S,SE,Y
11059,1224.49,N,Elder,M,17,B,BROWN,M,ME,Y
11060,460.9,Y,Elder,F,14,A,BROWN,S,SE,Y
11061,305.52,N,Elder,M,14,A,INDIGO,M,ME,N
11062,1324.28,N,Elder,F,20,C,BROWN,N,NE,Y
11063,1198.59,N,Elder,F,14,A,MAGENTA,M,MW,N
11064,761.36,N,Elder,M,15,B,BROWN,S,SE,Y
11065,556.97,N,Elder,M,14,B,BROWN,N,NE,Y
11066,1061.3,N,Elder,M,17,C,MAGENTA,S,SW,Y
11067,743.66,N,Elder,M,17,A,BROWN,M,MW,Y
11068,1135.46,N,Young,F,14,C,INDIGO,M,MW,N
11069,627.88,N,Elder,M,15,B,PURPLE,N,NW,N
11070,1323.67,N,Elder,F,14,D,MAGENTA,M,MW,N
11071,444.45,N,Elder,F,16,A,INDIGO,M,ME,Y
11072,951.62,N,Elder,F,17,B,BROWN,N,NE,N
11073,544.19,N,Elder,F,14,B,BROWN,S,SE,N
11074,827.92,N,Elder,F,13,C,PURPLE,N,NE,N
11075,1092.85,N,Elder,M,19,C,INDIGO,N,NE,Y
11076,1248.1,N,Elder,M,21,C,INDIGO,S,SW,Y
11077,367.49,N,Elder,M,15,A,MAGENTA,N,NW,Y
11078,655.55,N,Elder,F,14,B,BROWN,S,SW,Y
11079,803.05,N,Elder,F,15,B,BROWN,N,NW,Y
11080,1329.41,N,Elder,M,16,B,PURPLE,M,MW,N
11081,992.91,N,Elder,F,15,B,INDIGO,S,SE,N
11082,471.26,Y,Elder,F,14,A,INDIGO,M,ME,Y
11083,878.56,N,Elder,F,15,B,INDIGO,M,MW,Y
11084,741.29,N,Elder,M,21,A,INDIGO,S,SW,Y
11085,672.99,N,Elder,F,16,B,INDIGO,M,MW,Y
11086,1768.79,N,Elder,M,18,D,MAGENTA,M,MW,N
11087,798.04,N,Elder,F,17,B,BROWN,N,NW,Y
11088,1213.32,N,Elder,F,18,C,PURPLE,M,MW,N
11089,731.58,Y,Elder,F,17,B,INDIGO,M,ME,Y
11090,1067.69,N,Elder,F,13,C,INDIGO,N,NW,N
11091,1050.1,Y,Elder,M,16,C,BROWN,S,SW,Y
11092,940.65,N,Elder,M,17,A,INDIGO,M,ME,N
11093,1103.04,N,Elder,M,13,D,PURPLE,M,ME,N
11094,735.35,N,Elder,M,17,B,MAGENTA,S,SE,N
11095,277.02,N,Elder,F,14,A,BROWN,N,NW,Y
11096,383.75,N,Elder,F,16,A,BROWN,M,MW,Y
11097,793.51,N,Young,F,14,B,BROWN,N,NW,Y
11098,662.81,N,Elder,F,15,B,INDIGO,N,NE,N
11099,887.27,N,Elder,F,13,C,INDIGO,M,ME,Y
11100,1768.66,N,Elder,M,19,D,MAGENTA,S,SW,Y
11101,850.18,N,Elder,M,21,A,MAGENTA,M,ME,Y
11102,871.03,N,Elder,F,13,C,BROWN,N,NE,Y
11103,952.93,N,Elder,F,15,C,INDIGO,M,MW,Y
11104,319,N,Elder,M,14,A,INDIGO,N,NW,Y
11105,763.7,N,Elder,F,15,B,BROWN,M,MW,Y
11106,1624.71,N,Elder,M,15,B,MAGENTA,N,NE,N
11107,983.33,N,Elder,M,17,C,MAGENTA,M,MW,N
11108,624.54,N,Elder,F,15,B,INDIGO,S,SW,Y
11109,1033.66,N,Elder,F,22,B,BROWN,M,ME,Y
11110,617.94,N,Elder,F,15,B,PURPLE,M,ME,N
11111,349.61,N,Elder,F,15,A,BROWN,S,SE,Y
11112,683.57,N,Elder,M,21,A,INDIGO,S,SE,N
11113,965.71,N,Elder,F,15,C,INDIGO,N,NW,Y
11114,1295.22,N,Elder,F,17,D,INDIGO,N,NE,N
11115,344.18,N,Elder,F,13,A,BROWN,M,ME,Y
11116,890.45,N,Elder,M,18,B,BROWN,S,SW,N
11117,789.35,N,Young,M,17,B,BROWN,M,ME,Y
11118,1047.72,N,Elder,M,17,C,MAGENTA,M,ME,N
11119,830.62,N,Elder,F,14,C,BROWN,S,SW,Y
11120,948.42,Y,Elder,M,18,A,BROWN,M,ME,Y
11121,713.87,N,Elder,M,18,A,BROWN,N,NW,Y
11122,887.69,N,Young,M,16,B,INDIGO,N,NE,N
11123,1216.36,N,Elder,M,21,C,BROWN,N,NW,N
11124,825.02,N,Elder,M,16,B,BROWN,N,NW,Y
11125,842.67,N,Elder,M,19,B,INDIGO,S,SW,Y
11126,882.73,N,Elder,F,13,C,INDIGO,N,NW,Y
11127,527.14,N,Elder,F,13,B,BROWN,M,ME,N
11128,833.16,N,Elder,M,16,B,BROWN,S,SE,Y
11129,697.39,N,Elder,M,19,A,MAGENTA,M,MW,N
11130,314.74,N,Elder,M,14,A,BROWN,N,NE,N
11131,795.64,Y,Young,F,15,B,INDIGO,N,NE,Y
11132,497.16,N,Elder,F,18,A,BROWN,N,NW,Y
11133,1438.24,N,Elder,M,20,D,BROWN,M,ME,N
11134,341.51,Y,Elder,M,15,A,BROWN,N,NW,Y
11135,482.48,N,Elder,F,17,A,MAGENTA,N,NE,Y
11136,412.31,N,Elder,M,11,B,MAGENTA,M,ME,N
11137,703.91,N,Elder,F,16,B,INDIGO,M,MW,Y
11138,849.75,N,Elder,M,14,C,BROWN,M,ME,N
11139,533.94,N,Elder,M,17,A,BROWN,N,NW,Y
11140,700.01,N,Elder,F,20,A,MAGENTA,N,NE,Y
11141,717.95,N,Elder,M,17,B,INDIGO,N,NW,Y
11142,1048.8,N,Elder,F,17,B,BROWN,S,SW,Y
11143,1124.54,N,Elder,M,14,D,INDIGO,N,NW,Y
11144,1416.84,N,Elder,M,16,B,INDIGO,M,ME,N
11145,286.82,N,Elder,M,12,A,MAGENTA,M,ME,N
11146,732.83,N,Elder,F,14,B,PURPLE,N,NW,N
11147,506.3,N,Elder,M,18,A,INDIGO,M,MW,N
11148,753.14,N,Elder,M,16,B,INDIGO,M,MW,Y
11149,1559.13,Y,Elder,M,18,C,MAGENTA,N,NE,N
11150,949.4,N,Elder,F,16,A,INDIGO,S,SE,Y
11151,529.06,N,Elder,M,13,B,BROWN,M,MW,N
11152,384.4,N,Elder,F,16,A,INDIGO,S,SE,Y
11153,1054.77,N,Elder,M,18,C,BROWN,N,NE,N
11154,820.9,N,Elder,F,14,B,INDIGO,N,NE,Y
11155,1156.47,N,Elder,M,16,C,BROWN,M,MW,Y
11156,1187.77,N,Elder,F,16,C,BROWN,N,NW,Y
11157,1161.72,N,Elder,F,19,C,MAGENTA,M,ME,N
11158,1303.36,N,Elder,M,19,C,BROWN,M,MW,Y
11159,365.34,N,Elder,F,14,A,BROWN,N,NE,N
11160,1031.66,N,Elder,M,15,C,MAGENTA,S,SE,N
11161,705.21,N,Elder,M,11,B,BROWN,M,MW,N
11162,653.03,N,Elder,F,15,B,MAGENTA,S,SW,Y
11163,266.48,N,Elder,F,13,A,BROWN,S,SE,Y
11164,1811.92,N,Elder,F,16,D,MAGENTA,N,NE,Y
11165,844.11,N,Elder,F,12,C,INDIGO,M,MW,N
11166,449.24,N,Elder,F,17,A,BROWN,M,ME,Y
11167,1246.41,N,Elder,F,13,B,BROWN,S,SW,Y
11168,691.15,N,Elder,M,21,A,BROWN,N,NE,Y
11169,429.98,Y,Young,F,11,B,INDIGO,M,MW,Y
11170,599.04,Y,Elder,F,14,B,BROWN,S,SW,Y
11171,420.23,N,Young,M,15,A,BROWN,M,ME,Y
11172,1113.04,N,Elder,M,16,C,BROWN,M,MW,Y
11173,450.72,N,Elder,M,13,A,MAGENTA,N,NE,N
11174,1067.97,N,Elder,M,15,C,BROWN,N,NW,N
11175,541.27,Y,Elder,F,16,A,BROWN,M,ME,Y
11176,1020.18,N,Elder,M,19,B,BROWN,S,SE,Y
11177,585.27,N,Elder,M,14,B,INDIGO,M,MW,Y
11178,387.63,N,Elder,M,14,A,BROWN,N,NW,Y
11179,1021.66,N,Elder,M,14,C,BROWN,N,NW,N
11180,1020.55,N,Elder,M,17,C,BROWN,M,ME,Y
11181,1817.47,Y,Elder,M,14,B,INDIGO,S,SE,N
11182,704.76,N,Elder,F,17,B,MAGENTA,M,ME,N
11183,324.9,N,Elder,F,14,A,PURPLE,M,ME,N
11184,831.02,N,Elder,M,13,C,INDIGO,M,MW,N
11185,345.85,N,Elder,M,13,A,INDIGO,N,NE,N
11186,608.08,N,Elder,F,20,A,BROWN,S,SW,Y
11187,992.64,N,Elder,F,16,C,BROWN,N,NE,Y
11188,440.42,N,Young,F,15,A,INDIGO,N,NW,Y
11189,1004.92,N,Elder,M,17,C,PURPLE,N,NW,N
11190,1348.46,N,Elder,M,20,C,BROWN,S,SE,N
11191,607.3,Y,Elder,F,15,B,MAGENTA,S,SE,Y
11192,657.63,N,Elder,M,15,B,BROWN,M,MW,N
11193,837.52,N,Elder,M,19,B,MAGENTA,N,NW,Y
11194,311.16,N,Elder,M,14,A,BROWN,M,ME,Y
11195,772.42,N,Elder,M,20,A,MAGENTA,S,SE,N
11196,775.46,N,Elder,M,18,B,BROWN,N,NE,Y
11197,603.34,N,Elder,M,13,B,BROWN,M,MW,N
11198,836.44,N,Elder,F,12,C,BROWN,M,ME,Y
11199,550.69,Y,Elder,F,19,A,MAGENTA,M,ME,Y
11200,1081.38,N,Elder,M,21,B,INDIGO,N,NW,Y
11201,1918.36,N,Elder,M,16,D,MAGENTA,N,NE,N
11202,876.14,N,Elder,M,19,B,MAGENTA,N,NW,N
11203,1006.18,N,Young,M,11,B,INDIGO,M,ME,Y
11204,1089.97,N,Elder,F,16,C,BROWN,M,MW,N
11205,872.26,N,Elder,F,18,B,INDIGO,M,ME,Y
11206,622.56,N,Elder,M,17,A,INDIGO,N,NW,Y
11207,1165.43,N,Elder,F,19,C,MAGENTA,N,NW,N
11208,553.59,Y,Elder,M,14,B,INDIGO,M,MW,Y
11209,2026.66,N,Elder,M,21,C,BROWN,S,SE,Y
11210,553.66,N,Elder,F,14,A,INDIGO,S,SW,N
11211,641.61,Y,Elder,F,12,A,BROWN,M,MW,Y
11212,967.36,N,Elder,F,16,C,INDIGO,M,MW,Y
11213,889.23,N,Elder,F,17,B,INDIGO,N,NW,Y
11214,649.03,N,Elder,F,16,A,MAGENTA,M,ME,N
11215,487.09,Y,Young,F,12,B,BROWN,S,SW,Y
11216,1271.47,N,Elder,M,22,C,BROWN,M,MW,N
11217,739.67,N,Elder,F,12,B,BROWN,S,SW,N
11218,644.52,N,Elder,F,17,A,PURPLE,M,MW,N
11219,701.92,N,Elder,M,13,B,INDIGO,N,NE,N
11220,470.56,N,Elder,M,17,A,INDIGO,M,MW,N
11221,454.61,N,Elder,M,15,A,BROWN,M,MW,Y
11222,507.94,N,Elder,F,13,B,INDIGO,N,NW,N
11223,556.09,N,Elder,M,13,B,PURPLE,N,NW,N
11224,1423.04,N,Elder,M,18,C,BROWN,S,SE,Y
11225,1027.24,N,Elder,M,21,B,BROWN,M,MW,Y
11226,716.58,N,Elder,F,15,A,MAGENTA,N,NW,Y
11227,1079.37,N,Elder,M,16,C,BROWN,S,SW,N
11228,713.26,N,Elder,M,17,B,BROWN,N,NW,Y
11229,706.33,N,Elder,M,14,B,MAGENTA,S,SE,Y
11230,1442.36,N,Elder,M,15,D,INDIGO,N,NE,N
11231,932.27,Y,Elder,M,14,C,INDIGO,M,MW,N
11232,695.8,N,Elder,M,16,A,BROWN,M,MW,Y
11233,1327.22,N,Elder,M,19,C,MAGENTA,N,NW,N
11234,233.28,N,Elder,F,13,A,BROWN,M,MW,Y
11235,442.52,N,Elder,M,17,A,MAGENTA,S,SE,N
11236,806.82,N,Elder,M,17,B,INDIGO,N,NE,N
11237,372.57,N,Elder,F,15,A,INDIGO,N,NW,Y
11238,626.28,N,Elder,F,14,B,INDIGO,M,ME,N
11239,361.48,N,Elder,F,14,A,PURPLE,N,NE,N
11240,1034,N,Elder,M,25,A,BROWN,N,NE,Y
11241,379.89,N,Elder,F,16,A,BROWN,N,NW,Y
11242,648.63,N,Elder,M,15,B,BROWN,M,MW,N
11243,713.63,N,Elder,F,14,B,BROWN,N,NE,N
11244,420.51,N,Elder,M,16,A,PURPLE,M,ME,N
11245,499.52,Y,Elder,M,13,B,BROWN,M,MW,Y
11246,914.56,N,Elder,M,20,B,INDIGO,N,NW,Y
11247,342.98,N,Elder,M,15,A,MAGENTA,M,MW,Y
11248,629.9,N,Elder,F,16,A,INDIGO,M,MW,N
11249,627.75,Y,Young,M,14,B,BROWN,S,SW,Y
11250,628.4,N,Elder,F,14,B,INDIGO,S,SE,N
11251,469.57,N,Elder,M,16,A,BROWN,S,SE,Y
11252,436.3,N,Elder,F,17,A,INDIGO,N,NE,Y
11253,912.41,Y,Elder,M,15,C,BROWN,N,NW,Y
11254,736.39,N,Elder,M,17,B,BROWN,N,NE,Y
11255,456.17,N,Elder,M,12,B,PURPLE,M,ME,N
11256,505.82,N,Elder,F,18,A,BROWN,N,NE,N
11257,1325.93,N,Young,M,18,D,BROWN,N,NE,Y
11258,880.11,N,Elder,M,15,B,MAGENTA,M,MW,Y
11259,623.88,N,Elder,F,12,B,MAGENTA,N,NE,N
11260,669.32,N,Young,M,20,A,BROWN,N,NW,Y
11261,778.58,N,Elder,M,17,A,BROWN,M,ME,Y
11262,1031.54,N,Elder,F,14,C,MAGENTA,S,SW,N
11263,509.29,N,Elder,M,11,B,INDIGO,S,SE,Y
11264,708.28,Y,Elder,F,14,B,BROWN,S,SW,Y
11265,709.77,N,Young,F,17,A,INDIGO,S,SE,Y
11266,763.2,N,Elder,F,13,C,BROWN,N,NW,Y
11267,858.79,N,Elder,M,18,B,BROWN,M,ME,Y
11268,735.16,N,Elder,M,19,A,MAGENTA,N,NE,N
11269,1067.59,N,Elder,F,18,B,BROWN,N,NW,Y
11270,1106,N,Elder,M,19,C,INDIGO,M,MW,Y
11271,601.56,N,Elder,M,20,A,BROWN,N,NE,Y
11272,1438.74,N,Elder,M,22,A,INDIGO,M,ME,N
11273,1247.19,N,Elder,M,13,C,INDIGO,S,SW,N
11274,646.64,N,Young,M,19,A,BROWN,N,NW,Y
11275,1125.95,N,Elder,M,16,C,MAGENTA,M,ME,Y
11276,282.18,Y,Elder,F,14,A,INDIGO,M,MW,Y
11277,288.56,N,Elder,F,14,A,INDIGO,N,NE,Y
11278,1261.48,N,Elder,F,17,C,BROWN,N,NW,N
11279,399.92,N,Elder,M,16,A,PURPLE,M,MW,N
11280,1601.2,N,Elder,M,17,B,MAGENTA,M,MW,Y
11281,618.44,Y,Young,F,12,A,BROWN,S,SE,Y
11282,1286.44,N,Elder,F,17,D,INDIGO,S,SE,Y
11283,384.44,N,Elder,F,16,A,BROWN,M,ME,Y
11284,316.65,N,Young,M,13,A,MAGENTA,N,NW,N
11285,1263.81,N,Elder,M,18,C,INDIGO,N,NE,Y
11286,1798.8,Y,Elder,M,20,D,INDIGO,N,NW,Y
11287,656,N,Elder,F,17,A,BROWN,M,ME,Y
11288,1164.31,N,Elder,M,13,C,MAGENTA,M,MW,N
11289,631.62,N,Elder,F,15,B,INDIGO,S,SE,Y
11290,664.02,N,Elder,M,18,A,BROWN,M,MW,Y
11291,935.94,N,Elder,M,21,B,BROWN,N,NW,Y
11292,718.7,N,Young,M,17,B,BROWN,S,SW,N
11293,673.72,N,Elder,M,20,A,BROWN,M,MW,Y
11294,592.45,N,Elder,F,14,B,PURPLE,M,MW,N
11295,880.54,N,Elder,M,15,B,INDIGO,M,MW,N
11296,1238.86,N,Elder,F,20,A,MAGENTA,M,MW,Y
11297,957.16,N,Elder,M,15,B,BROWN,M,MW,Y
11298,1277.44,N,Elder,M,19,C,INDIGO,M,ME,Y
11299,1268.27,N,Elder,M,16,D,BROWN,M,ME,Y
11300,343.86,N,Elder,F,15,A,BROWN,M,ME,Y
11301,627.7,Y,Elder,M,15,B,BROWN,S,SW,Y
11302,865.36,N,Elder,F,16,A,INDIGO,M,ME,Y
11303,770.22,N,Elder,M,17,A,PURPLE,M,MW,N
11304,797.09,Y,Elder,M,17,B,BROWN,M,ME,Y
11305,993.43,N,Elder,F,19,B,INDIGO,N,NE,Y
11306,1152.15,N,Elder,M,19,B,MAGENTA,M,ME,N
11307,548.05,N,Young,F,13,B,BROWN,M,ME,Y
11308,710.98,N,Elder,F,17,B,INDIGO,N,NW,Y
11309,1280.51,N,Elder,M,13,D,MAGENTA,N,NW,N
11310,346.38,N,Elder,M,15,A,MAGENTA,S,SW,Y
11311,1010.76,N,Elder,F,17,C,BROWN,S,SW,N
11312,1033.35,N,Elder,F,17,C,INDIGO,S,SE,N
11313,1398.4,N,Young,F,11,D,MAGENTA,M,MW,N
11314,1054.75,N,Elder,M,16,B,BROWN,N,NW,Y
11315,837.58,N,Elder,M,18,B,INDIGO,M,ME,N
11316,914.59,N,Young,M,15,A,BROWN,S,SW,Y
11317,432.78,N,Elder,M,15,A,BROWN,N,NE,N
11318,1309.44,Y,Elder,F,22,B,BROWN,N,NE,Y
11319,907.28,N,Elder,M,19,B,INDIGO,M,MW,Y
11320,680.62,N,Elder,M,16,B,INDIGO,N,NE,Y
11321,1218.1,N,Elder,M,16,C,INDIGO,S,SE,N
11322,1401.4,N,Elder,M,21,C,INDIGO,M,MW,N
11323,604.84,N,Elder,M,19,A,BROWN,M,ME,Y
11324,544.56,N,Elder,F,14,B,INDIGO,S,SW,N
11325,292.97,N,Young,F,14,A,INDIGO,N,NE,Y
11326,241.14,N,Young,M,13,A,INDIGO,S,SE,N
11327,246.97,N,Young,F,13,A,INDIGO,N,NW,N
11328,648.65,N,Elder,M,19,A,MAGENTA,M,MW,Y
11329,741.96,N,Elder,M,19,A,INDIGO,N,NW,N
11330,808.25,N,Elder,M,22,A,BROWN,M,MW,Y
11331,1487.36,N,Elder,F,19,C,BROWN,M,ME,Y
11332,1304.41,N,Elder,M,14,B,BROWN,M,ME,N
11333,714.52,N,Elder,M,15,B,BROWN,S,SW,Y
11334,493.34,Y,Elder,M,17,A,INDIGO,N,NW,Y
11335,903.48,N,Elder,M,15,C,MAGENTA,N,NW,N
11336,1181.91,N,Elder,F,20,C,BROWN,N,NW,Y
11337,458.17,N,Elder,M,12,B,INDIGO,M,ME,Y
11338,620.85,N,Elder,M,14,B,MAGENTA,S,SE,Y
11339,700.66,N,Elder,M,15,B,MAGENTA,M,MW,N
11340,912.61,N,Elder,F,13,A,BROWN,N,NE,Y
11341,770.21,Y,Elder,M,13,C,BROWN,S,SE,Y
11342,793.53,N,Elder,F,12,C,BROWN,N,NE,N
11343,365.38,N,Elder,M,14,A,INDIGO,M,MW,Y
11344,854.35,N,Elder,M,19,B,INDIGO,M,MW,Y
11345,908.99,N,Elder,M,19,B,MAGENTA,M,ME,N
11346,994.87,N,Elder,M,17,B,MAGENTA,N,NE,N
11347,982.96,N,Elder,F,16,B,INDIGO,N,NE,N
11348,592.11,Y,Elder,M,14,B,BROWN,N,NW,Y
11349,1267.19,N,Elder,M,14,B,MAGENTA,M,MW,N
11350,611.72,N,Elder,M,14,A,MAGENTA,N,NE,Y
11351,781.18,Y,Young,F,12,B,BROWN,S,SW,Y
11352,806.17,N,Young,M,17,B,BROWN,M,ME,Y
11353,509.12,N,Elder,M,16,A,BROWN,M,MW,Y
11354,889.53,N,Elder,F,15,A,INDIGO,M,MW,N
11355,1495.14,Y,Elder,F,17,D,MAGENTA,N,NE,Y
11356,1470.95,N,Elder,F,14,C,MAGENTA,N,NW,N
11357,1173.64,N,Elder,M,19,C,BROWN,N,NE,Y
11358,858.63,N,Elder,M,18,B,PURPLE,M,MW,N
11359,468.23,N,Elder,M,17,A,BROWN,S,SE,Y
11360,588.29,N,Elder,M,19,A,MAGENTA,M,MW,Y
11361,780.92,N,Elder,M,16,B,BROWN,N,NE,N
11362,851.21,N,Elder,M,18,B,INDIGO,M,MW,Y
11363,917.65,N,Elder,M,19,B,MAGENTA,M,MW,N
11364,909.59,N,Elder,F,19,B,MAGENTA,M,MW,Y
11365,174.92,N,Young,M,11,A,MAGENTA,N,NW,N
11366,598.05,N,Elder,F,17,A,INDIGO,N,NE,Y
11367,410.72,N,Elder,F,16,A,MAGENTA,N,NW,N
11368,736.06,N,Elder,M,17,B,BROWN,N,NE,N
11369,696.98,N,Elder,F,20,A,BROWN,S,SE,Y
11370,426.67,N,Elder,M,14,A,INDIGO,N,NE,Y
11371,1622.75,N,Elder,M,19,B,BROWN,M,MW,Y
11372,433.7,N,Elder,M,17,A,INDIGO,N,NE,Y
11373,444.03,N,Elder,M,17,A,INDIGO,S,SW,N
11374,633.41,Y,Young,M,13,B,INDIGO,M,ME,Y
11375,953.8,N,Elder,F,12,C,BROWN,S,SW,Y
11376,637.79,Y,Elder,F,14,B,BROWN,N,NE,Y
11377,1036.83,Y,Elder,M,15,C,BROWN,S,SW,Y
11378,486.93,N,Elder,M,15,A,BROWN,M,ME,N
11379,576.93,N,Elder,F,14,B,BROWN,S,SW,N
11380,1417.08,N,Elder,M,19,A,INDIGO,M,MW,Y
11381,776.44,N,Elder,M,13,C,BROWN,M,ME,Y
11382,224.84,N,Elder,F,13,A,INDIGO,S,SE,Y
11383,563.25,Y,Elder,F,15,A,BROWN,M,MW,Y
11384,604.37,N,Elder,M,20,A,BROWN,M,ME,Y
11385,259.91,N,Elder,F,13,A,BROWN,S,SE,Y
11386,793.81,N,Elder,M,15,B,MAGENTA,S,SW,N
11387,558.09,N,Elder,F,15,A,BROWN,N,NW,N
11388,853.29,N,Elder,M,12,B,BROWN,M,ME,Y
11389,1529.06,N,Elder,F,18,B,INDIGO,S,SW,N
11390,1094.52,N,Elder,M,19,C,BROWN,M,MW,Y
11391,685.99,N,Elder,F,17,A,INDIGO,N,NE,N
11392,694.95,N,Elder,F,15,B,INDIGO,M,ME,Y
11393,177.82,N,Elder,F,12,A,BROWN,S,SE,Y
11394,613.55,N,Elder,F,15,B,PURPLE,M,MW,N
11395,701.92,N,Elder,F,14,B,INDIGO,M,ME,Y
11396,736.89,N,Elder,M,14,A,BROWN,M,MW,Y
11397,981.73,N,Elder,F,20,B,INDIGO,M,ME,Y
11398,1072.63,Y,Elder,F,18,C,INDIGO,M,MW,Y
11399,667.93,N,Elder,M,20,A,BROWN,N,NW,Y
11400,1073.36,N,Elder,M,17,C,INDIGO,M,ME,Y
11401,1230.22,Y,Elder,M,17,B,BROWN,N,NE,Y
11402,859.7,N,Elder,M,14,B,BROWN,M,MW,Y
11403,642.14,N,Elder,F,15,B,INDIGO,N,NE,N
11404,907.53,N,Young,F,14,C,PURPLE,S,SW,N
11405,792.39,N,Elder,M,18,B,INDIGO,M,MW,Y
11406,1146.43,N,Elder,F,13,C,BROWN,M,ME,Y
11407,349.14,N,Elder,M,14,A,INDIGO,S,SW,N
11408,1381.26,N,Elder,M,17,D,MAGENTA,N,NW,N
11409,1033.28,Y,Elder,F,18,B,BROWN,N,NE,Y
11410,558.79,N,Elder,M,16,A,INDIGO,M,MW,N
11411,702.45,N,Elder,M,13,B,BROWN,N,NW,N
11412,742.18,N,Elder,M,19,A,MAGENTA,S,SE,N
11413,845.11,N,Elder,F,17,B,BROWN,S,SE,Y
11414,611.53,N,Elder,F,9,C,INDIGO,N,NW,N
11415,1016.07,N,Elder,F,16,A,BROWN,S,SW,Y
11416,1249.63,N,Elder,F,14,C,BROWN,M,MW,Y
11417,416.18,N,Elder,M,16,A,INDIGO,M,MW,N
11418,752.63,N,Young,M,16,B,BROWN,N,NE,Y
11419,547.1,N,Young,F,12,B,INDIGO,M,ME,Y
11420,337.94,N,Elder,M,15,A,MAGENTA,S,SE,N
11421,984.28,N,Elder,F,16,C,MAGENTA,M,ME,N
11422,447.35,N,Elder,M,16,A,BROWN,M,ME,Y
11423,465.21,N,Elder,M,17,A,BROWN,S,SW,Y
11424,668.2,N,Elder,M,16,B,MAGENTA,N,NE,N
11425,762.05,N,Elder,M,17,A,BROWN,M,ME,Y
11426,1244.92,N,Elder,M,19,C,BROWN,M,MW,Y
11427,892.78,N,Elder,M,21,A,BROWN,M,ME,Y
11428,536.58,N,Elder,F,18,A,BROWN,M,ME,Y
11429,857.04,N,Elder,F,13,C,MAGENTA,M,ME,N
11430,675.38,N,Elder,M,16,B,INDIGO,S,SW,Y
11431,605.33,N,Elder,M,15,B,BROWN,S,SE,Y
11432,747.77,N,Elder,M,16,A,BROWN,N,NE,N
11433,329.24,N,Young,M,13,A,BROWN,N,NE,Y
11434,526.04,N,Young,F,16,A,BROWN,S,SW,N
11435,899.94,Y,Young,M,17,B,INDIGO,S,SW,N
11436,590.02,Y,Elder,M,14,B,BROWN,M,MW,Y
11437,945.73,N,Elder,M,16,A,INDIGO,S,SW,N
11438,1261.57,N,Elder,M,18,B,MAGENTA,S,SE,N
11439,1153.75,N,Elder,F,16,B,INDIGO,S,SW,N
11440,656.09,N,Elder,M,12,B,INDIGO,N,NW,N
11441,1322.17,N,Elder,F,14,B,INDIGO,N,NW,Y
11442,396.72,N,Elder,F,10,B,INDIGO,S,SE,Y
11443,1105.11,N,Elder,M,14,D,INDIGO,N,NW,Y
11444,1604.98,N,Elder,M,21,B,INDIGO,M,MW,Y
11445,939.51,N,Elder,F,15,C,BROWN,N,NW,Y
11446,920.33,N,Young,F,10,D,INDIGO,S,SE,N
11447,607.17,N,Elder,M,18,A,BROWN,N,NW,N
11448,882.42,N,Elder,M,13,C,INDIGO,S,SE,N
11449,751.39,N,Elder,M,16,B,BROWN,M,ME,Y
11450,706.56,N,Elder,M,18,A,BROWN,M,ME,N
11451,953.17,N,Elder,F,15,C,INDIGO,M,MW,N
11452,766.71,N,Elder,M,18,B,MAGENTA,N,NW,N
11453,550.47,N,Elder,M,14,B,BROWN,S,SE,Y
11454,1344.77,N,Elder,M,23,B,BROWN,M,MW,Y
11455,856.3,N,Elder,F,13,C,BROWN,N,NW,Y
11456,181.45,N,Elder,F,10,A,MAGENTA,N,NE,N
11457,1256.01,N,Elder,F,14,B,INDIGO,N,NW,Y
11458,572.4,N,Young,M,16,A,MAGENTA,M,ME,N
11459,678.56,N,Elder,F,18,A,BROWN,N,NW,N
11460,941.38,N,Elder,M,13,B,INDIGO,M,MW,N
11461,1131.97,N,Elder,M,16,C,BROWN,M,MW,Y
11462,488.94,N,Elder,M,13,B,BROWN,N,NW,N
11463,907.17,N,Elder,M,19,B,INDIGO,S,SW,Y
11464,1419.14,N,Elder,F,17,D,BROWN,S,SW,N
11465,196.67,N,Elder,F,12,A,INDIGO,N,NE,Y
11466,508.33,N,Elder,M,14,A,MAGENTA,M,MW,N
11467,1169.55,Y,Elder,F,15,C,INDIGO,S,SW,Y
11468,383.83,N,Elder,F,16,A,BROWN,N,NW,Y
11469,510.71,N,Elder,M,18,A,MAGENTA,N,NW,N
11470,670.56,Y,Elder,M,14,B,INDIGO,N,NW,N
11471,586.8,N,Elder,M,18,A,BROWN,S,SE,N
11472,919.78,N,Elder,M,14,C,BROWN,S,SE,N
11473,580.3,N,Elder,M,18,A,INDIGO,N,NW,Y
11474,768.17,N,Elder,M,17,B,BROWN,N,NW,Y
11475,970.99,N,Elder,M,16,C,INDIGO,N,NE,Y
11476,491.6,N,Elder,M,18,A,MAGENTA,M,MW,N
11477,200.77,N,Elder,F,12,A,INDIGO,N,NW,Y
11478,580.77,N,Elder,M,14,B,MAGENTA,N,NW,N
11479,1215.7,N,Elder,F,13,D,INDIGO,S,SE,N
11480,1232.41,N,Elder,F,16,D,INDIGO,M,ME,Y
11481,799.18,N,Elder,M,14,B,MAGENTA,N,NW,N
11482,795.18,N,Elder,F,22,A,INDIGO,N,NW,N
11483,1042.51,N,Elder,M,17,C,INDIGO,M,ME,N
11484,929.2,N,Elder,F,13,B,MAGENTA,M,MW,N
11485,913.75,N,Elder,M,18,B,INDIGO,M,ME,N
11486,825.06,N,Elder,F,15,B,BROWN,S,SW,N
11487,1264.22,N,Elder,M,17,D,BROWN,N,NE,Y
11488,389.91,N,Elder,F,11,B,INDIGO,S,SW,N
11489,663.99,N,Elder,M,18,A,PURPLE,M,MW,N
11490,1392.13,N,Elder,M,18,C,MAGENTA,N,NE,N
11491,887.87,N,Elder,M,14,A,MAGENTA,M,MW,Y
11492,638.05,N,Elder,F,10,C,BROWN,N,NW,Y
11493,823.97,N,Elder,M,15,B,BROWN,N,NE,Y
11494,1248.44,Y,Elder,M,17,C,MAGENTA,N,NW,Y
11495,848.08,N,Young,F,18,A,BROWN,M,ME,Y
11496,613.79,N,Elder,F,12,B,INDIGO,S,SW,N
11497,392.72,N,Elder,M,16,A,INDIGO,S,SE,N
11498,1058.52,N,Elder,M,23,B,BROWN,M,ME,Y
11499,1126.41,N,Elder,M,18,A,INDIGO,M,MW,N
11500,492.07,N,Elder,F,13,B,BROWN,M,ME,N
11501,1428.44,N,Elder,M,18,C,MAGENTA,N,NW,N
11502,1412.18,N,Elder,F,22,B,BROWN,S,SW,Y
11503,881.86,N,Elder,M,20,B,BROWN,M,MW,Y
11504,405.64,N,Elder,M,16,A,BROWN,N,NW,Y
11505,1269.31,N,Elder,M,22,B,MAGENTA,N,NE,N
11506,728.73,N,Elder,F,16,B,INDIGO,N,NW,Y
11507,462.66,N,Elder,M,16,A,INDIGO,N,NE,N
11508,828.01,N,Elder,F,21,A,INDIGO,M,ME,N
11509,827.12,N,Elder,F,13,B,INDIGO,N,NE,Y
11510,950.27,N,Elder,M,18,B,BROWN,N,NW,Y
11511,996.59,N,Elder,M,17,C,MAGENTA,S,SW,N
11512,1602.1,N,Elder,M,16,D,INDIGO,N,NW,N
11513,246.53,N,Elder,F,13,A,BROWN,N,NW,N
11514,406.26,N,Elder,M,16,A,BROWN,M,ME,Y
11515,351.1,N,Elder,M,14,A,MAGENTA,M,ME,N
11516,715.06,N,Elder,M,16,B,INDIGO,N,NE,N
11517,1307.8,N,Elder,M,20,B,MAGENTA,M,MW,N
11518,662.6,N,Elder,F,16,B,BROWN,M,MW,N
11519,731.97,N,Elder,M,16,B,MAGENTA,M,ME,N
11520,664.01,Y,Elder,F,9,C,MAGENTA,M,ME,N
11521,828.35,Y,Elder,M,14,B,INDIGO,M,MW,Y
11522,669.9,N,Elder,M,16,B,INDIGO,N,NW,N
11523,486.52,N,Elder,F,14,A,INDIGO,N,NW,Y
11524,460.76,N,Elder,M,17,A,INDIGO,N,NE,Y
11525,1079.17,Y,Elder,F,20,B,MAGENTA,S,SE,N
11526,715.43,N,Young,M,14,A,BROWN,N,NW,Y
11527,1177.8,N,Elder,M,18,C,BROWN,N,NW,Y
11528,763.38,N,Young,M,17,B,MAGENTA,N,NE,N
11529,290.36,N,Elder,F,9,B,INDIGO,S,SE,N
11530,770.91,N,Elder,M,15,B,MAGENTA,N,NE,N
11531,341.04,N,Elder,F,15,A,INDIGO,M,ME,Y
11532,1004.12,N,Elder,M,17,C,MAGENTA,N,NE,N
11533,173.84,N,Elder,F,12,A,INDIGO,M,MW,N
11534,994.28,Y,Elder,M,17,C,BROWN,M,MW,Y
11535,479.99,N,Elder,M,12,B,BROWN,N,NW,Y
11536,1326.05,N,Elder,F,18,C,PURPLE,M,ME,N
11537,848.02,N,Elder,M,18,B,BROWN,S,SE,Y
11538,779.59,N,Elder,M,11,C,BROWN,S,SE,Y
11539,1573.56,Y,Young,F,15,C,BROWN,M,MW,Y
11540,864.04,Y,Elder,F,13,B,PURPLE,N,NW,N
11541,847.85,N,Elder,F,17,A,BROWN,N,NE,Y
11542,1105.35,N,Elder,M,13,D,BROWN,N,NW,Y
11543,690.73,N,Elder,F,15,B,INDIGO,M,MW,N
11544,846.07,N,Elder,M,14,C,MAGENTA,M,ME,N
11545,956.53,N,Elder,F,16,C,BROWN,N,NE,Y
11546,1262.27,N,Elder,M,19,C,MAGENTA,S,SE,N
11547,582.64,N,Elder,M,14,A,INDIGO,N,NW,N
11548,307.2,N,Elder,M,14,A,MAGENTA,N,NE,N
11549,1491.62,N,Elder,M,18,D,BROWN,M,ME,Y
11550,1169.98,Y,Elder,F,19,C,BROWN,N,NW,Y
11551,337.56,N,Young,M,15,A,MAGENTA,N,NE,N
11552,1038.19,N,Elder,M,16,B,BROWN,S,SE,Y
11553,488.39,Y,Young,M,16,A,BROWN,S,SW,Y
11554,1392.8,N,Elder,F,12,D,INDIGO,S,SE,N
11555,857.46,N,Elder,M,17,B,BROWN,N,NW,Y
11556,578.72,N,Elder,M,18,A,BROWN,N,NW,Y
11557,664.86,N,Elder,F,12,B,INDIGO,M,MW,N
11558,890.44,N,Elder,F,13,B,INDIGO,N,NW,N
11559,1273.11,N,Elder,M,16,C,BROWN,N,NW,Y
11560,1278.42,Y,Elder,M,16,D,INDIGO,N,NE,Y
11561,953.51,N,Elder,M,21,B,MAGENTA,S,SW,N
11562,1102.04,N,Elder,M,17,C,BROWN,N,NE,Y
11563,481.74,N,Elder,M,16,A,INDIGO,M,ME,N
11564,450.97,N,Elder,M,16,A,INDIGO,M,ME,N
11565,1288.22,N,Elder,M,20,C,MAGENTA,S,SW,N
11566,1230.11,N,Elder,M,20,C,INDIGO,S,SE,Y
11567,856.78,Y,Young,M,15,B,BROWN,S,SE,Y
11568,389.26,N,Elder,F,16,A,BROWN,N,NE,Y
11569,773.92,N,Young,F,17,B,MAGENTA,N,NE,N
11570,1674.62,N,Elder,M,19,B,MAGENTA,M,ME,N
11571,555.89,N,Elder,F,14,B,MAGENTA,S,SE,N
11572,1224.61,N,Elder,M,17,C,MAGENTA,M,ME,N
11573,710.15,N,Elder,M,16,B,BROWN,M,MW,Y
11574,1187.2,N,Elder,M,23,B,BROWN,N,NE,N
11575,1465.44,Y,Young,F,22,B,INDIGO,N,NE,Y
11576,965.81,N,Elder,M,20,B,BROWN,M,ME,Y
11577,1143.69,N,Elder,F,16,B,BROWN,S,SW,N
11578,708.51,N,Elder,F,14,B,BROWN,N,NE,Y
11579,1088.51,N,Elder,M,14,C,PURPLE,M,ME,N
11580,329.74,N,Elder,M,15,A,MAGENTA,N,NE,N
11581,456.62,N,Elder,F,15,A,MAGENTA,M,MW,N
11582,629.13,N,Elder,M,19,A,BROWN,N,NE,Y
11583,376.91,N,Elder,M,14,A,MAGENTA,N,NW,N
11584,537.21,N,Young,F,9,B,INDIGO,S,SW,N
11585,1052.63,Y,Elder,M,22,B,BROWN,N,NW,Y
11586,455.24,N,Elder,F,16,A,BROWN,M,ME,N
11587,819.11,N,Young,M,18,B,INDIGO,N,NW,N
11588,924.42,N,Elder,M,18,A,BROWN,N,NE,Y
11589,598.32,N,Elder,M,14,B,MAGENTA,M,MW,Y
11590,727.36,N,Elder,F,12,C,INDIGO,N,NW,Y
11591,325.32,N,Elder,M,14,A,INDIGO,N,NW,N
11592,394.61,N,Elder,F,11,B,BROWN,M,ME,Y
11593,1157.83,Y,Elder,M,15,D,BROWN,N,NE,Y
11594,1007.26,N,Elder,F,15,C,INDIGO,M,MW,N
11595,987.11,N,Elder,F,12,D,INDIGO,M,MW,N
11596,1106.58,Y,Elder,F,16,C,BROWN,S,SW,Y
11597,497.77,N,Elder,M,18,A,BROWN,M,MW,N
11598,935.9,N,Elder,M,21,B,MAGENTA,S,SW,Y
11599,487.9,N,Elder,M,15,A,INDIGO,M,ME,Y
11600,1093.93,N,Elder,M,15,C,BROWN,N,NW,Y
11601,1746.52,N,Elder,M,18,D,INDIGO,N,NW,Y
11602,590.04,N,Elder,M,15,A,MAGENTA,M,MW,N
11603,519.2,Y,Elder,M,17,A,INDIGO,S,SW,Y
11604,1393.78,Y,Elder,F,13,D,INDIGO,S,SE,Y
11605,871.86,N,Elder,M,16,B,MAGENTA,M,ME,Y
11606,559.65,N,Elder,M,19,A,INDIGO,S,SW,Y
11607,894.65,N,Elder,M,15,A,MAGENTA,N,NW,N
11608,708.83,N,Elder,F,14,B,INDIGO,N,NE,Y
11609,557.22,N,Elder,M,14,B,MAGENTA,N,NW,N
11610,1171.65,N,Elder,F,14,D,BROWN,S,SW,N
11611,846.67,N,Elder,M,14,C,BROWN,N,NW,Y
11612,508.94,Y,Elder,M,18,A,BROWN,N,NW,Y
11613,631.56,N,Elder,M,17,A,INDIGO,S,SE,Y
11614,768.81,N,Elder,M,18,A,BROWN,N,NE,Y
11615,1026.71,Y,Elder,M,16,C,INDIGO,N,NW,Y
11616,1326.39,N,Elder,M,14,B,MAGENTA,N,NW,N
11617,970.49,Y,Elder,M,18,B,BROWN,N,NW,Y
11618,2132.53,N,Elder,M,16,C,MAGENTA,S,SW,Y
11619,793.73,N,Elder,F,13,C,BROWN,S,SE,Y
11620,365.77,N,Elder,F,14,A,INDIGO,N,NE,N
11621,1201.9,Y,Elder,F,20,B,INDIGO,N,NE,Y
11622,720.8,N,Elder,M,17,B,INDIGO,N,NE,N
11623,753.6,N,Elder,F,16,B,INDIGO,N,NW,Y
11624,568.34,N,Elder,F,14,B,BROWN,N,NE,Y
11625,605.15,N,Elder,M,15,B,BROWN,N,NW,N
11626,359.21,N,Elder,F,15,A,BROWN,M,ME,Y
11627,672.1,N,Elder,M,15,A,BROWN,N,NW,Y
11628,1380.91,N,Young,M,14,C,BROWN,M,ME,Y
11629,456.35,N,Elder,M,16,A,INDIGO,N,NE,Y
11630,711.86,N,Elder,F,15,B,BROWN,M,MW,N
11631,790.41,N,Elder,F,17,B,MAGENTA,M,MW,N
11632,976.79,Y,Elder,F,15,C,BROWN,N,NE,N
11633,1475.63,N,Elder,M,15,C,BROWN,N,NW,Y
11634,917.86,N,Elder,M,18,B,BROWN,N,NE,Y
11635,1085.87,N,Elder,M,18,C,BROWN,S,SE,Y
11636,679.04,N,Elder,F,20,A,INDIGO,M,ME,Y
11637,883.92,Y,Elder,M,18,B,INDIGO,N,NE,Y
11638,1858.74,N,Elder,F,19,C,MAGENTA,S,SE,N
11639,804.77,Y,Elder,M,14,B,BROWN,N,NW,Y
11640,1084.06,N,Elder,M,14,C,INDIGO,N,NE,N
11641,548.48,N,Elder,F,19,A,BROWN,N,NW,Y
11642,602.91,N,Elder,M,15,B,BROWN,N,NE,Y
11643,470.76,N,Elder,M,17,A,INDIGO,N,NW,N
11644,895.61,N,Elder,M,21,A,PURPLE,N,NW,N
11645,1149.13,N,Elder,F,19,C,BROWN,N,NW,Y
11646,1451.01,N,Elder,M,19,C,INDIGO,N,NW,N
11647,384.59,N,Elder,M,16,A,BROWN,M,MW,Y
11648,943.13,Y,Elder,M,15,C,INDIGO,N,NE,N
11649,1336.19,N,Elder,M,16,B,BROWN,M,MW,N
11650,618.64,N,Elder,F,15,B,INDIGO,S,SW,N
11651,397.11,N,Elder,M,11,B,INDIGO,M,ME,N
11652,503.65,N,Elder,F,13,B,BROWN,N,NE,Y
11653,487.28,N,Elder,M,15,A,BROWN,M,MW,N
11654,684.84,N,Young,F,14,B,BROWN,M,MW,N
11655,808.82,N,Elder,F,12,C,PURPLE,N,NE,N
11656,875.15,N,Elder,M,14,C,BROWN,N,NW,N
11657,406.39,N,Elder,M,16,A,INDIGO,S,SW,Y
11658,684.81,N,Elder,M,16,B,INDIGO,M,ME,N
11659,817.85,N,Elder,F,14,C,BROWN,S,SE,Y
11660,557.84,N,Elder,M,18,A,INDIGO,N,NW,Y
11661,387.39,Y,Elder,M,16,A,MAGENTA,N,NW,Y
11662,1109.79,N,Elder,M,15,C,BROWN,S,SW,Y
11663,245.35,N,Elder,F,12,A,INDIGO,N,NW,Y
11664,799.35,N,Elder,F,13,C,BROWN,M,ME,Y
11665,413.52,Y,Elder,F,16,A,INDIGO,N,NW,Y
11666,693.17,N,Elder,M,16,A,INDIGO,M,MW,Y
11667,1051.54,N,Elder,F,17,C,MAGENTA,M,MW,N
11668,1361.64,N,Elder,M,23,C,INDIGO,N,NE,Y
11669,1336.66,N,Elder,M,18,C,MAGENTA,N,NE,N
11670,668.3,N,Elder,M,14,B,INDIGO,M,ME,Y
11671,550.12,N,Elder,M,18,A,MAGENTA,M,ME,Y
11672,360.76,Y,Elder,M,15,A,INDIGO,M,MW,Y
11673,420.57,Y,Elder,F,11,B,MAGENTA,M,MW,Y
11674,935.3,N,Elder,F,16,C,INDIGO,S,SW,N
11675,956.33,N,Elder,M,21,B,BROWN,S,SE,Y
11676,947.98,Y,Elder,F,11,D,BROWN,M,ME,N
11677,745.12,N,Elder,F,21,A,BROWN,N,NE,Y
11678,885.59,N,Elder,F,18,B,PURPLE,N,NW,N
11679,649.23,N,Elder,M,14,B,BROWN,N,NE,Y
11680,532.56,N,Elder,M,14,A,INDIGO,M,ME,Y
11681,683.53,N,Elder,F,15,A,INDIGO,M,ME,Y
11682,1455.38,N,Young,F,13,C,INDIGO,S,SW,Y
11683,1617.29,N,Elder,F,22,D,INDIGO,N,NE,Y
11684,928.33,N,Elder,F,16,B,INDIGO,N,NE,N
11685,700.24,N,Elder,M,20,A,MAGENTA,N,NW,Y
11686,706.7,N,Elder,M,17,A,MAGENTA,N,NE,Y
11687,531.68,N,Elder,M,17,A,BROWN,N,NW,Y
11688,936.73,N,Elder,M,16,B,INDIGO,M,ME,Y
11689,411.36,N,Elder,M,15,A,BROWN,S,SW,Y
11690,659.77,N,Elder,M,16,B,BROWN,M,MW,Y
11691,1068.56,N,Elder,F,14,C,INDIGO,N,NW,Y
11692,457.61,N,Elder,M,16,A,INDIGO,N,NW,Y
11693,732.25,N,Elder,M,17,B,BROWN,S,SE,Y
11694,497.76,N,Elder,F,17,A,INDIGO,N,NW,N
11695,881.32,N,Elder,F,15,C,INDIGO,N,NE,Y
11696,539.73,N,Elder,M,17,A,BROWN,N,NE,Y
11697,1065.08,N,Elder,M,21,B,INDIGO,M,ME,Y
11698,789.97,N,Elder,M,18,B,INDIGO,M,MW,N
11699,615.34,N,Elder,M,20,A,INDIGO,N,NE,Y
11700,621.65,N,Elder,M,16,A,INDIGO,M,MW,N
11701,963.4,Y,Young,M,16,C,INDIGO,M,MW,Y
11702,852.29,N,Elder,M,15,B,INDIGO,N,NW,N
11703,808.51,Y,Elder,F,17,B,INDIGO,N,NE,Y
11704,1336.38,N,Elder,M,19,B,INDIGO,S,SE,N
11705,645.86,N,Elder,M,14,B,BROWN,N,NW,Y
11706,569.94,N,Elder,F,14,B,INDIGO,N,NE,Y
11707,493.28,N,Young,M,14,A,BROWN,M,MW,N
11708,678.73,N,Elder,M,15,B,INDIGO,N,NE,Y
11709,959.14,N,Young,M,14,C,BROWN,M,MW,Y
11710,819.52,N,Elder,F,19,B,BROWN,N,NW,Y
11711,337.74,N,Elder,F,15,A,PURPLE,N,NW,N
11712,455.71,N,Elder,F,11,B,BROWN,N,NE,Y
11713,1070.26,N,Elder,M,22,B,BROWN,M,MW,Y
11714,832.88,N,Elder,F,15,B,INDIGO,M,MW,N
11715,633.74,N,Elder,F,15,B,INDIGO,S,SW,Y
11716,1396.56,N,Elder,M,17,D,BROWN,M,MW,Y
11717,614.13,N,Elder,F,14,A,MAGENTA,S,SE,N
11718,839.08,N,Elder,M,14,A,BROWN,S,SE,Y
11719,913.99,N,Elder,F,19,B,MAGENTA,M,ME,Y
11720,476.4,N,Elder,M,16,A,BROWN,S,SW,Y
11721,2091.61,N,Elder,F,19,B,INDIGO,M,ME,Y
11722,255.03,N,Elder,M,13,A,BROWN,M,MW,Y
11723,349.67,N,Elder,M,15,A,BROWN,M,MW,N
11724,446.52,N,Elder,F,16,A,INDIGO,N,NE,Y
11725,1005.45,N,Elder,M,19,A,MAGENTA,N,NE,N
11726,1505.24,N,Elder,F,15,B,MAGENTA,N,NW,N
11727,684.43,Y,Elder,F,16,B,MAGENTA,N,NW,Y
11728,1028.06,N,Elder,M,20,B,INDIGO,N,NW,Y
11729,1226.47,N,Elder,F,13,C,MAGENTA,S,SW,N
11730,172.31,N,Elder,M,12,A,MAGENTA,M,ME,N
11731,1065.36,N,Elder,F,18,C,MAGENTA,N,NE,Y
11732,927.55,N,Elder,M,15,C,MAGENTA,N,NW,N
11733,1211.23,N,Elder,M,17,B,BROWN,M,MW,N
11734,268.95,Y,Elder,F,14,A,BROWN,M,MW,Y
11735,1438.71,N,Elder,M,19,D,BROWN,M,ME,Y
11736,599.13,N,Elder,M,19,A,MAGENTA,N,NE,Y
11737,1174.29,N,Elder,F,20,B,INDIGO,M,MW,Y
11738,198.6,N,Elder,M,12,A,INDIGO,M,ME,Y
11739,1109.69,Y,Young,M,15,C,INDIGO,N,NE,N
11740,705.91,N,Elder,M,15,B,BROWN,N,NW,Y
11741,645.89,N,Elder,F,15,B,MAGENTA,M,ME,Y
11742,628.52,N,Elder,F,14,B,BROWN,N,NE,Y
11743,732.93,N,Young,M,21,A,BROWN,M,MW,Y
11744,1452.11,N,Elder,M,20,B,BROWN,S,SW,Y
11745,322.73,N,Young,M,10,A,MAGENTA,M,MW,N
11746,388.41,N,Elder,M,16,A,BROWN,S,SW,N
11747,285.12,N,Elder,F,13,A,BROWN,N,NW,Y
11748,694.32,N,Elder,F,16,B,BROWN,S,SE,Y
11749,924.8,N,Elder,M,16,B,BROWN,N,NW,N
11750,358.8,Y,Young,M,13,A,BROWN,M,MW,Y
11751,865.07,N,Elder,F,17,B,BROWN,M,MW,Y
11752,895.07,N,Elder,M,15,B,INDIGO,N,NE,Y
11753,716.93,N,Elder,M,16,B,BROWN,S,SW,N
11754,739.48,N,Elder,M,16,B,INDIGO,S,SW,Y
11755,590.25,N,Elder,M,14,A,MAGENTA,M,ME,N
11756,1446.07,N,Elder,F,16,D,BROWN,N,NW,Y
11757,1024.68,N,Elder,F,14,C,MAGENTA,M,MW,Y
11758,820.32,N,Elder,M,16,B,PURPLE,M,MW,N
11759,1248.87,N,Elder,F,18,B,BROWN,M,MW,N
11760,890.19,N,Elder,M,16,B,INDIGO,S,SE,N
11761,969.18,N,Elder,M,16,C,MAGENTA,S,SW,N
11762,472.91,N,Elder,F,12,B,PURPLE,M,ME,N
11763,564.29,N,Elder,F,14,B,BROWN,S,SW,Y
11764,1084.14,N,Elder,M,20,B,BROWN,M,MW,Y
11765,502.26,N,Young,M,13,B,BROWN,S,SW,Y
11766,791.58,N,Elder,M,14,B,MAGENTA,S,SW,N
11767,1708.14,N,Elder,F,14,C,BROWN,S,SE,N
11768,1525.93,N,Elder,F,20,C,BROWN,M,MW,Y
11769,616.97,N,Elder,M,18,A,MAGENTA,M,ME,N
11770,1026.6,N,Elder,F,15,C,MAGENTA,N,NE,N
11771,1054.38,N,Elder,M,18,C,INDIGO,N,NW,Y
11772,516.24,N,Elder,F,13,B,INDIGO,M,MW,N
11773,1427.7,N,Elder,M,14,B,BROWN,M,MW,Y
11774,382.03,N,Elder,F,16,A,INDIGO,S,SE,N
11775,731.27,N,Elder,F,16,B,INDIGO,N,NW,N
11776,587.07,N,Elder,M,19,A,BROWN,S,SW,Y
11777,872.76,N,Elder,M,20,B,INDIGO,S,SE,N
11778,1162.29,N,Elder,F,20,C,MAGENTA,S,SE,Y
11779,987.09,N,Elder,M,20,B,INDIGO,N,NE,N
11780,1127.7,N,Elder,F,19,C,PURPLE,N,NW,N
11781,991.12,Y,Elder,F,17,C,BROWN,M,MW,N
11782,1077.63,Y,Elder,F,15,C,BROWN,N,NW,Y
11783,568.3,N,Elder,M,15,A,INDIGO,N,NW,Y
11784,940.3,Y,Young,M,14,C,INDIGO,M,ME,Y
11785,629.43,N,Elder,M,15,B,INDIGO,M,MW,N
11786,1071.96,N,Elder,M,12,C,MAGENTA,N,NE,N
11787,1055.33,Y,Elder,M,14,B,INDIGO,S,SE,N
11788,493.34,N,Elder,F,18,A,INDIGO,N,NE,Y
11789,1306.34,N,Elder,M,13,D,INDIGO,N,NW,Y
11790,685.74,N,Elder,M,18,A,BROWN,N,NE,Y
11791,1443.28,N,Elder,F,15,C,BROWN,N,NE,Y
11792,890.94,N,Elder,F,11,C,PURPLE,M,MW,N
11793,824.77,N,Elder,F,17,B,BROWN,N,NW,Y
11794,600.81,N,Elder,F,17,A,BROWN,N,NW,Y
11795,1071.12,N,Elder,M,21,A,BROWN,M,ME,Y
11796,1545.16,N,Elder,F,19,D,BROWN,M,ME,N
11797,291.91,N,Elder,F,14,A,BROWN,S,SW,Y
11798,1326.92,N,Elder,M,18,C,MAGENTA,M,ME,N
11799,1126.31,N,Elder,M,18,B,INDIGO,N,NW,N
11800,840.75,N,Elder,M,19,B,MAGENTA,N,NW,Y
11801,791.47,N,Elder,M,20,A,PURPLE,M,MW,N
11802,964.99,N,Elder,M,20,B,MAGENTA,S,SW,N
11803,724.01,N,Elder,M,16,A,MAGENTA,M,MW,Y
11804,896.81,N,Elder,M,19,B,BROWN,M,ME,Y
11805,1470.4,Y,Elder,M,21,D,INDIGO,S,SE,Y
11806,881.56,N,Elder,F,20,B,MAGENTA,N,NE,N
11807,735.02,N,Elder,M,14,A,INDIGO,N,NE,N
11808,658.88,N,Elder,F,15,B,INDIGO,N,NW,N
11809,471.34,N,Elder,M,15,A,MAGENTA,N,NW,N
11810,1153.09,N,Elder,F,17,B,INDIGO,M,ME,N
11811,1491.18,N,Elder,M,15,D,INDIGO,M,MW,Y
11812,467.69,Y,Young,F,12,B,BROWN,N,NW,Y
11813,854.93,N,Elder,M,14,C,PURPLE,N,NW,N
11814,562.49,N,Elder,F,11,B,MAGENTA,S,SW,Y
11815,284.36,N,Elder,F,14,A,BROWN,M,ME,Y
11816,1055.36,Y,Elder,F,14,B,BROWN,N,NE,Y
11817,675.21,N,Elder,M,16,B,BROWN,S,SE,Y
11818,858.97,Y,Young,M,19,B,INDIGO,N,NE,Y
11819,1573.38,N,Elder,M,17,C,PURPLE,M,MW,N
11820,977.45,N,Elder,F,16,B,BROWN,S,SW,N
11821,543.41,N,Elder,F,18,A,INDIGO,N,NW,Y
11822,848.53,N,Elder,M,21,A,BROWN,N,NE,Y
11823,646.41,N,Elder,M,14,B,MAGENTA,S,SE,Y
11824,903.3,N,Elder,F,14,C,BROWN,S,SW,Y
11825,786.83,N,Elder,F,12,B,BROWN,N,NW,N
11826,661.83,N,Elder,F,15,B,BROWN,N,NE,Y
11827,1067.97,N,Elder,M,18,B,BROWN,N,NE,Y
11828,548.5,N,Elder,M,17,A,MAGENTA,M,ME,N
11829,840.24,N,Elder,M,17,B,INDIGO,M,MW,Y
11830,377.03,N,Elder,F,15,A,BROWN,N,NE,N
11831,504.37,N,Elder,M,15,A,MAGENTA,M,MW,N
11832,824.6,N,Elder,M,17,B,BROWN,N,NE,Y
11833,766.62,N,Elder,F,19,A,BROWN,N,NW,N
11834,991.02,N,Elder,M,17,C,INDIGO,N,NW,N
11835,599.65,N,Elder,M,20,A,MAGENTA,N,NE,N
11836,1124.39,N,Elder,F,15,B,BROWN,S,SE,Y
11837,427.18,N,Elder,M,14,A,PURPLE,N,NE,N
11838,737.43,N,Elder,F,19,A,BROWN,M,MW,Y
11839,676.24,N,Elder,F,19,A,MAGENTA,N,NW,N
11840,869.22,N,Elder,M,12,B,BROWN,S,SE,Y
11841,558.97,N,Elder,M,14,A,BROWN,S,SW,Y
11842,877.14,N,Elder,M,19,B,BROWN,N,NW,Y
11843,653.35,N,Elder,M,17,A,BROWN,M,MW,Y
11844,1579.52,N,Elder,M,19,B,MAGENTA,N,NW,N
11845,887.78,N,Elder,F,16,B,BROWN,M,MW,N
11846,696.34,N,Elder,F,21,A,BROWN,S,SE,Y
11847,852.08,Y,Elder,F,13,C,BROWN,S,SW,Y
11848,406.96,N,Elder,F,16,A,MAGENTA,M,ME,N
11849,1560.72,N,Elder,M,15,D,INDIGO,N,NE,Y
11850,1163.24,N,Elder,M,17,C,INDIGO,N,NW,N
11851,792.8,N,Elder,F,16,B,MAGENTA,S,SE,N
11852,927.63,N,Elder,F,17,B,MAGENTA,N,NW,N
11853,890.06,N,Elder,F,14,C,BROWN,N,NW,N
11854,974.22,N,Elder,M,15,C,BROWN,M,ME,N
11855,977.89,N,Elder,M,20,B,MAGENTA,S,SW,N
11856,1166.12,N,Elder,M,14,C,INDIGO,S,SW,Y
11857,673.73,Y,Young,F,16,B,INDIGO,S,SW,Y
11858,628.34,N,Elder,M,20,A,BROWN,N,NW,Y
11859,1070.73,N,Elder,M,18,C,INDIGO,S,SE,Y
11860,418.27,Y,Elder,M,15,A,BROWN,M,MW,Y
11861,950.24,N,Elder,F,16,B,BROWN,S,SE,Y
11862,1371.09,N,Elder,M,14,C,BROWN,N,NW,Y
11863,1099.73,N,Elder,M,21,B,BROWN,M,MW,Y
11864,904.36,Y,Elder,F,15,C,BROWN,S,SW,Y
11865,1260.23,N,Elder,F,14,B,BROWN,N,NE,Y
11866,936.82,N,Elder,M,16,C,MAGENTA,N,NE,N
11867,589.49,N,Elder,M,17,A,PURPLE,N,NW,N
11868,693.03,N,Elder,F,13,B,INDIGO,N,NE,Y
11869,764.08,N,Elder,M,18,B,PURPLE,N,NW,N
11870,941.41,N,Elder,M,16,C,INDIGO,N,NW,Y
11871,775.77,N,Elder,M,23,A,INDIGO,N,NE,N
11872,769.83,N,Elder,M,13,C,PURPLE,N,NE,N
11873,1055.51,N,Elder,M,16,B,BROWN,S,SE,N
11874,571.36,N,Elder,M,14,B,MAGENTA,M,MW,Y
11875,841.77,N,Young,M,15,B,INDIGO,N,NW,Y
11876,852.59,N,Elder,F,13,C,BROWN,M,MW,Y
11877,559.55,N,Elder,F,14,B,INDIGO,M,MW,Y
11878,863.8,N,Elder,F,18,B,INDIGO,N,NE,N
11879,1371.62,N,Elder,M,23,B,INDIGO,M,MW,Y
11880,1196.29,N,Elder,F,15,C,PURPLE,S,SE,N
11881,571.97,N,Elder,F,18,A,MAGENTA,N,NW,Y
11882,1126.05,N,Elder,M,21,B,PURPLE,M,ME,N
11883,936.32,N,Elder,M,18,B,INDIGO,S,SE,N
11884,718.67,N,Elder,F,13,B,INDIGO,S,SE,N
11885,702.55,N,Elder,F,13,A,INDIGO,M,MW,N
11886,633.85,N,Young,F,14,B,BROWN,N,NE,Y
11887,635.07,Y,Elder,M,15,B,INDIGO,N,NW,Y
11888,1696.05,N,Elder,M,18,A,MAGENTA,M,MW,Y
11889,526.93,N,Elder,M,16,A,BROWN,M,MW,Y
11890,975.52,N,Elder,M,14,C,BROWN,M,ME,Y
11891,486.78,N,Elder,F,14,A,BROWN,N,NE,Y
11892,703.26,N,Elder,M,17,B,PURPLE,M,ME,N
11893,269.14,Y,Elder,M,11,A,INDIGO,N,NE,Y
11894,659.75,N,Elder,F,16,A,BROWN,N,NW,N
11895,1080.52,N,Elder,M,20,B,BROWN,N,NE,Y
11896,683.99,N,Elder,M,21,A,BROWN,N,NW,Y
11897,565.02,N,Elder,M,15,A,INDIGO,M,MW,Y
11898,493.51,N,Elder,M,17,A,BROWN,M,MW,Y
11899,1465.49,N,Elder,F,17,D,MAGENTA,S,SW,Y
11900,1514.47,N,Elder,F,20,C,INDIGO,M,ME,Y
11901,1277.11,N,Elder,F,17,B,PURPLE,M,MW,N
11902,450.38,N,Elder,F,17,A,BROWN,M,MW,Y
11903,637,N,Elder,M,17,A,MAGENTA,M,ME,N
11904,820.71,N,Elder,F,18,B,INDIGO,M,MW,Y
11905,969.6,N,Elder,M,19,B,MAGENTA,N,NW,N
11906,341.31,N,Elder,M,14,A,INDIGO,M,MW,N
11907,251.8,N,Elder,F,13,A,MAGENTA,N,NW,N
11908,1266.74,N,Elder,M,16,C,MAGENTA,M,ME,N
11909,279.14,N,Elder,M,13,A,INDIGO,S,SE,Y
11910,1455.04,Y,Elder,M,20,D,BROWN,N,NE,Y
11911,402.71,N,Elder,M,15,A,MAGENTA,M,MW,Y
11912,678.05,N,Elder,F,13,B,INDIGO,M,ME,N
11913,407.72,N,Elder,M,16,A,BROWN,M,ME,Y
11914,590.43,N,Elder,F,14,B,INDIGO,N,NE,N
11915,601.77,N,Elder,M,15,B,BROWN,N,NE,Y
11916,706.75,N,Elder,F,16,B,INDIGO,N,NE,Y
11917,594.12,N,Elder,M,15,B,INDIGO,N,NW,N
11918,810.22,N,Elder,M,13,C,BROWN,M,MW,Y
11919,634.25,N,Elder,F,14,B,MAGENTA,N,NW,N
11920,1045.72,N,Elder,F,15,B,MAGENTA,N,NE,N
11921,784.19,N,Elder,M,18,B,MAGENTA,S,SE,N
11922,1041.56,N,Elder,F,19,B,BROWN,N,NW,Y
11923,1084.27,N,Elder,M,15,A,BROWN,N,NW,N
11924,716.62,N,Elder,M,17,B,BROWN,N,NE,N
11925,736.35,N,Elder,F,17,B,BROWN,S,SE,Y
11926,715.46,N,Young,M,12,A,BROWN,S,SW,Y
11927,732.06,Y,Elder,M,16,B,BROWN,S,SW,Y
11928,1103.19,N,Young,F,18,B,BROWN,S,SE,N
11929,672.13,N,Elder,M,15,A,BROWN,N,NW,N
11930,1163.69,N,Elder,M,14,C,MAGENTA,N,NW,N
11931,768.9,N,Elder,M,18,B,MAGENTA,M,MW,Y
11932,977.86,Y,Elder,F,17,B,INDIGO,N,NE,N
11933,608.51,N,Elder,F,15,B,MAGENTA,S,SE,N
11934,566.1,N,Elder,F,13,B,INDIGO,M,MW,N
11935,872.95,N,Elder,M,20,B,BROWN,M,ME,Y
11936,627.32,N,Elder,F,18,A,INDIGO,S,SE,Y
11937,834.31,N,Elder,F,13,C,BROWN,M,MW,Y
11938,572.12,N,Elder,F,14,B,INDIGO,N,NW,Y
11939,842.68,N,Elder,F,17,B,BROWN,M,MW,Y
11940,466.59,N,Elder,M,16,A,BROWN,M,ME,N
11941,1083.97,N,Elder,F,19,A,BROWN,S,SW,N
11942,931.52,N,Elder,M,21,B,BROWN,M,MW,Y
11943,675.7,N,Young,M,16,B,INDIGO,N,NE,Y
11944,520.42,N,Elder,F,13,B,BROWN,M,ME,N
11945,335.07,N,Elder,F,15,A,MAGENTA,M,ME,N
11946,1198.27,N,Elder,F,16,D,INDIGO,M,MW,Y
11947,700.48,N,Elder,F,16,B,INDIGO,N,NE,N
11948,1211.98,N,Elder,M,19,C,BROWN,N,NE,Y
11949,384.09,N,Elder,M,16,A,BROWN,N,NW,N
11950,1653.94,N,Elder,M,23,B,BROWN,M,ME,N
11951,985.92,N,Elder,M,19,B,BROWN,N,NW,Y
11952,1033.59,N,Elder,M,20,B,BROWN,M,ME,Y
11953,520.79,N,Elder,F,18,A,MAGENTA,N,NE,Y
11954,521.21,N,Elder,M,17,A,INDIGO,S,SW,Y
11955,599.91,Y,Elder,M,13,B,INDIGO,M,MW,Y
11956,1180.93,N,Elder,M,16,B,PURPLE,N,NE,N
11957,1002.43,N,Elder,M,20,B,BROWN,N,NW,N
11958,1080.8,N,Elder,M,13,D,MAGENTA,S,SW,N
11959,902.01,N,Elder,M,19,B,INDIGO,S,SE,N
11960,1070.3,N,Elder,F,20,B,INDIGO,S,SW,N
11961,441.59,N,Elder,M,11,B,BROWN,S,SW,Y
11962,890.66,N,Elder,M,16,B,MAGENTA,N,NW,N
11963,1125.32,N,Elder,M,15,B,MAGENTA,S,SW,N
11964,1118.43,N,Elder,F,18,B,MAGENTA,S,SE,Y
11965,835.39,N,Elder,M,18,B,MAGENTA,M,ME,Y
11966,466.8,N,Elder,M,16,A,BROWN,S,SW,Y
11967,982.6,N,Elder,M,18,B,PURPLE,M,ME,N
11968,1077.12,N,Elder,M,16,C,MAGENTA,M,ME,N
11969,609.25,N,Young,M,14,B,INDIGO,N,NW,N
11970,838.91,N,Elder,F,18,B,INDIGO,N,NW,Y
11971,994.7,N,Elder,F,16,C,BROWN,N,NW,Y
11972,685.99,N,Elder,M,15,B,BROWN,M,ME,N
11973,836.32,N,Elder,M,18,B,MAGENTA,N,NE,N
11974,1143.35,N,Elder,F,15,C,BROWN,N,NW,N
11975,875.93,N,Elder,M,19,B,BROWN,S,SE,Y
11976,791,N,Elder,M,16,A,BROWN,S,SE,N
11977,966.79,N,Elder,F,16,C,MAGENTA,M,MW,Y
11978,669.93,N,Elder,M,18,A,INDIGO,N,NE,Y
11979,774.31,N,Elder,F,16,A,MAGENTA,S,SW,N
11980,785.83,N,Young,M,12,C,PURPLE,N,NE,N
11981,801.19,N,Elder,F,12,B,PURPLE,S,SE,N
11982,659.28,N,Elder,M,16,B,INDIGO,M,MW,Y
11983,982.15,N,Elder,M,17,C,MAGENTA,S,SW,N
11984,864.03,N,Elder,M,16,B,MAGENTA,N,NE,Y
11985,1987.24,Y,Elder,F,14,B,BROWN,N,NW,N
11986,923.72,N,Elder,F,18,A,INDIGO,M,ME,Y
11987,1275.57,Y,Elder,M,22,C,INDIGO,N,NW,Y
11988,850.31,N,Elder,M,14,C,BROWN,S,SW,Y
11989,910.27,N,Elder,F,13,C,PURPLE,M,MW,N
11990,1209.77,N,Elder,F,19,C,PURPLE,N,NW,N
11991,1092.19,N,Elder,F,11,D,MAGENTA,N,NW,N
11992,853.1,N,Elder,M,13,C,BROWN,N,NW,Y
11993,706.44,N,Elder,M,20,A,MAGENTA,M,MW,Y
11994,814.19,N,Young,F,14,B,MAGENTA,N,NW,N
11995,619,N,Elder,F,14,B,BROWN,M,MW,N
11996,1138.41,N,Elder,F,19,B,INDIGO,M,ME,Y
11997,1089.86,N,Young,F,16,B,PURPLE,N,NE,N
11998,750.82,N,Young,F,17,B,BROWN,N,NE,N
11999,946.55,N,Elder,M,17,B,BROWN,S,SW,Y
12000,1058.44,N,Elder,F,18,C,MAGENTA,S,SW,N
12001,1094.5,N,Elder,F,18,C,INDIGO,N,NW,N
12002,1377.1,N,Elder,M,23,B,PURPLE,N,NE,N
12003,695.49,N,Elder,M,14,A,BROWN,S,SE,Y
12004,836.34,N,Elder,M,19,B,BROWN,N,NW,N
12005,1255,N,Elder,F,18,C,MAGENTA,M,ME,Y
12006,1134.69,N,Elder,M,17,C,PURPLE,S,SW,N
12007,613.87,N,Elder,M,13,B,INDIGO,N,NE,N
12008,295.94,N,Elder,M,13,A,BROWN,N,NW,N
12009,1234.39,Y,Elder,F,16,D,INDIGO,M,MW,Y
12010,933.24,Y,Young,M,15,B,BROWN,N,NW,Y
12011,971.6,N,Elder,M,20,B,INDIGO,M,MW,Y
12012,327.55,N,Elder,M,13,A,INDIGO,N,NW,Y
12013,1018.62,N,Elder,F,19,B,INDIGO,S,SE,Y
12014,731.66,N,Elder,M,16,B,PURPLE,N,NW,N
12015,745.64,N,Elder,M,19,A,MAGENTA,N,NW,N
12016,382.06,N,Elder,M,16,A,BROWN,N,NE,Y
12017,520.41,N,Elder,M,18,A,INDIGO,N,NW,N
12018,1451.82,Y,Elder,M,20,D,MAGENTA,S,SE,N
12019,893.29,N,Elder,M,15,C,BROWN,M,ME,Y
12020,468.23,N,Elder,F,12,A,INDIGO,M,MW,Y
12021,917.12,N,Elder,F,20,B,BROWN,M,ME,N
12022,674.03,N,Elder,M,16,B,INDIGO,N,NE,N
12023,964.58,N,Elder,F,14,C,BROWN,S,SW,Y
12024,683.07,N,Elder,F,15,B,BROWN,M,ME,N
12025,833.14,N,Elder,M,16,B,BROWN,N,NW,Y
12026,836.17,N,Elder,M,18,B,INDIGO,M,ME,N
12027,593.08,N,Elder,F,19,A,INDIGO,M,MW,N
12028,479.37,N,Elder,M,15,A,INDIGO,N,NE,N
12029,662.08,N,Elder,F,16,B,MAGENTA,S,SW,N
12030,1218.21,N,Elder,M,21,C,BROWN,N,NE,Y
12031,1211.56,N,Elder,F,20,B,MAGENTA,N,NW,Y
12032,167.36,N,Elder,F,12,A,INDIGO,M,ME,Y
12033,1181.58,N,Elder,M,16,C,BROWN,S,SW,Y
12034,588.73,N,Elder,F,12,B,MAGENTA,N,NE,N
12035,823.93,N,Elder,F,19,B,MAGENTA,M,ME,N
12036,1001.74,N,Elder,M,15,C,MAGENTA,M,ME,N
12037,530.97,N,Elder,F,17,A,BROWN,N,NW,N
12038,689.44,N,Elder,F,18,A,MAGENTA,M,MW,N
12039,459.34,N,Elder,F,16,A,MAGENTA,S,SE,N
12040,1104.71,N,Elder,M,19,C,MAGENTA,M,ME,N
12041,1745.01,Y,Elder,M,17,B,INDIGO,N,NE,Y
12042,792.43,N,Elder,M,18,A,BROWN,N,NW,Y
12043,1178.26,N,Elder,F,15,C,INDIGO,N,NW,N
12044,517.83,N,Elder,M,18,A,MAGENTA,N,NE,N
12045,1022.14,Y,Elder,F,17,C,INDIGO,N,NE,Y
12046,1057.65,Y,Elder,M,18,C,BROWN,M,MW,Y
12047,1118.62,N,Elder,M,19,B,MAGENTA,N,NE,Y
12048,479.21,N,Elder,F,17,A,BROWN,S,SE,Y
12049,434.35,N,Elder,F,17,A,BROWN,S,SE,N
12050,935.02,N,Elder,M,16,C,PURPLE,N,NW,N
12051,529.92,N,Elder,F,17,A,BROWN,S,SE,Y
12052,866.66,N,Elder,M,17,B,BROWN,N,NW,Y
12053,1113.28,Y,Elder,M,15,B,BROWN,S,SE,Y
12054,462.98,N,Elder,F,17,A,BROWN,M,MW,Y
12055,780.79,N,Elder,F,15,B,BROWN,S,SW,N
12056,1244.88,Y,Elder,M,20,C,INDIGO,N,NE,Y
12057,523.64,N,Elder,M,15,A,MAGENTA,N,NE,N
12058,1316.46,N,Elder,M,18,D,MAGENTA,M,ME,N
12059,611.01,N,Elder,M,12,B,INDIGO,S,SE,Y
12060,803.28,N,Elder,F,14,B,BROWN,S,SE,Y
12061,727.16,N,Elder,M,16,B,INDIGO,N,NE,Y
12062,1368.27,N,Elder,M,19,D,BROWN,N,NW,Y
12063,869.91,N,Elder,F,19,B,INDIGO,N,NE,N
12064,843.97,N,Elder,M,19,B,MAGENTA,N,NE,N
12065,783.95,N,Elder,F,16,B,INDIGO,N,NE,Y
12066,527.5,N,Young,M,12,A,MAGENTA,S,SW,N
12067,989.5,N,Elder,F,15,C,INDIGO,S,SW,Y
12068,1261.9,N,Elder,M,12,D,BROWN,M,ME,Y
12069,692.55,N,Elder,F,13,B,PURPLE,M,ME,N
12070,1099.05,N,Elder,M,17,A,MAGENTA,N,NW,N
12071,837.23,N,Elder,M,23,A,BROWN,N,NW,Y
12072,500.58,N,Elder,F,13,B,BROWN,N,NE,N
12073,389.32,Y,Young,F,15,A,INDIGO,S,SE,Y
12074,1178.68,N,Elder,F,18,C,PURPLE,M,MW,N
12075,542.8,N,Elder,F,12,B,MAGENTA,M,MW,N
12076,529.48,N,Elder,F,15,A,MAGENTA,M,ME,Y
12077,725.96,N,Elder,F,15,B,BROWN,N,NE,Y
12078,875.66,N,Elder,M,14,B,INDIGO,M,MW,N
12079,633.93,N,Elder,M,18,A,INDIGO,M,ME,Y
12080,1172.56,N,Elder,F,15,D,MAGENTA,S,SW,N
12081,1292.46,N,Elder,M,16,B,BROWN,M,ME,Y
12082,682.25,N,Elder,F,16,B,MAGENTA,S,SW,Y
12083,661.45,N,Elder,M,16,B,MAGENTA,M,MW,Y
12084,1483.89,N,Elder,F,16,D,BROWN,S,SE,N
12085,815.59,N,Elder,M,18,B,INDIGO,M,MW,Y
12086,714.84,N,Elder,F,17,B,BROWN,S,SE,Y
12087,855.51,N,Elder,F,19,B,BROWN,S,SE,Y
12088,1015.62,N,Elder,M,12,C,INDIGO,M,ME,Y
12089,1178.57,N,Elder,M,17,C,BROWN,M,MW,Y
12090,455.05,Y,Elder,M,16,A,INDIGO,N,NW,Y
12091,404.07,Y,Elder,M,10,B,INDIGO,M,MW,Y
12092,1815.25,N,Elder,M,17,B,INDIGO,M,ME,N
12093,684.13,N,Elder,M,20,A,BROWN,M,ME,N
12094,696.04,N,Elder,M,15,B,BROWN,M,ME,N
12095,326.96,N,Elder,M,14,A,BROWN,N,NE,N
12096,1728.78,N,Elder,F,17,A,INDIGO,S,SE,Y
12097,950.14,N,Elder,M,16,C,MAGENTA,M,ME,Y
12098,481.78,N,Elder,F,12,B,PURPLE,M,MW,N
12099,946.12,N,Elder,M,15,C,BROWN,N,NW,N
12100,584.26,N,Elder,F,13,B,INDIGO,M,ME,N
12101,1204.18,N,Elder,F,19,C,INDIGO,N,NE,Y
12102,1185.3,N,Elder,M,18,C,MAGENTA,N,NW,Y
12103,1169.22,N,Elder,M,16,C,PURPLE,M,MW,N
12104,391.43,N,Elder,M,16,A,MAGENTA,N,NW,Y
12105,781.54,N,Elder,F,13,A,BROWN,S,SW,Y
12106,818.29,N,Elder,M,19,A,BROWN,N,NW,N
12107,481.95,N,Elder,F,12,A,BROWN,S,SE,Y
12108,801.86,N,Elder,M,20,A,INDIGO,M,MW,N
12109,124.35,N,Young,F,11,A,MAGENTA,S,SW,N
12110,650.89,N,Elder,F,19,A,MAGENTA,M,MW,N
12111,1038.24,N,Elder,F,16,C,BROWN,S,SE,N
12112,875.43,N,Elder,M,19,B,BROWN,S,SW,Y
12113,555.99,N,Elder,F,19,A,MAGENTA,S,SE,N
12114,834.62,N,Elder,F,23,A,INDIGO,N,NE,Y
12115,1008.36,N,Elder,M,17,C,BROWN,M,MW,N
12116,491.94,N,Elder,F,18,A,MAGENTA,S,SW,Y
12117,1058.3,N,Elder,F,16,C,INDIGO,S,SW,N
12118,612.68,N,Elder,M,16,A,BROWN,M,ME,Y
12119,725.1,Y,Young,M,15,B,INDIGO,S,SE,Y
12120,608.42,N,Young,M,20,A,MAGENTA,M,ME,N
12121,1257.63,N,Elder,F,16,B,BROWN,N,NE,Y
12122,1005.73,N,Elder,M,18,B,INDIGO,S,SW,N
12123,832.48,N,Elder,M,18,B,MAGENTA,N,NW,N
12124,569.95,N,Elder,M,19,A,BROWN,N,NW,Y
12125,703.68,N,Elder,M,20,A,BROWN,S,SE,Y
12126,980.1,N,Elder,M,18,A,MAGENTA,S,SW,Y
12127,717.25,N,Elder,M,15,B,MAGENTA,M,MW,N
12128,644.24,N,Elder,M,15,B,MAGENTA,S,SW,N
12129,460.73,N,Elder,M,16,A,MAGENTA,M,MW,N
12130,479.74,Y,Elder,F,17,A,INDIGO,S,SW,Y
12131,1493.9,Y,Young,M,13,C,MAGENTA,S,SE,N
12132,842.51,N,Elder,F,14,C,BROWN,N,NW,Y
12133,489.5,N,Elder,F,12,B,BROWN,N,NW,Y
12134,602.7,N,Elder,M,15,B,INDIGO,M,MW,N
12135,861.57,N,Elder,M,18,A,BROWN,M,ME,Y
12136,872.01,N,Elder,M,15,B,BROWN,M,MW,Y
12137,1392.97,N,Elder,F,18,B,INDIGO,S,SE,N
12138,1220.58,Y,Elder,M,19,C,MAGENTA,S,SW,N
12139,706.21,N,Elder,M,16,B,BROWN,N,NE,Y
12140,367.42,N,Elder,F,15,A,INDIGO,S,SW,Y
12141,644.97,N,Elder,M,14,A,BROWN,M,ME,N
12142,334.44,N,Elder,M,13,A,BROWN,M,MW,Y
12143,812.05,Y,Young,F,18,B,BROWN,M,MW,Y
12144,723.28,Y,Elder,F,17,B,BROWN,N,NW,Y
12145,453.09,Y,Young,F,12,B,INDIGO,S,SE,Y
12146,624.27,N,Elder,M,17,A,BROWN,N,NE,Y
12147,594.28,N,Young,M,14,B,PURPLE,M,MW,N
12148,932.59,Y,Elder,M,14,A,MAGENTA,M,MW,Y
12149,996.07,Y,Young,M,15,C,BROWN,N,NW,Y
12150,324.3,N,Young,F,13,A,BROWN,N,NW,Y
12151,816.46,Y,Young,M,13,C,BROWN,N,NE,Y
12152,2325.15,N,Elder,M,16,D,BROWN,S,SE,Y
12153,566.54,N,Elder,F,19,A,BROWN,N,NE,N
12154,483.99,N,Elder,F,12,B,INDIGO,S,SW,Y
12155,473.66,N,Young,F,17,A,MAGENTA,N,NW,N
12156,731.31,N,Elder,F,16,B,INDIGO,S,SE,N
12157,462.25,N,Elder,F,16,A,INDIGO,N,NW,Y
12158,1051.84,N,Elder,F,17,C,MAGENTA,S,SW,N
12159,1441.36,N,Elder,F,18,C,BROWN,M,ME,N
12160,395.53,N,Elder,M,16,A,INDIGO,N,NW,N
12161,627.38,N,Elder,F,14,B,BROWN,N,NE,Y
12162,813.44,N,Elder,F,18,B,MAGENTA,N,NW,Y
12163,251.12,N,Elder,M,13,A,MAGENTA,S,SW,N
12164,909.59,N,Elder,M,19,B,INDIGO,M,MW,Y
12165,1255.33,N,Elder,M,16,C,MAGENTA,M,MW,N
12166,633.56,N,Elder,F,12,B,BROWN,S,SW,Y
12167,878.57,N,Elder,M,15,B,BROWN,S,SW,Y
12168,820.04,N,Elder,F,16,B,INDIGO,M,MW,Y
12169,794.47,N,Elder,F,17,B,INDIGO,N,NW,N
12170,954.39,N,Elder,M,20,B,INDIGO,M,MW,N
12171,699.69,N,Elder,M,20,A,BROWN,N,NE,Y
12172,833.07,N,Elder,F,17,B,MAGENTA,N,NW,N
12173,718.91,N,Elder,F,16,B,INDIGO,M,MW,N
12174,464.36,N,Elder,M,17,A,PURPLE,N,NE,N
12175,396.65,N,Young,F,16,A,INDIGO,N,NE,N
12176,440.66,N,Elder,M,16,A,PURPLE,N,NE,N
12177,1016.71,N,Elder,M,20,B,MAGENTA,N,NW,N
12178,1147.39,N,Elder,M,19,C,INDIGO,S,SW,N
12179,599.98,N,Elder,F,14,B,MAGENTA,S,SE,Y
12180,680.86,Y,Elder,M,16,B,BROWN,M,MW,Y
12181,276.14,N,Elder,F,13,A,MAGENTA,N,NE,N
12182,875.82,N,Elder,M,18,A,INDIGO,N,NW,N
12183,588.26,N,Elder,M,19,A,INDIGO,M,MW,N
12184,821.75,N,Elder,M,18,B,MAGENTA,S,SW,N
12185,853.02,N,Elder,F,14,A,BROWN,N,NE,Y
12186,491.23,Y,Young,F,12,B,MAGENTA,M,MW,N
12187,562.23,N,Elder,M,17,A,BROWN,N,NE,Y
12188,733.43,N,Elder,F,12,C,INDIGO,N,NW,Y
12189,1040.43,N,Elder,M,19,B,BROWN,M,MW,Y
12190,822.82,N,Elder,M,19,B,BROWN,N,NW,N
12191,335.92,N,Elder,M,10,B,BROWN,M,ME,Y
12192,708.35,N,Elder,M,20,A,MAGENTA,N,NW,N
12193,822.76,N,Elder,M,20,A,INDIGO,S,SE,N
12194,1112.57,N,Elder,M,15,C,BROWN,N,NW,Y
12195,549.83,N,Elder,M,14,B,BROWN,N,NW,Y
12196,1004.09,N,Elder,F,17,C,BROWN,S,SE,Y
12197,833.85,N,Elder,M,19,B,INDIGO,N,NE,Y
12198,356.67,N,Elder,M,15,A,INDIGO,N,NW,N
12199,437.03,N,Elder,M,16,A,MAGENTA,M,ME,N
12200,1244.73,N,Elder,M,16,D,BROWN,M,MW,Y
12201,691.13,N,Elder,M,15,B,PURPLE,N,NW,N
12202,843.75,N,Elder,F,13,C,BROWN,S,SE,Y
12203,695.12,Y,Elder,F,12,B,BROWN,M,ME,Y
12204,1559.17,Y,Young,M,16,B,MAGENTA,S,SE,Y
12205,437.9,N,Elder,M,13,A,BROWN,N,NW,N
12206,446.76,N,Elder,F,15,A,BROWN,N,NE,Y
12207,232.7,N,Elder,M,13,A,BROWN,N,NE,Y
12208,1243.19,Y,Elder,F,15,D,BROWN,N,NW,Y
12209,519.75,N,Elder,M,18,A,BROWN,S,SW,Y
12210,1799.32,Y,Elder,M,20,C,INDIGO,N,NW,N
12211,1342.97,N,Elder,F,13,B,INDIGO,N,NE,Y
12212,658.01,N,Elder,F,16,B,BROWN,S,SW,Y
12213,612.16,N,Elder,M,15,B,BROWN,N,NW,N
12214,338.83,N,Elder,F,10,B,PURPLE,N,NW,N
12215,573.48,N,Elder,F,14,B,INDIGO,S,SE,N
12216,879.95,N,Elder,F,18,B,MAGENTA,N,NE,N
12217,1635.19,N,Young,M,19,C,INDIGO,M,ME,N
12218,805.17,N,Elder,M,21,A,BROWN,M,MW,Y
12219,521.87,N,Elder,M,14,A,BROWN,M,MW,N
12220,609.7,N,Elder,M,15,B,MAGENTA,N,NW,N
12221,528.81,N,Elder,F,18,A,BROWN,M,MW,Y
12222,450.65,N,Elder,F,15,A,BROWN,N,NE,Y
12223,1189.69,N,Elder,F,20,C,INDIGO,N,NE,N
12224,487.78,N,Elder,F,12,A,PURPLE,M,MW,N
12225,784.17,N,Elder,M,18,B,BROWN,M,MW,Y
12226,1056.6,N,Elder,M,16,B,INDIGO,M,ME,N
12227,1315.09,N,Young,M,20,C,INDIGO,N,NW,N
12228,810.94,N,Elder,M,15,B,INDIGO,S,SE,Y
12229,820.06,N,Elder,M,19,B,BROWN,M,MW,Y
12230,491.45,N,Elder,F,12,B,BROWN,S,SE,Y
12231,801.66,N,Elder,M,16,A,MAGENTA,N,NE,N
12232,1006.99,N,Elder,F,16,C,MAGENTA,M,MW,N
12233,357.05,N,Young,M,15,A,INDIGO,M,ME,N
12234,1161.27,N,Elder,M,16,B,INDIGO,S,SW,N
12235,723.5,N,Young,F,14,B,INDIGO,N,NE,N
12236,633.9,N,Elder,M,14,A,BROWN,M,MW,Y
12237,874.94,Y,Elder,M,19,B,INDIGO,N,NE,N
12238,845,N,Elder,M,14,C,BROWN,M,ME,N
12239,679.17,N,Elder,M,15,B,MAGENTA,S,SW,Y
12240,852.03,N,Elder,F,17,B,PURPLE,S,SW,N
12241,1249.15,N,Young,M,13,B,BROWN,M,MW,Y
12242,563.18,N,Elder,M,18,A,BROWN,S,SE,N
12243,543.54,N,Elder,M,18,A,MAGENTA,N,NW,N
12244,294.11,N,Elder,M,14,A,INDIGO,S,SW,N
12245,768.38,N,Elder,M,15,B,BROWN,N,NE,Y
12246,807.6,N,Elder,M,23,A,INDIGO,N,NE,Y
12247,845.55,N,Elder,F,19,B,INDIGO,S,SE,N
12248,1201.89,N,Elder,F,14,D,MAGENTA,S,SW,N
12249,1125.6,Y,Young,M,18,C,BROWN,S,SW,Y
12250,1469.55,N,Elder,F,18,B,INDIGO,S,SE,N
12251,986.87,N,Elder,M,17,C,MAGENTA,S,SW,N
12252,1268.67,N,Elder,M,17,D,MAGENTA,N,NW,Y
12253,607.42,N,Elder,M,12,B,INDIGO,N,NW,Y
12254,1121.44,N,Elder,M,12,C,BROWN,N,NE,N
12255,725.06,N,Elder,M,17,B,MAGENTA,N,NE,N
12256,1233.98,N,Elder,M,16,D,BROWN,M,MW,Y
12257,1213.32,N,Elder,M,19,C,INDIGO,N,NW,Y
12258,584.08,N,Elder,F,14,B,INDIGO,M,ME,Y
12259,757.02,Y,Elder,F,17,B,BROWN,S,SE,N
12260,486.8,N,Elder,M,16,A,BROWN,M,ME,Y
12261,633.69,N,Elder,M,14,B,MAGENTA,N,NE,N
12262,634.55,N,Elder,M,15,B,BROWN,M,MW,Y
12263,1102.75,N,Elder,F,15,B,INDIGO,S,SE,Y
12264,1500.07,N,Elder,M,18,C,INDIGO,M,MW,N
12265,280.64,N,Elder,F,12,A,INDIGO,N,NE,N
12266,828.62,N,Young,F,13,B,BROWN,S,SE,Y
12267,1176.13,N,Elder,M,20,C,BROWN,S,SE,N
12268,790.73,N,Elder,M,18,B,BROWN,S,SE,Y
12269,1186.59,N,Elder,M,16,B,INDIGO,S,SW,N
12270,510.21,N,Elder,M,13,B,INDIGO,M,ME,Y
12271,426.19,Y,Elder,F,16,A,MAGENTA,M,ME,Y
12272,663.66,N,Elder,M,15,B,MAGENTA,M,ME,N
12273,676.15,N,Elder,M,16,B,INDIGO,N,NW,Y
12274,1109.12,N,Elder,F,13,D,INDIGO,M,ME,N
12275,610.76,N,Elder,M,13,A,INDIGO,N,NE,N
12276,251.01,N,Elder,M,11,A,MAGENTA,M,ME,Y
12277,1210.05,N,Elder,F,13,D,INDIGO,N,NW,N
12278,415.54,N,Elder,M,16,A,MAGENTA,N,NW,Y
12279,966.03,N,Elder,F,15,C,INDIGO,M,ME,Y
12280,357.28,N,Elder,M,15,A,BROWN,M,MW,Y
12281,639.52,N,Elder,F,18,A,INDIGO,S,SW,Y
12282,674.62,N,Young,F,16,B,BROWN,N,NW,Y
12283,749.23,Y,Elder,M,17,B,BROWN,M,MW,Y
12284,1104.84,N,Elder,M,20,B,MAGENTA,N,NW,N
12285,1139.36,N,Elder,M,18,B,MAGENTA,M,ME,N
12286,430.48,N,Elder,M,16,A,BROWN,S,SE,N
12287,719.5,N,Elder,F,11,C,MAGENTA,M,ME,N
12288,804.08,N,Elder,M,13,C,INDIGO,S,SW,Y
12289,309.93,N,Elder,F,14,A,INDIGO,S,SE,Y
12290,974.04,N,Elder,F,15,C,MAGENTA,S,SW,N
12291,602.92,N,Elder,M,15,B,INDIGO,N,NW,Y
12292,915.91,N,Elder,M,18,B,INDIGO,S,SW,Y
12293,1391.4,N,Elder,M,17,C,BROWN,M,MW,Y
12294,380.47,N,Elder,F,15,A,INDIGO,M,MW,Y
12295,1368.12,N,Elder,M,18,C,BROWN,M,ME,Y
12296,530.86,N,Elder,M,17,A,MAGENTA,N,NW,N
12297,717.84,N,Elder,M,14,B,BROWN,M,ME,Y
12298,712.73,N,Elder,M,16,A,BROWN,N,NW,N
12299,706.95,N,Elder,M,17,A,BROWN,S,SE,Y
12300,1157.21,N,Elder,M,15,C,MAGENTA,N,NW,N
12301,461.48,N,Elder,F,16,A,PURPLE,N,NW,N
12302,559.54,N,Elder,F,15,A,MAGENTA,M,ME,N
12303,854.38,N,Elder,M,20,A,PURPLE,M,ME,N
12304,658.12,N,Elder,F,16,B,BROWN,N,NE,Y
12305,1175.4,N,Elder,M,13,C,BROWN,N,NE,N
12306,1327.86,N,Elder,M,22,B,BROWN,M,MW,N
12307,1123.75,N,Elder,F,18,C,BROWN,N,NW,Y
12308,891.68,N,Elder,M,20,B,BROWN,M,ME,Y
12309,723.05,N,Elder,M,16,B,INDIGO,N,NW,Y
12310,1259.84,N,Elder,M,16,D,BROWN,S,SE,N
12311,1405.93,N,Elder,M,19,D,INDIGO,N,NW,N
12312,519.99,N,Elder,M,16,A,INDIGO,M,MW,N
12313,1514.02,N,Elder,F,18,B,INDIGO,N,NW,Y
12314,1105.94,N,Elder,F,14,D,BROWN,M,ME,Y
12315,840.39,N,Elder,M,19,B,INDIGO,M,ME,Y
12316,436.07,N,Elder,F,15,A,BROWN,M,ME,Y
12317,1387.57,N,Elder,M,18,C,MAGENTA,N,NE,Y
12318,421.97,N,Young,M,11,A,MAGENTA,M,ME,N
12319,1256.17,N,Elder,M,19,C,BROWN,M,ME,Y
12320,1063.6,N,Elder,F,15,C,PURPLE,M,ME,N
12321,782.79,N,Elder,M,17,B,INDIGO,M,MW,N
12322,248.96,N,Elder,M,13,A,BROWN,N,NW,Y
12323,517.69,N,Elder,F,18,A,INDIGO,S,SW,Y
12324,486.84,N,Elder,M,18,A,INDIGO,S,SW,Y
12325,1157.8,N,Elder,M,20,C,INDIGO,S,SE,N
12326,1330.21,N,Elder,M,18,D,INDIGO,M,ME,N
12327,743.05,N,Elder,F,13,A,MAGENTA,N,NE,Y
12328,729.08,N,Young,M,17,B,BROWN,N,NE,Y
12329,860.7,N,Young,M,14,C,INDIGO,N,NW,Y
12330,554.23,N,Elder,M,18,A,PURPLE,S,SE,N
12331,439.32,N,Elder,F,17,A,INDIGO,S,SE,Y
12332,1348.76,N,Elder,F,16,D,PURPLE,N,NW,N
12333,772.08,N,Elder,F,14,B,INDIGO,M,MW,Y
12334,1373.08,N,Elder,M,18,D,PURPLE,M,MW,N
12335,495.54,N,Elder,F,13,B,INDIGO,N,NW,Y
12336,1036.14,N,Elder,M,17,C,INDIGO,N,NW,Y
12337,479.24,N,Elder,F,15,A,BROWN,N,NW,Y
12338,806.94,N,Elder,M,16,B,INDIGO,M,MW,Y
12339,454.18,N,Elder,F,12,B,INDIGO,N,NE,N
12340,887.11,N,Elder,F,16,B,INDIGO,S,SE,N
12341,878.44,N,Elder,F,18,B,BROWN,N,NW,Y
12342,1074.11,N,Elder,M,17,C,MAGENTA,M,MW,Y
12343,1476.19,Y,Elder,M,16,D,MAGENTA,S,SW,Y
12344,1147.42,N,Elder,F,22,B,MAGENTA,N,NE,N
12345,1021.43,N,Elder,M,17,C,MAGENTA,M,MW,N
12346,1394.65,N,Elder,F,17,A,BROWN,N,NW,Y
12347,548.78,N,Elder,M,14,A,BROWN,N,NE,Y
12348,801.02,N,Elder,F,16,B,BROWN,N,NE,Y
12349,793.23,N,Elder,M,14,B,BROWN,N,NW,N
12350,496.94,N,Elder,F,17,A,BROWN,N,NE,Y
12351,774.62,N,Elder,M,17,B,INDIGO,S,SW,N
12352,1413.21,N,Elder,M,22,C,INDIGO,M,ME,N
12353,444.08,N,Elder,M,16,A,INDIGO,S,SW,Y
12354,610.22,N,Elder,M,20,A,BROWN,M,ME,Y
12355,916.21,Y,Elder,M,15,C,BROWN,N,NE,Y
12356,675.72,N,Elder,M,16,B,BROWN,M,ME,Y
12357,976.13,N,Young,F,14,C,INDIGO,N,NW,N
12358,550.55,N,Elder,M,17,A,MAGENTA,M,ME,Y
12359,582.11,N,Elder,M,17,A,BROWN,N,NE,Y
12360,1354.42,N,Elder,M,21,C,MAGENTA,M,ME,N
12361,529.47,N,Elder,F,16,A,INDIGO,M,ME,Y
12362,506.91,Y,Elder,M,17,A,INDIGO,M,ME,N
12363,678.41,N,Elder,F,16,B,PURPLE,S,SW,N
12364,513.13,N,Elder,M,17,A,INDIGO,N,NE,N
12365,857.06,N,Elder,F,13,C,MAGENTA,M,ME,Y
12366,978.73,N,Elder,F,19,B,MAGENTA,N,NW,N
12367,1036.57,N,Elder,M,15,C,INDIGO,S,SE,Y
12368,1018.66,Y,Elder,F,19,B,MAGENTA,M,MW,Y
12369,799.71,N,Elder,M,14,B,BROWN,M,ME,N
12370,339.16,N,Elder,F,15,A,BROWN,M,ME,Y
12371,342.21,N,Elder,F,14,A,BROWN,N,NE,Y
12372,934.38,N,Elder,F,15,C,BROWN,S,SE,Y
12373,678.9,N,Elder,M,16,B,BROWN,M,MW,Y
12374,888.13,N,Elder,F,16,B,MAGENTA,N,NW,Y
12375,1192.32,N,Elder,F,16,B,INDIGO,N,NE,Y
12376,760.15,Y,Elder,M,16,B,BROWN,N,NE,Y
12377,861.45,N,Elder,F,16,B,MAGENTA,M,MW,N
12378,554.07,N,Elder,M,18,A,MAGENTA,N,NW,N
12379,1329.85,N,Elder,M,18,C,INDIGO,M,MW,Y
12380,231.27,N,Elder,F,13,A,BROWN,S,SE,N
12381,831.79,N,Elder,F,13,C,BROWN,N,NE,Y
12382,1082.04,N,Elder,M,14,C,BROWN,N,NW,Y
12383,1012.63,N,Elder,M,17,C,INDIGO,M,MW,Y
12384,828.69,N,Elder,F,17,B,MAGENTA,M,MW,N
12385,782.89,N,Elder,M,18,B,BROWN,M,MW,Y
12386,699.29,N,Elder,F,15,B,MAGENTA,M,ME,Y
12387,973.78,N,Elder,M,19,B,BROWN,N,NE,N
12388,427.87,N,Elder,M,15,A,BROWN,M,MW,N
12389,814.2,N,Elder,M,19,B,MAGENTA,M,ME,Y
12390,797.72,N,Elder,M,16,B,BROWN,S,SE,Y
12391,718.24,N,Elder,M,21,A,MAGENTA,N,NE,Y
12392,921.07,N,Elder,M,20,B,MAGENTA,N,NW,N
12393,230.12,N,Elder,M,13,A,BROWN,M,ME,Y
12394,369.4,N,Elder,M,15,A,BROWN,M,MW,Y
12395,1302.23,N,Elder,M,19,C,INDIGO,M,ME,N
12396,438.89,N,Elder,F,11,B,BROWN,S,SW,Y
12397,511.32,N,Elder,F,13,B,MAGENTA,N,NW,N
12398,978.29,N,Elder,M,18,B,BROWN,N,NE,Y
12399,998.22,N,Elder,M,11,C,BROWN,M,ME,Y
12400,737.32,N,Elder,M,17,A,MAGENTA,M,ME,N
12401,427.12,N,Elder,F,11,B,BROWN,M,MW,Y
12402,1123.46,N,Elder,M,17,C,MAGENTA,M,ME,Y
12403,968.06,N,Elder,M,16,C,INDIGO,N,NE,N
12404,1293.84,N,Elder,F,16,C,PURPLE,N,NW,N
12405,476.51,N,Elder,F,12,B,INDIGO,S,SW,N
12406,1241.01,N,Elder,F,18,A,BROWN,S,SW,Y
12407,447.45,N,Elder,F,16,A,BROWN,M,ME,Y
12408,893.98,N,Elder,F,15,C,INDIGO,N,NE,N
12409,1019.08,N,Elder,F,16,C,BROWN,M,MW,Y
12410,1546.47,N,Elder,M,20,C,BROWN,N,NE,Y
12411,518.32,Y,Elder,M,18,A,BROWN,M,MW,Y
12412,561.62,N,Elder,F,13,B,BROWN,N,NW,N
12413,1250.84,N,Elder,M,17,D,BROWN,N,NW,Y
12414,1043.3,Y,Elder,F,17,C,BROWN,N,NW,Y
12415,715.87,N,Elder,M,17,B,INDIGO,M,MW,Y
12416,747.11,N,Elder,M,15,B,INDIGO,S,SW,Y
12417,321.32,N,Elder,F,15,A,BROWN,M,ME,Y
12418,713.53,Y,Elder,F,17,B,BROWN,N,NE,Y
12419,1365.33,N,Elder,F,19,D,INDIGO,S,SW,Y
12420,485.95,Y,Elder,M,16,A,BROWN,S,SW,Y
12421,603.2,N,Elder,M,15,B,BROWN,M,MW,Y
12422,646.12,N,Elder,M,11,A,INDIGO,N,NW,N
12423,876.68,N,Elder,F,16,B,MAGENTA,S,SW,N
12424,568.86,N,Elder,F,14,B,INDIGO,M,MW,Y
12425,402.87,Y,Elder,F,16,A,MAGENTA,S,SE,Y
12426,459.64,N,Elder,M,16,A,BROWN,N,NE,Y
12427,397.18,N,Elder,M,15,A,BROWN,S,SW,Y
12428,1614.14,N,Elder,M,18,D,PURPLE,S,SE,N
12429,465.5,N,Elder,M,16,A,INDIGO,M,MW,Y
12430,1202.29,N,Elder,M,20,C,MAGENTA,M,ME,N
12431,1348.76,N,Elder,M,17,C,BROWN,M,MW,Y
12432,1663.25,N,Elder,F,19,B,MAGENTA,N,NW,N
12433,622.52,N,Elder,M,15,A,BROWN,M,MW,Y
12434,713.29,N,Elder,M,11,C,INDIGO,M,ME,N
12435,941.18,N,Young,M,15,C,INDIGO,M,MW,Y
12436,670.3,Y,Elder,M,15,B,BROWN,N,NW,Y
12437,720.26,N,Elder,M,17,B,BROWN,M,ME,N
12438,751.31,N,Elder,M,16,A,BROWN,N,NE,Y
12439,708.1,N,Elder,F,18,A,INDIGO,M,MW,N
12440,780.26,N,Elder,M,15,B,BROWN,N,NE,Y
12441,421.76,N,Young,M,16,A,MAGENTA,S,SE,N
12442,1253.96,N,Elder,M,19,B,PURPLE,M,ME,N
12443,892.01,N,Elder,M,15,B,MAGENTA,S,SE,N
12444,1898.25,N,Elder,M,19,B,BROWN,S,SW,Y
12445,1132.51,N,Elder,M,15,C,MAGENTA,S,SE,N
12446,666.63,N,Elder,M,16,B,BROWN,S,SE,N
12447,570.36,N,Elder,F,17,A,BROWN,M,ME,Y
12448,327.93,N,Elder,M,11,A,PURPLE,M,ME,N
12449,507.78,N,Elder,M,13,B,INDIGO,S,SE,N
12450,882.73,Y,Young,M,18,B,INDIGO,S,SW,Y
12451,602.32,N,Elder,M,15,B,MAGENTA,S,SW,N
12452,1322.46,N,Elder,F,21,B,BROWN,M,MW,N
12453,743.05,N,Elder,M,15,B,BROWN,N,NE,Y
12454,709.52,N,Elder,M,16,B,PURPLE,M,MW,N
12455,737.7,N,Elder,M,17,B,BROWN,N,NW,N
12456,539.48,N,Elder,F,13,B,MAGENTA,S,SE,N
12457,472.66,Y,Elder,F,15,A,MAGENTA,N,NE,Y
12458,1017.53,N,Elder,F,12,D,BROWN,S,SW,Y
12459,969.67,N,Elder,M,17,B,BROWN,S,SE,Y
12460,291.24,N,Young,F,14,A,BROWN,M,ME,Y
12461,1194.93,N,Elder,F,19,C,BROWN,N,NW,Y
12462,256.85,N,Elder,F,13,A,INDIGO,S,SW,N
12463,932.59,N,Elder,M,16,B,BROWN,N,NW,Y
12464,1587.12,N,Elder,M,14,B,BROWN,N,NW,Y
12465,1144.17,N,Elder,F,17,C,PURPLE,M,MW,N
12466,662.58,N,Elder,F,16,B,INDIGO,M,ME,N
12467,1175.64,N,Elder,F,20,C,BROWN,N,NW,Y
12468,406.21,N,Elder,F,10,B,BROWN,N,NE,Y
12469,756.35,N,Elder,F,14,B,BROWN,N,NW,Y
12470,886.49,N,Young,F,12,A,INDIGO,N,NW,N
12471,441.86,N,Elder,M,16,A,INDIGO,S,SE,N
12472,431.44,N,Elder,M,16,A,INDIGO,M,MW,Y
12473,577.29,N,Elder,F,18,A,MAGENTA,S,SE,Y
12474,833.65,N,Elder,M,18,B,INDIGO,N,NE,N
12475,548.15,Y,Elder,M,12,B,BROWN,M,MW,Y
12476,721.1,N,Elder,F,17,B,MAGENTA,M,MW,N
12477,869.63,N,Elder,F,13,B,INDIGO,S,SW,Y
12478,844.18,N,Elder,F,14,C,INDIGO,M,ME,N
12479,664.33,N,Elder,F,14,B,INDIGO,M,MW,N
12480,1139.87,N,Elder,M,20,B,MAGENTA,M,ME,N
12481,813.45,N,Elder,M,16,B,BROWN,S,SE,Y
12482,191.2,N,Elder,F,11,A,MAGENTA,S,SE,N
12483,822.78,N,Elder,M,18,B,INDIGO,M,MW,Y
12484,956.23,N,Elder,F,21,B,INDIGO,S,SE,N
12485,1136.36,N,Elder,M,18,A,INDIGO,M,MW,N
12486,386.93,N,Elder,F,16,A,BROWN,M,ME,Y
12487,521.78,N,Elder,M,13,B,MAGENTA,N,NW,N
12488,1478.69,N,Elder,F,16,D,BROWN,S,SE,Y
12489,967.44,Y,Elder,F,14,C,INDIGO,N,NW,Y
12490,967.51,Y,Elder,M,19,B,MAGENTA,N,NE,Y
12491,552.05,N,Elder,M,14,B,INDIGO,N,NE,N
12492,842.95,Y,Elder,F,14,C,BROWN,S,SE,Y
12493,449.09,N,Elder,M,17,A,INDIGO,M,MW,Y
12494,838.49,N,Elder,F,19,B,BROWN,M,MW,Y
12495,1031.26,N,Elder,F,19,B,INDIGO,M,ME,N
12496,1658.94,N,Elder,M,19,C,BROWN,M,ME,Y
12497,1565.08,N,Elder,M,18,C,BROWN,S,SE,Y
12498,823.45,N,Elder,F,19,B,MAGENTA,M,MW,N
12499,788.35,N,Elder,F,13,C,BROWN,N,NW,Y
12500,355.79,Y,Young,F,15,A,INDIGO,M,MW,Y
12501,992,N,Elder,F,19,B,MAGENTA,M,ME,Y
12502,601.37,N,Elder,F,15,B,BROWN,M,ME,Y
12503,852.19,N,Elder,M,15,B,BROWN,N,NW,N
12504,158.43,Y,Young,M,11,A,BROWN,N,NW,Y
12505,1561.23,N,Elder,F,20,C,BROWN,S,SW,Y
12506,886.85,N,Elder,M,18,B,INDIGO,S,SE,N
12507,680.18,N,Elder,M,15,B,MAGENTA,M,MW,N
12508,668.96,N,Elder,M,16,B,INDIGO,S,SW,Y
12509,1824.8,N,Elder,M,19,D,BROWN,N,NW,N
12510,620.88,N,Elder,F,15,B,BROWN,N,NE,Y
12511,793.45,Y,Young,F,14,A,MAGENTA,N,NW,N
12512,343.94,N,Elder,F,15,A,BROWN,N,NW,Y
12513,653.99,N,Elder,M,15,B,BROWN,M,MW,Y
12514,1354.16,Y,Elder,M,20,B,INDIGO,N,NE,Y
12515,702.2,N,Elder,F,14,B,BROWN,M,ME,Y
12516,901.51,N,Elder,M,18,B,MAGENTA,N,NE,Y
12517,543.35,N,Elder,M,18,A,INDIGO,M,ME,Y
12518,1515.27,N,Elder,M,21,D,BROWN,N,NW,Y
12519,356.95,N,Young,M,14,A,PURPLE,S,SW,N
12520,1000.06,N,Elder,M,21,B,BROWN,M,ME,Y
12521,858.63,N,Elder,M,17,B,INDIGO,M,ME,Y
12522,569.24,N,Elder,M,17,A,MAGENTA,S,SE,N
12523,599.78,N,Elder,F,14,B,INDIGO,N,NW,Y
12524,1274.31,N,Elder,M,21,C,BROWN,S,SW,Y
12525,563.06,N,Elder,F,16,A,BROWN,M,ME,Y
12526,1198.32,N,Elder,M,18,B,INDIGO,S,SE,N
12527,1249.76,N,Elder,F,16,C,INDIGO,N,NE,Y
12528,1051.61,N,Elder,M,12,C,INDIGO,N,NW,N
12529,628.29,N,Elder,F,15,B,BROWN,S,SW,N
12530,951.54,N,Elder,F,16,C,INDIGO,M,ME,Y
12531,862.41,N,Elder,M,13,C,INDIGO,N,NW,Y
12532,263.28,N,Elder,F,13,A,MAGENTA,N,NW,Y
12533,427.48,N,Elder,M,16,A,BROWN,S,SE,Y
12534,563.64,Y,Elder,M,13,B,INDIGO,N,NW,Y
12535,715.36,N,Elder,F,19,A,INDIGO,M,ME,Y
12536,1289.5,N,Elder,F,16,A,MAGENTA,N,NE,N
12537,981.41,N,Elder,M,14,C,MAGENTA,N,NE,Y
12538,763.92,N,Elder,F,15,B,INDIGO,S,SW,N
12539,973.44,N,Elder,M,18,B,INDIGO,M,ME,N
12540,416.09,N,Elder,F,14,A,INDIGO,M,MW,Y
12541,331.15,Y,Elder,M,15,A,BROWN,N,NW,Y
12542,1296.47,N,Elder,M,19,C,BROWN,S,SE,N
12543,329.65,N,Elder,M,15,A,MAGENTA,M,MW,N
12544,1192.35,N,Elder,F,14,D,INDIGO,M,ME,N
12545,889.42,N,Elder,F,18,B,BROWN,M,MW,Y
12546,518.52,N,Elder,F,16,A,BROWN,S,SW,Y
12547,757.16,Y,Elder,F,13,B,MAGENTA,N,NW,Y
12548,2645,N,Elder,F,23,C,PURPLE,N,NE,N
12549,878.82,N,Elder,F,17,A,BROWN,N,NW,Y
12550,1014.44,N,Elder,M,14,B,INDIGO,N,NE,N
12551,768.07,Y,Young,F,11,C,MAGENTA,S,SE,Y
12552,834.89,N,Elder,M,14,C,BROWN,N,NE,N
12553,227.01,N,Elder,F,13,A,BROWN,N,NE,Y
12554,615.68,N,Elder,M,15,B,INDIGO,M,ME,N
12555,395.65,N,Elder,F,16,A,BROWN,M,MW,Y
12556,793.77,Y,Elder,M,13,C,INDIGO,N,NE,Y
12557,398.13,N,Elder,M,14,A,BROWN,N,NW,Y
12558,1029.55,N,Elder,M,16,B,INDIGO,M,MW,N
12559,285,N,Elder,F,12,A,BROWN,S,SW,N
12560,709.07,N,Elder,M,19,A,BROWN,N,NW,Y
12561,1662.44,N,Young,M,24,D,MAGENTA,N,NW,N
12562,1084.82,N,Elder,M,17,B,INDIGO,M,ME,N
12563,2411.51,N,Elder,F,20,C,INDIGO,S,SW,Y
12564,1575.87,N,Elder,M,20,C,BROWN,N,NE,Y
12565,813.91,N,Elder,M,13,C,MAGENTA,S,SW,Y
12566,777.4,N,Elder,M,17,B,BROWN,N,NE,Y
12567,697.6,N,Elder,F,16,B,BROWN,S,SE,Y
12568,1065.31,N,Young,M,16,C,INDIGO,N,NE,N
12569,1695.61,Y,Elder,F,15,B,INDIGO,M,ME,Y
12570,781.34,N,Young,M,18,B,BROWN,S,SW,Y
12571,397.93,N,Elder,M,15,A,INDIGO,N,NE,Y
12572,947.77,N,Elder,M,21,B,BROWN,N,NW,N
12573,540.84,N,Elder,M,18,A,MAGENTA,N,NW,N
12574,1094.44,N,Elder,M,19,C,INDIGO,S,SW,Y
12575,543.98,N,Elder,F,12,B,MAGENTA,S,SW,N
12576,941.16,N,Elder,M,19,B,MAGENTA,N,NE,N
12577,510.93,N,Elder,M,17,A,MAGENTA,M,ME,N
12578,919.26,N,Elder,M,13,C,BROWN,N,NE,N
12579,768.54,N,Elder,M,22,A,INDIGO,S,SW,Y
12580,1219.49,N,Elder,M,23,B,BROWN,N,NW,N
12581,342.93,N,Elder,M,15,A,INDIGO,N,NE,N
12582,857.18,Y,Young,F,13,C,INDIGO,M,ME,Y
12583,296.32,N,Elder,F,14,A,INDIGO,S,SW,Y
12584,1077.8,N,Elder,F,18,B,MAGENTA,S,SW,Y
12585,1247.77,N,Elder,M,19,C,MAGENTA,S,SW,N
12586,757.11,N,Elder,M,17,B,INDIGO,M,ME,Y
12587,1258.46,N,Elder,M,17,D,PURPLE,N,NE,N
12588,827.77,N,Elder,M,14,C,BROWN,N,NW,Y
12589,1153.36,N,Elder,M,16,C,BROWN,M,ME,Y
12590,820.81,N,Elder,F,19,B,INDIGO,M,ME,Y
12591,897,Y,Elder,F,16,B,BROWN,S,SE,Y
12592,1115.92,N,Elder,M,19,A,BROWN,M,MW,Y
12593,513.84,Y,Young,M,12,B,INDIGO,N,NE,N
12594,755.96,N,Elder,F,12,C,MAGENTA,M,ME,N
12595,1132.38,N,Elder,M,18,C,INDIGO,S,SE,N
12596,904.01,N,Elder,M,14,B,BROWN,M,MW,N
12597,706.81,N,Elder,F,13,B,BROWN,M,ME,Y
12598,1059.06,N,Elder,M,17,C,BROWN,S,SE,N
12599,787.26,N,Elder,F,18,B,BROWN,S,SW,Y
12600,608.72,N,Elder,M,17,A,MAGENTA,M,ME,N
12601,840.21,N,Young,M,14,C,BROWN,M,ME,Y
12602,1056.23,N,Elder,M,18,A,BROWN,M,ME,Y
12603,772.06,N,Elder,F,14,B,INDIGO,S,SE,Y
12604,991.04,Y,Young,M,19,B,BROWN,N,NE,Y
12605,451.47,N,Elder,F,14,A,MAGENTA,M,MW,N
12606,813.68,Y,Young,F,16,B,BROWN,M,ME,Y
12607,1196.91,N,Elder,M,20,C,INDIGO,N,NE,Y
12608,666.77,N,Elder,F,15,B,INDIGO,M,MW,N
12609,1140.94,N,Elder,M,17,C,BROWN,N,NW,Y
12610,729.94,N,Elder,F,20,A,BROWN,M,ME,Y
12611,603.43,N,Elder,F,14,B,BROWN,N,NW,Y
12612,655.19,N,Elder,F,16,B,MAGENTA,S,SW,N
12613,773.89,N,Young,M,18,B,INDIGO,N,NW,N
12614,1228.59,Y,Young,F,15,C,INDIGO,N,NE,N
12615,960.89,N,Elder,M,15,B,MAGENTA,S,SW,N
12616,1129.35,N,Elder,F,17,C,BROWN,M,ME,N
12617,381.78,N,Elder,M,16,A,BROWN,S,SE,N
12618,305.33,N,Elder,M,13,A,INDIGO,M,ME,N
12619,262.64,N,Elder,M,12,A,BROWN,M,MW,Y
12620,416.06,N,Young,F,16,A,MAGENTA,S,SE,N
12621,475.62,N,Elder,F,14,A,INDIGO,N,NE,N
12622,1127.46,N,Elder,M,20,A,INDIGO,M,MW,N
12623,1878.01,N,Elder,M,15,C,INDIGO,M,ME,N
12624,633.11,N,Elder,F,14,B,BROWN,M,MW,Y
12625,896.72,N,Elder,F,18,A,MAGENTA,N,NE,N
12626,639.41,N,Elder,M,19,A,MAGENTA,N,NW,Y
12627,360.72,N,Elder,M,15,A,INDIGO,M,ME,N
12628,665.99,N,Elder,F,15,B,BROWN,S,SW,Y
12629,631.84,N,Elder,M,15,B,MAGENTA,M,MW,Y
12630,1529.86,N,Elder,F,14,C,MAGENTA,N,NE,N
12631,1143.11,N,Elder,M,17,C,BROWN,M,MW,N
12632,1407.01,N,Elder,F,22,C,MAGENTA,M,ME,N
12633,1210.89,N,Elder,M,16,B,INDIGO,S,SE,N
12634,945.37,N,Elder,M,13,B,MAGENTA,M,ME,N
12635,867.04,Y,Young,M,14,C,BROWN,N,NE,Y
12636,720.27,N,Elder,M,19,A,BROWN,M,MW,Y
12637,1007.68,N,Elder,F,20,B,INDIGO,M,MW,Y
12638,925.94,N,Elder,M,15,B,BROWN,S,SW,Y
12639,964.92,Y,Elder,M,16,C,MAGENTA,M,ME,N
12640,1923.76,N,Elder,F,18,B,MAGENTA,N,NW,N
12641,1003.07,N,Elder,F,15,A,MAGENTA,M,MW,N
12642,1218.28,N,Elder,F,20,B,BROWN,S,SW,N
12643,591.61,N,Elder,M,14,B,MAGENTA,M,ME,N
12644,483.75,N,Elder,F,15,A,BROWN,S,SW,N
12645,760.61,N,Elder,M,17,A,INDIGO,M,MW,Y
12646,608.42,Y,Elder,M,19,A,BROWN,S,SE,Y
12647,1243.48,N,Elder,F,19,C,INDIGO,S,SW,Y
12648,636.82,N,Elder,M,13,B,MAGENTA,N,NE,N
12649,941.65,N,Elder,F,21,A,BROWN,N,NW,N
12650,813.72,N,Elder,F,13,C,INDIGO,N,NW,N
12651,714.91,N,Elder,M,15,B,INDIGO,M,MW,Y
12652,581.87,N,Elder,F,18,A,INDIGO,S,SW,Y
12653,568.01,N,Elder,M,16,A,BROWN,S,SE,Y
12654,759.73,N,Young,M,19,A,MAGENTA,N,NW,N
12655,1276.57,N,Elder,M,16,D,BROWN,N,NW,Y
12656,1067.39,N,Elder,F,16,B,BROWN,N,NE,Y
12657,766.5,N,Elder,F,13,B,BROWN,N,NW,Y
12658,1350.01,N,Elder,M,16,D,INDIGO,N,NW,N
12659,1037.98,N,Elder,M,18,B,BROWN,M,ME,Y
12660,1098.13,N,Elder,M,16,C,MAGENTA,S,SW,N
12661,953.01,Y,Elder,M,18,B,INDIGO,N,NE,Y
12662,413.08,N,Elder,M,16,A,INDIGO,N,NE,Y
12663,808.64,N,Elder,M,17,B,INDIGO,S,SW,Y
12664,472.08,N,Elder,M,16,A,MAGENTA,N,NE,N
12665,1161.86,N,Elder,F,20,C,MAGENTA,N,NE,N
12666,1095.99,N,Elder,F,13,D,PURPLE,S,SE,N
12667,942.35,N,Elder,F,16,A,INDIGO,N,NW,N
12668,834.19,N,Elder,M,16,B,BROWN,S,SW,Y
12669,412.98,N,Elder,F,15,A,MAGENTA,N,NE,N
12670,851.54,Y,Elder,F,18,B,INDIGO,S,SE,N
12671,958.47,N,Elder,M,20,B,INDIGO,N,NW,N
12672,1049.92,N,Elder,M,16,C,PURPLE,S,SE,N
12673,547.77,Y,Young,F,15,A,BROWN,M,MW,Y
12674,1385.42,N,Elder,M,20,B,BROWN,N,NW,Y
12675,465.14,Y,Elder,F,16,A,INDIGO,N,NW,Y
12676,666.28,Y,Elder,F,15,B,BROWN,N,NE,Y
12677,398.07,N,Elder,M,16,A,INDIGO,N,NE,N
12678,556.72,N,Elder,M,14,B,MAGENTA,M,ME,Y
12679,532.83,N,Young,F,12,B,INDIGO,M,MW,N
12680,1096.24,N,Elder,F,19,C,BROWN,S,SW,Y
12681,765.48,Y,Elder,F,18,B,MAGENTA,M,ME,Y
12682,884.25,N,Elder,F,18,B,PURPLE,M,ME,N
12683,1150.34,N,Elder,M,20,C,INDIGO,S,SW,Y
12684,663.75,N,Elder,F,13,A,INDIGO,N,NE,N
12685,625.08,N,Elder,F,20,A,MAGENTA,M,ME,N
12686,366.68,N,Elder,M,15,A,BROWN,S,SE,Y
12687,1497.33,Y,Elder,F,15,C,BROWN,S,SE,Y
12688,1440.18,Y,Young,F,20,D,BROWN,S,SW,Y
12689,982.53,N,Elder,F,16,C,INDIGO,M,MW,Y
12690,279.49,N,Elder,M,14,A,PURPLE,S,SE,N
12691,260.21,N,Elder,F,13,A,BROWN,M,MW,Y
12692,768.27,N,Elder,F,17,B,INDIGO,N,NW,Y
12693,579,Y,Elder,M,14,A,BROWN,M,MW,Y
12694,730.28,Y,Young,F,14,A,BROWN,M,ME,Y
12695,468.68,N,Young,F,12,B,INDIGO,M,ME,N
12696,300.21,Y,Elder,F,13,A,INDIGO,N,NW,N
12697,733.37,N,Elder,M,17,B,BROWN,S,SW,Y
12698,1167.33,N,Elder,M,17,B,INDIGO,N,NE,Y
12699,834.02,N,Elder,F,15,B,BROWN,N,NW,Y
12700,446.73,N,Elder,F,16,A,BROWN,N,NW,N
12701,934.51,N,Elder,F,14,B,MAGENTA,N,NW,Y
12702,705.03,N,Elder,F,17,B,INDIGO,N,NE,N
12703,933.53,Y,Young,M,15,B,INDIGO,N,NE,N
12704,750.79,N,Elder,M,13,B,INDIGO,S,SE,N
12705,742.63,N,Elder,F,16,B,INDIGO,M,MW,Y
12706,556.86,N,Elder,M,19,A,MAGENTA,M,ME,N
12707,413.18,N,Elder,F,16,A,INDIGO,S,SE,Y
12708,299.19,Y,Elder,M,13,A,PURPLE,N,NE,N
12709,494.19,N,Young,M,17,A,BROWN,M,MW,Y
12710,760.2,N,Elder,M,16,B,MAGENTA,M,MW,N
12711,908.3,N,Elder,M,17,B,INDIGO,M,ME,Y
12712,389.1,N,Elder,M,15,A,BROWN,M,MW,Y
12713,523.35,N,Elder,M,13,B,MAGENTA,M,MW,N
12714,678.42,N,Elder,M,15,B,BROWN,M,MW,Y
12715,1050.47,N,Elder,F,16,C,INDIGO,N,NW,N
12716,454.28,N,Elder,M,12,B,INDIGO,M,MW,N
12717,790.66,N,Elder,M,17,A,INDIGO,N,NE,N
12718,735.06,N,Elder,M,16,B,INDIGO,M,MW,Y
12719,456.57,N,Elder,M,17,A,INDIGO,N,NW,Y
12720,969.23,N,Elder,M,16,C,INDIGO,N,NE,N
12721,827.11,N,Elder,M,15,B,MAGENTA,S,SW,Y
12722,972.89,N,Elder,F,15,C,INDIGO,N,NE,N
12723,471.62,N,Young,M,14,A,BROWN,N,NW,Y
12724,550.81,N,Elder,M,19,A,MAGENTA,N,NE,N
12725,844.4,N,Elder,M,17,B,MAGENTA,N,NW,N
12726,935.82,N,Elder,F,21,B,MAGENTA,N,NE,N
12727,668.44,N,Elder,F,12,B,BROWN,S,SE,Y
12728,443.58,N,Elder,M,16,A,BROWN,N,NE,Y
12729,1273.86,N,Young,M,21,B,INDIGO,N,NW,N
12730,387.47,N,Elder,M,13,A,BROWN,S,SW,Y
12731,391.87,N,Elder,M,14,A,BROWN,N,NW,Y
12732,1069.85,N,Elder,M,16,C,BROWN,M,MW,Y
12733,1153.35,N,Elder,F,19,C,MAGENTA,S,SW,N
12734,624.17,N,Elder,F,18,A,INDIGO,S,SW,N
12735,727.72,N,Elder,M,20,A,INDIGO,M,MW,Y
12736,1709.61,N,Elder,F,13,B,MAGENTA,M,ME,N
12737,646.84,N,Elder,M,14,B,INDIGO,M,MW,Y
12738,459.78,N,Elder,F,16,A,INDIGO,N,NE,Y
12739,899.89,N,Elder,F,17,B,INDIGO,N,NE,N
12740,846.89,Y,Elder,M,18,B,MAGENTA,M,MW,Y
12741,793.98,N,Elder,F,17,B,MAGENTA,M,MW,N
12742,445.64,N,Elder,M,17,A,PURPLE,M,MW,N
12743,1179.73,N,Elder,F,15,B,INDIGO,M,MW,N
12744,621.68,N,Elder,F,15,B,INDIGO,N,NW,Y
12745,1377.8,N,Elder,M,15,D,BROWN,M,ME,N
12746,1308.91,N,Elder,M,20,C,MAGENTA,M,ME,N
12747,705.07,N,Elder,F,16,A,INDIGO,S,SW,Y
12748,979.33,N,Elder,M,16,C,MAGENTA,M,MW,N
12749,746.96,N,Elder,M,17,B,BROWN,M,MW,N
12750,431.11,N,Elder,F,16,A,INDIGO,M,ME,Y
12751,829.24,N,Young,F,16,B,BROWN,N,NE,N
12752,839.77,N,Elder,F,15,B,MAGENTA,N,NW,N
12753,1111.4,N,Elder,M,15,C,INDIGO,M,ME,Y
12754,789.3,N,Elder,F,16,B,MAGENTA,M,ME,N
12755,796.03,Y,Young,M,19,A,BROWN,M,MW,Y
12756,489.13,N,Elder,M,14,A,BROWN,N,NW,N
12757,1568.15,N,Elder,M,19,D,MAGENTA,S,SE,N
12758,1152.94,N,Elder,M,19,B,PURPLE,M,MW,N
12759,617.77,N,Elder,F,13,B,BROWN,S,SE,Y
12760,670.98,N,Elder,M,15,B,MAGENTA,S,SE,Y
12761,576.55,N,Elder,M,15,A,INDIGO,N,NE,Y
12762,566.27,N,Elder,M,18,A,MAGENTA,N,NW,N
12763,456.05,N,Elder,M,17,A,MAGENTA,M,MW,N
12764,1905.71,Y,Elder,F,18,D,MAGENTA,N,NW,Y
12765,1073.44,N,Elder,F,13,B,BROWN,M,ME,N
12766,711.67,N,Elder,M,17,B,BROWN,N,NW,Y
12767,600.61,N,Elder,M,18,A,BROWN,N,NE,Y
12768,436.4,N,Elder,M,17,A,PURPLE,M,ME,N
12769,1414.08,Y,Elder,F,18,C,MAGENTA,M,ME,N
12770,923.9,N,Elder,M,18,B,BROWN,S,SW,Y
12771,848.06,N,Elder,F,18,B,MAGENTA,S,SE,N
12772,1122.62,N,Elder,F,18,C,MAGENTA,M,MW,N
12773,756.16,Y,Elder,M,17,A,BROWN,N,NE,N
12774,1449.37,N,Elder,M,18,B,BROWN,M,ME,Y
12775,1218.52,N,Elder,M,16,C,INDIGO,N,NW,Y
12776,588.33,N,Young,M,14,B,MAGENTA,N,NE,N
12777,1378.8,N,Elder,F,17,D,BROWN,N,NW,Y
12778,776.83,N,Elder,M,18,B,BROWN,M,MW,N
12779,869.78,N,Elder,F,14,A,BROWN,M,ME,Y
12780,1278.32,N,Elder,M,15,D,MAGENTA,S,SW,N
12781,857.36,N,Elder,M,19,B,BROWN,M,ME,Y
12782,1155.68,N,Elder,F,19,B,INDIGO,S,SE,N
12783,1035.3,N,Elder,M,18,A,BROWN,S,SW,N
12784,939.92,N,Young,F,19,B,PURPLE,N,NW,N
12785,260.77,N,Elder,M,13,A,BROWN,N,NW,Y
12786,890.49,N,Elder,M,16,B,BROWN,N,NE,Y
12787,409.37,N,Young,M,15,A,PURPLE,S,SW,N
12788,850.04,N,Young,M,14,C,INDIGO,S,SE,N
12789,871.57,Y,Elder,M,15,C,INDIGO,N,NW,Y
12790,1204.54,N,Elder,M,17,C,INDIGO,M,MW,N
12791,620.1,N,Elder,F,15,B,MAGENTA,N,NW,N
12792,442.72,N,Elder,F,15,A,BROWN,M,MW,Y
12793,558.76,Y,Young,M,14,B,BROWN,S,SW,N
12794,1462.5,N,Elder,F,17,C,INDIGO,M,MW,N
12795,613.65,N,Elder,M,20,A,BROWN,M,ME,N
12796,585.74,N,Elder,F,12,B,INDIGO,S,SE,Y
12797,757.58,N,Elder,F,17,B,BROWN,M,ME,Y
12798,1399.31,Y,Elder,M,19,D,INDIGO,M,ME,Y
12799,464.11,N,Young,M,12,B,INDIGO,S,SW,N
12800,682.08,N,Elder,M,14,B,BROWN,S,SE,N
12801,456.11,N,Elder,F,15,A,INDIGO,M,MW,N
12802,508.47,N,Elder,F,16,A,INDIGO,N,NW,N
12803,696.14,Y,Elder,M,14,B,MAGENTA,M,ME,Y
12804,713.83,N,Elder,M,17,B,BROWN,N,NE,Y
12805,872.9,N,Elder,M,18,B,MAGENTA,M,ME,N
12806,722.3,N,Elder,M,16,B,INDIGO,M,ME,Y
12807,610.72,N,Elder,M,17,A,INDIGO,M,ME,N
12808,963.18,N,Elder,F,19,B,BROWN,N,NE,Y
12809,1393.36,Y,Elder,M,20,B,BROWN,M,ME,N
12810,1033.07,Y,Elder,M,14,B,BROWN,N,NW,Y
12811,582.6,N,Elder,M,17,A,MAGENTA,M,ME,N
12812,764.45,N,Elder,F,18,B,BROWN,M,ME,N
12813,708.75,Y,Elder,M,13,B,INDIGO,M,MW,Y
12814,456.33,Y,Young,M,11,B,BROWN,M,MW,Y
12815,953.05,N,Elder,M,16,C,MAGENTA,M,MW,Y
12816,729.68,N,Elder,F,18,A,MAGENTA,N,NW,N
12817,425.14,N,Elder,M,14,A,INDIGO,N,NW,N
12818,677.11,N,Elder,F,13,B,INDIGO,N,NW,Y
12819,845.76,N,Elder,M,14,B,MAGENTA,N,NW,N
12820,807.89,N,Elder,F,13,C,MAGENTA,S,SW,N
12821,586.72,Y,Elder,F,19,A,INDIGO,N,NW,Y
12822,839.34,Y,Elder,F,13,C,BROWN,S,SE,N
12823,647.46,N,Elder,M,15,B,BROWN,M,ME,Y
12824,609.86,N,Elder,F,14,B,BROWN,N,NW,Y
12825,612.6,N,Elder,F,15,B,INDIGO,M,ME,N
12826,335.29,Y,Elder,M,15,A,INDIGO,M,MW,Y
12827,1119.62,N,Elder,F,20,B,PURPLE,N,NW,N
12828,949.46,N,Elder,F,17,B,MAGENTA,S,SE,N
12829,648.03,Y,Elder,F,14,B,BROWN,N,NW,Y
12830,722.23,N,Elder,M,15,B,BROWN,N,NE,Y
12831,1187.04,Y,Elder,M,17,C,MAGENTA,M,ME,Y
12832,1270.42,N,Elder,F,14,B,BROWN,M,ME,Y
12833,915.4,N,Young,F,19,B,INDIGO,N,NE,Y
12834,990.39,N,Elder,F,17,C,MAGENTA,M,ME,Y
12835,499.21,N,Elder,M,18,A,INDIGO,M,ME,N
12836,638.77,N,Elder,M,16,A,BROWN,M,MW,Y
12837,1250.01,N,Elder,M,16,D,BROWN,S,SE,Y
12838,1098.62,N,Elder,M,19,C,PURPLE,M,ME,N
12839,803.14,N,Elder,F,13,C,BROWN,S,SE,Y
12840,1197.55,N,Elder,M,19,B,INDIGO,N,NE,Y
12841,1514.92,N,Elder,M,16,C,MAGENTA,S,SW,N
12842,1063.17,N,Elder,M,17,B,BROWN,N,NW,N
12843,517.25,Y,Young,M,11,B,BROWN,M,ME,N
12844,943.97,N,Elder,M,16,B,INDIGO,N,NW,Y
12845,622.52,N,Elder,M,15,B,BROWN,M,ME,N
12846,941.52,N,Elder,M,20,B,BROWN,M,ME,Y
12847,420.83,N,Elder,F,15,A,INDIGO,S,SE,N
12848,680.96,N,Elder,F,14,B,INDIGO,N,NW,Y
12849,1020.97,N,Elder,M,19,B,INDIGO,S,SW,N
12850,1047.91,N,Elder,M,16,C,BROWN,M,ME,Y
12851,361.46,N,Young,M,13,A,INDIGO,N,NW,Y
12852,642.13,N,Elder,F,15,B,BROWN,M,MW,Y
12853,911.12,N,Elder,F,15,C,BROWN,S,SW,Y
12854,1461.92,N,Elder,M,14,C,BROWN,M,MW,Y
12855,468.61,N,Elder,F,16,A,PURPLE,M,MW,N
12856,590.6,N,Elder,M,18,A,PURPLE,N,NW,N
12857,939.7,N,Elder,M,16,C,INDIGO,S,SE,N
12858,824.75,N,Elder,F,19,B,INDIGO,M,ME,N
12859,675.84,Y,Young,F,11,C,INDIGO,M,ME,Y
12860,383.86,N,Elder,F,15,A,INDIGO,N,NE,N
12861,761.48,N,Elder,M,18,B,INDIGO,N,NE,N
12862,225.86,N,Elder,M,12,A,BROWN,N,NE,N
12863,602.07,N,Elder,M,15,B,BROWN,M,MW,Y
12864,1253.71,Y,Young,M,15,D,PURPLE,S,SE,N
12865,768.32,N,Elder,M,18,B,MAGENTA,M,ME,Y
12866,1484.52,N,Elder,F,20,C,BROWN,M,MW,Y
12867,1150.61,N,Elder,M,17,C,MAGENTA,S,SW,N
12868,530.19,N,Young,F,16,A,BROWN,M,MW,N
12869,698.14,N,Elder,F,15,B,PURPLE,N,NE,N
12870,878.1,N,Elder,M,13,C,PURPLE,S,SE,N
12871,1172.12,N,Elder,M,16,C,BROWN,M,ME,N
12872,990.46,N,Elder,M,17,C,BROWN,M,ME,Y
12873,865.24,N,Elder,F,19,B,INDIGO,M,ME,Y
12874,578.53,N,Elder,M,19,A,MAGENTA,M,ME,N
12875,757.63,N,Elder,F,17,B,BROWN,M,ME,Y
12876,1048.9,Y,Elder,M,16,B,INDIGO,N,NW,Y
12877,1131.08,N,Elder,M,14,B,INDIGO,S,SW,N
12878,648.75,N,Elder,M,14,B,INDIGO,N,NW,N
12879,719.7,N,Young,M,17,B,PURPLE,M,ME,N
12880,1006.55,N,Young,M,22,B,INDIGO,S,SE,Y
12881,1114.35,N,Elder,M,16,C,BROWN,S,SW,Y
12882,555.98,N,Elder,M,15,A,INDIGO,N,NW,Y
12883,1186.4,N,Elder,M,23,B,PURPLE,N,NE,N
12884,627.27,N,Elder,F,16,A,INDIGO,N,NE,Y
12885,579.44,N,Elder,M,17,A,INDIGO,N,NE,Y
12886,708.36,N,Elder,M,16,B,BROWN,S,SW,Y
12887,715.63,N,Elder,F,17,B,PURPLE,N,NW,N
12888,1397.63,N,Elder,F,20,C,INDIGO,N,NW,N
12889,1118.26,N,Elder,M,18,C,BROWN,N,NE,N
12890,690.65,N,Elder,F,16,B,INDIGO,N,NE,Y
12891,333.26,N,Elder,M,15,A,BROWN,N,NW,N
12892,953.54,Y,Young,F,13,B,MAGENTA,M,MW,N
12893,570.39,N,Elder,M,18,A,INDIGO,M,MW,Y
12894,357.78,N,Elder,M,15,A,INDIGO,S,SE,Y
12895,568.03,N,Elder,F,17,A,BROWN,M,ME,N
12896,717.31,N,Elder,F,17,B,INDIGO,M,ME,Y
12897,607.02,N,Elder,M,15,B,INDIGO,S,SE,N
12898,1182.68,N,Elder,M,18,C,MAGENTA,M,ME,Y
12899,722.79,N,Elder,F,12,C,MAGENTA,M,MW,Y
12900,951.52,Y,Elder,M,16,C,MAGENTA,N,NW,Y
12901,1154.96,N,Young,M,20,C,MAGENTA,S,SW,Y
12902,1263.62,Y,Elder,F,19,B,BROWN,S,SE,Y
12903,533.74,N,Elder,M,16,A,INDIGO,M,MW,N
12904,726.49,N,Elder,M,17,B,MAGENTA,S,SW,N
12905,817.6,N,Elder,M,17,B,BROWN,M,ME,N
12906,2028.87,N,Elder,F,14,B,INDIGO,N,NW,Y
12907,696.92,N,Elder,F,17,A,INDIGO,S,SE,Y
12908,820.4,N,Elder,F,19,B,BROWN,M,ME,N
12909,1363.14,N,Elder,M,19,D,INDIGO,N,NE,N
12910,149.86,N,Elder,F,11,A,INDIGO,S,SW,Y
12911,1409.29,N,Elder,M,19,D,INDIGO,N,NW,Y
12912,1047.07,N,Elder,M,20,B,INDIGO,N,NW,N
12913,301.55,N,Elder,F,14,A,INDIGO,N,NE,Y
12914,1162.8,N,Elder,M,14,C,INDIGO,M,MW,Y
12915,883.61,N,Young,M,14,C,INDIGO,N,NW,N
12916,214.52,Y,Elder,M,12,A,BROWN,N,NE,Y
12917,707.1,Y,Elder,F,15,B,BROWN,N,NW,Y
12918,808.71,Y,Elder,F,17,A,MAGENTA,M,MW,Y
12919,549.49,N,Elder,M,17,A,BROWN,N,NW,Y
12920,681.97,Y,Elder,M,15,B,INDIGO,S,SW,Y
12921,298.2,N,Young,F,13,A,BROWN,M,ME,Y
12922,419.32,N,Elder,M,11,B,BROWN,N,NW,Y
12923,807.21,N,Elder,M,22,A,BROWN,M,ME,Y
12924,1190.9,N,Elder,M,17,A,MAGENTA,N,NE,N
12925,937.89,Y,Elder,M,17,B,BROWN,N,NW,Y
12926,1241.51,N,Elder,M,19,C,INDIGO,S,SW,Y
12927,1294.5,N,Elder,M,15,D,INDIGO,N,NE,N
12928,1232.12,N,Elder,M,18,B,INDIGO,M,MW,Y
12929,1844.43,Y,Elder,M,19,D,BROWN,N,NE,Y
12930,1434.26,N,Elder,F,17,C,BROWN,N,NE,N
12931,1160.09,Y,Young,M,19,C,MAGENTA,N,NW,Y
12932,1163.94,N,Elder,M,18,C,MAGENTA,M,MW,Y
12933,860.45,N,Elder,F,19,B,BROWN,M,ME,Y
12934,1289.98,N,Elder,M,18,A,BROWN,M,ME,Y
12935,559.32,N,Elder,F,14,B,BROWN,S,SE,Y
12936,304.39,Y,Elder,F,14,A,BROWN,S,SW,Y
12937,787.14,N,Elder,M,17,B,BROWN,N,NE,N
12938,1040.51,N,Elder,M,17,C,MAGENTA,M,ME,N
12939,439.35,N,Elder,M,17,A,BROWN,S,SE,Y
12940,865.74,N,Elder,F,19,B,BROWN,N,NW,N
12941,857.97,N,Elder,M,17,B,INDIGO,M,ME,Y
12942,516.54,Y,Elder,F,17,A,MAGENTA,S,SW,Y
12943,403.17,N,Elder,M,11,A,MAGENTA,M,MW,Y
12944,1064.95,N,Elder,F,16,C,PURPLE,N,NW,N
12945,935.32,N,Elder,M,18,B,INDIGO,S,SE,N
12946,277.54,N,Elder,F,13,A,INDIGO,N,NE,N
12947,842.14,N,Elder,F,15,B,BROWN,S,SW,N
12948,772.53,Y,Elder,F,13,C,BROWN,M,MW,N
12949,1070.73,N,Elder,M,22,B,MAGENTA,S,SW,N
12950,698.71,N,Elder,M,17,A,INDIGO,N,NW,N
12951,537.77,N,Elder,M,13,B,INDIGO,S,SW,Y
12952,1202.48,Y,Young,M,16,C,MAGENTA,N,NW,N
12953,750.18,N,Elder,F,17,B,BROWN,S,SW,Y
12954,795.9,N,Elder,F,14,A,BROWN,S,SE,Y
12955,1094.37,N,Elder,M,19,C,BROWN,M,MW,Y
12956,494.24,N,Elder,M,18,A,BROWN,N,NE,Y
12957,984.66,N,Elder,M,15,C,BROWN,N,NW,Y
12958,1013.69,N,Elder,M,18,B,INDIGO,S,SW,N
12959,516.63,N,Elder,F,17,A,BROWN,N,NE,Y
12960,861.87,N,Elder,F,18,B,MAGENTA,N,NW,N
12961,400.34,N,Elder,M,16,A,INDIGO,S,SE,Y
12962,1081.13,N,Elder,M,16,B,INDIGO,N,NE,Y
12963,436.65,N,Elder,M,17,A,MAGENTA,N,NE,N
12964,694.69,N,Elder,F,14,B,INDIGO,M,ME,Y
12965,533,N,Elder,F,18,A,PURPLE,N,NE,N
12966,560.39,N,Elder,M,11,B,BROWN,S,SE,Y
12967,806.16,N,Elder,M,17,B,INDIGO,S,SW,Y
12968,782.47,N,Elder,F,13,C,BROWN,M,ME,N
12969,1470.99,N,Elder,M,19,D,INDIGO,S,SW,N
12970,338.14,N,Elder,M,15,A,INDIGO,S,SE,N
12971,704.11,N,Elder,M,14,B,INDIGO,M,MW,N
12972,926.39,Y,Young,M,16,B,INDIGO,N,NW,Y
12973,1071.04,Y,Elder,M,18,C,INDIGO,M,ME,Y
12974,595.92,N,Elder,F,19,A,BROWN,N,NW,Y
12975,1353.57,Y,Elder,M,18,C,INDIGO,S,SW,Y
12976,657.15,N,Elder,F,19,A,BROWN,N,NW,Y
12977,685.65,N,Elder,M,21,A,BROWN,N,NE,Y
12978,303.49,N,Elder,M,13,A,INDIGO,S,SE,N
12979,953.8,N,Elder,M,15,C,INDIGO,M,ME,N
12980,900.12,N,Elder,F,18,B,BROWN,M,MW,Y
12981,294.69,N,Elder,F,14,A,BROWN,N,NW,N
12982,968.5,N,Elder,F,16,C,INDIGO,M,ME,N
12983,716.49,N,Elder,M,17,B,BROWN,N,NW,Y
12984,818.77,N,Elder,M,17,B,MAGENTA,N,NW,N
12985,766.33,N,Elder,M,12,B,INDIGO,M,MW,Y
12986,897.91,N,Elder,M,20,B,MAGENTA,M,ME,N
12987,1141.85,N,Elder,M,25,A,MAGENTA,S,SE,N
12988,772.91,N,Elder,F,14,A,INDIGO,N,NE,N
12989,943.59,N,Elder,F,17,B,BROWN,N,NE,Y
12990,278.62,N,Elder,M,14,A,BROWN,M,ME,Y
12991,1387.22,N,Elder,M,20,A,INDIGO,N,NW,N
12992,97.29,N,Elder,F,10,A,BROWN,M,ME,Y
12993,1071.25,N,Elder,M,18,C,PURPLE,N,NE,N
12994,719.71,Y,Elder,M,16,B,INDIGO,M,ME,Y
12995,1022.32,N,Elder,M,17,C,BROWN,N,NW,Y
12996,834.46,N,Elder,F,14,C,MAGENTA,M,MW,N
12997,614.98,N,Young,M,12,B,MAGENTA,N,NW,N
12998,1045.7,N,Elder,M,18,B,BROWN,N,NE,Y
12999,900.52,N,Elder,F,14,C,INDIGO,M,ME,N
13000,625.16,N,Elder,M,10,C,BROWN,S,SW,Y
13001,966.34,N,Elder,M,16,C,INDIGO,N,NW,N
13002,855.56,N,Elder,F,18,B,BROWN,N,NW,Y
13003,533.2,N,Young,M,18,A,PURPLE,N,NW,N
13004,480.02,N,Young,F,17,A,BROWN,S,SE,Y
13005,1018.59,N,Elder,M,17,B,BROWN,M,ME,Y
13006,1232.34,N,Elder,M,24,B,BROWN,M,ME,N
13007,1001.99,N,Elder,F,17,C,MAGENTA,N,NW,N
13008,1553.13,N,Elder,M,15,C,BROWN,M,ME,Y
13009,528.66,N,Elder,F,13,B,MAGENTA,M,ME,N
13010,1076.13,N,Elder,F,18,C,MAGENTA,N,NW,N
13011,1131.82,N,Elder,F,15,C,INDIGO,M,MW,N
13012,703.31,Y,Elder,F,16,B,INDIGO,S,SW,Y
13013,1056.56,N,Elder,M,18,C,MAGENTA,S,SW,N
13014,343.33,N,Elder,M,14,A,BROWN,N,NE,N
13015,791.96,N,Elder,M,16,B,BROWN,M,ME,Y
13016,955.61,N,Elder,M,16,B,INDIGO,M,ME,N
13017,950.92,N,Elder,M,18,B,BROWN,N,NE,Y
13018,955.13,N,Elder,F,19,B,MAGENTA,S,SE,N
13019,772.14,N,Elder,M,15,B,MAGENTA,S,SW,N
13020,664.47,N,Elder,M,16,A,INDIGO,N,NW,Y
13021,909.97,N,Elder,M,19,B,BROWN,S,SE,N
13022,775.45,N,Elder,F,17,B,BROWN,M,MW,N
13023,766.73,N,Elder,M,18,B,BROWN,N,NW,N
13024,755.08,N,Elder,F,13,B,INDIGO,M,ME,N
13025,1141.01,Y,Elder,F,16,C,BROWN,N,NE,Y
13026,514.61,N,Elder,M,18,A,INDIGO,N,NW,N
13027,723.33,N,Elder,M,17,B,PURPLE,N,NE,N
13028,876.01,N,Elder,M,15,C,BROWN,M,ME,Y
13029,1345.51,N,Elder,M,18,D,INDIGO,M,MW,N
13030,942.57,Y,Young,M,17,B,BROWN,N,NE,Y
13031,571.34,Y,Elder,M,14,B,INDIGO,M,MW,Y
13032,542.04,N,Elder,F,13,B,INDIGO,S,SE,Y
13033,557.6,N,Elder,M,14,B,MAGENTA,M,ME,N
13034,2561.91,Y,Young,M,19,B,INDIGO,M,ME,N
13035,311.7,N,Elder,F,14,A,MAGENTA,N,NE,N
13036,874.81,Y,Elder,M,12,B,MAGENTA,N,NW,Y
13037,399.24,N,Young,M,13,A,INDIGO,M,MW,Y
13038,884.73,N,Elder,F,15,C,INDIGO,M,ME,N
13039,279.5,N,Elder,M,14,A,INDIGO,M,MW,Y
13040,1280.01,N,Elder,F,18,B,BROWN,M,MW,Y
13041,1820.73,N,Elder,M,26,D,INDIGO,N,NE,N
13042,564.57,N,Elder,F,16,A,BROWN,M,ME,N
13043,779,N,Elder,M,18,B,INDIGO,N,NW,Y
13044,1033.21,N,Elder,F,18,C,MAGENTA,N,NE,N
13045,819.88,Y,Elder,M,13,C,BROWN,M,ME,N
13046,1017.91,N,Elder,M,17,C,BROWN,N,NW,Y
13047,479.82,N,Elder,M,14,A,BROWN,M,ME,Y
13048,1016.48,N,Elder,F,18,B,BROWN,S,SW,N
13049,1080.04,Y,Elder,M,13,D,INDIGO,M,MW,Y
13050,905.78,Y,Elder,F,15,C,MAGENTA,N,NW,N
13051,1142.08,N,Elder,F,19,C,MAGENTA,N,NE,N
13052,276.15,N,Elder,F,14,A,BROWN,M,MW,N
13053,355.97,N,Elder,F,15,A,BROWN,N,NW,N
13054,311.71,N,Elder,M,14,A,INDIGO,N,NE,N
13055,1071.92,N,Elder,M,18,B,MAGENTA,M,ME,N
13056,406.7,N,Elder,M,16,A,BROWN,S,SE,Y
13057,609.28,Y,Young,F,10,C,INDIGO,S,SE,Y
13058,673.76,N,Elder,F,15,B,INDIGO,N,NW,Y
13059,1029.68,N,Elder,M,22,B,INDIGO,S,SW,Y
13060,630.05,N,Elder,F,14,B,BROWN,M,ME,Y
13061,762,N,Elder,M,18,A,INDIGO,M,MW,N
13062,1048.22,N,Elder,M,18,B,PURPLE,M,MW,N
13063,580.46,N,Elder,F,17,A,BROWN,M,ME,Y
13064,949.13,Y,Elder,M,21,B,BROWN,M,ME,N
13065,394.69,N,Elder,M,16,A,BROWN,N,NW,Y
13066,1494.43,N,Elder,F,13,C,MAGENTA,S,SE,N
13067,862.9,N,Elder,M,14,C,BROWN,N,NW,Y
13068,938.56,N,Elder,M,21,B,BROWN,S,SW,Y
13069,1094.29,N,Elder,M,14,D,BROWN,N,NW,Y
13070,1276.43,N,Elder,M,16,D,MAGENTA,S,SE,N
13071,1000.32,N,Elder,M,15,C,INDIGO,N,NE,N
13072,632.56,N,Elder,F,14,B,INDIGO,N,NE,Y
13073,1080.09,N,Elder,M,19,A,INDIGO,M,MW,Y
13074,444.67,N,Elder,M,17,A,MAGENTA,S,SE,N
13075,1702.46,N,Elder,M,18,C,MAGENTA,S,SW,Y
13076,1108.79,N,Elder,M,22,A,BROWN,S,SE,Y
13077,1014.8,Y,Elder,M,15,C,BROWN,N,NW,Y
13078,1833.1,N,Elder,M,20,A,INDIGO,N,NW,N
13079,592.11,N,Young,M,13,B,PURPLE,M,MW,N
13080,324.71,Y,Young,F,13,A,INDIGO,S,SW,Y
13081,901.75,N,Young,F,16,B,INDIGO,M,ME,Y
13082,712.59,N,Elder,F,17,A,BROWN,N,NW,Y
13083,1698.39,N,Elder,M,18,D,INDIGO,S,SW,N
13084,843.81,N,Elder,F,14,C,MAGENTA,N,NW,N
13085,678.97,N,Elder,F,16,B,MAGENTA,M,MW,Y
13086,914.84,N,Elder,M,19,B,PURPLE,N,NW,N
13087,1235.86,N,Elder,M,19,B,INDIGO,N,NW,N
13088,987.37,Y,Young,M,18,B,INDIGO,N,NW,Y
13089,1412.53,N,Elder,M,18,B,BROWN,N,NW,N
13090,427.76,N,Elder,F,16,A,BROWN,M,MW,Y
13091,969.87,N,Elder,M,16,C,BROWN,M,MW,Y
13092,729.56,N,Elder,M,18,A,BROWN,S,SE,N
13093,721.31,N,Elder,M,16,A,BROWN,M,MW,Y
13094,316.28,N,Elder,M,13,A,INDIGO,M,MW,N
13095,690.65,N,Elder,F,13,B,INDIGO,N,NE,N
13096,854.64,N,Elder,F,16,B,INDIGO,N,NW,Y
13097,1050.99,Y,Elder,F,21,B,BROWN,N,NE,Y
13098,697.39,N,Elder,M,13,B,BROWN,N,NW,N
13099,1056.36,N,Elder,M,17,C,BROWN,N,NE,Y
13100,892.15,N,Elder,M,20,B,INDIGO,S,SE,N
13101,964.3,N,Elder,F,17,B,BROWN,M,ME,Y
13102,447.61,N,Elder,M,16,A,INDIGO,S,SE,N
13103,814.12,N,Elder,F,17,B,BROWN,M,ME,Y
13104,560.04,N,Elder,M,17,A,MAGENTA,S,SW,N
13105,819.32,N,Elder,M,19,B,BROWN,M,MW,Y
13106,447.74,Y,Elder,M,17,A,MAGENTA,N,NW,Y
13107,880.99,Y,Elder,M,15,C,BROWN,M,ME,Y
13108,1113.44,N,Elder,M,16,B,BROWN,N,NW,Y
13109,288.88,N,Elder,F,12,A,INDIGO,S,SE,N
13110,963.74,N,Elder,M,15,C,BROWN,S,SE,Y
13111,926.24,N,Elder,M,16,C,INDIGO,M,ME,Y
13112,687,N,Elder,M,16,B,INDIGO,N,NE,Y
13113,1314,N,Elder,M,18,C,INDIGO,N,NW,N
13114,2212.99,N,Elder,F,17,C,INDIGO,N,NW,N
13115,687.66,N,Elder,M,19,A,INDIGO,M,ME,N
13116,744.36,N,Elder,M,15,B,INDIGO,M,ME,N
13117,494.95,N,Elder,F,17,A,INDIGO,N,NW,Y
13118,590.1,N,Elder,M,17,A,INDIGO,S,SE,Y
13119,1153.21,N,Young,M,13,D,INDIGO,N,NW,N
13120,464.84,N,Elder,M,17,A,MAGENTA,M,ME,N
13121,684.12,N,Young,M,13,A,BROWN,M,MW,Y
13122,1126.32,N,Elder,M,18,C,INDIGO,S,SE,Y
13123,983.36,N,Elder,M,17,B,INDIGO,M,ME,Y
13124,390.52,N,Elder,F,16,A,BROWN,M,ME,Y
13125,392.89,N,Elder,M,16,A,MAGENTA,N,NE,N
13126,556.58,N,Elder,F,14,B,INDIGO,N,NW,Y
13127,386.42,N,Young,F,15,A,MAGENTA,N,NW,N
13128,789.33,N,Elder,M,18,B,BROWN,S,SW,Y
13129,396.22,Y,Elder,M,11,B,BROWN,N,NE,Y
13130,138.3,N,Elder,F,11,A,BROWN,M,ME,Y
13131,1186.8,N,Elder,M,17,C,PURPLE,N,NE,N
13132,692.83,N,Elder,M,14,B,INDIGO,N,NE,N
13133,645.61,N,Elder,M,16,A,MAGENTA,M,ME,N
13134,1703.37,N,Elder,F,18,C,INDIGO,N,NW,N
13135,951.21,N,Elder,M,16,C,BROWN,M,ME,N
13136,519.34,N,Elder,M,17,A,INDIGO,N,NW,N
13137,1128.26,N,Elder,M,17,C,MAGENTA,N,NW,N
13138,926.19,Y,Young,M,17,B,INDIGO,N,NE,N
13139,643.62,N,Elder,M,14,A,MAGENTA,S,SW,N
13140,914.22,N,Elder,M,20,B,MAGENTA,M,MW,Y
13141,477.57,N,Elder,M,16,A,BROWN,M,MW,Y
13142,838.13,N,Elder,M,16,B,MAGENTA,M,MW,N
13143,276.19,N,Elder,F,14,A,BROWN,S,SW,Y
13144,1037.61,Y,Elder,M,18,C,BROWN,N,NW,N
13145,630.5,N,Elder,F,19,A,MAGENTA,N,NE,N
13146,931.9,N,Elder,M,16,C,MAGENTA,N,NW,N
13147,480.98,N,Elder,M,16,A,BROWN,N,NE,N
13148,1204.26,N,Elder,F,21,B,BROWN,N,NW,N
13149,806.6,N,Elder,F,15,B,INDIGO,M,MW,Y
13150,1137.97,N,Elder,M,19,C,INDIGO,N,NW,N
13151,647.03,Y,Elder,M,13,B,MAGENTA,M,MW,N
13152,622.47,N,Elder,F,17,A,BROWN,S,SW,Y
13153,1098.11,N,Elder,F,13,D,BROWN,S,SW,N
13154,1876.5,N,Elder,M,22,C,BROWN,S,SW,Y
13155,508.89,N,Elder,F,11,B,PURPLE,M,ME,N
13156,226.34,N,Elder,F,11,A,BROWN,M,MW,Y
13157,279.12,N,Elder,F,14,A,INDIGO,N,NW,N
13158,770.48,N,Elder,F,13,C,BROWN,S,SW,N
13159,499.26,N,Elder,F,13,B,MAGENTA,S,SE,N
13160,513.47,N,Elder,M,13,B,MAGENTA,M,ME,Y
13161,715.14,N,Elder,M,14,B,MAGENTA,N,NE,N
13162,1409.73,N,Elder,M,20,A,BROWN,M,ME,Y
13163,1360.68,N,Elder,M,18,C,BROWN,M,MW,Y
13164,489.99,N,Elder,M,15,A,INDIGO,S,SW,Y
13165,722.78,N,Young,M,17,B,INDIGO,N,NE,N
13166,1319.94,N,Elder,F,17,D,BROWN,N,NW,Y
13167,340.43,N,Elder,F,15,A,BROWN,N,NE,N
13168,1093.71,N,Elder,F,16,C,INDIGO,S,SE,Y
13169,1325.81,N,Elder,M,15,D,BROWN,N,NW,Y
13170,788.41,N,Elder,F,13,C,INDIGO,S,SE,N
13171,1103.88,N,Elder,M,21,B,MAGENTA,S,SE,N
13172,439.5,N,Elder,M,17,A,MAGENTA,S,SE,N
13173,497.5,N,Elder,F,13,B,BROWN,S,SE,Y
13174,1310.59,N,Elder,M,13,C,INDIGO,M,MW,Y
13175,911.84,N,Elder,F,16,B,INDIGO,M,MW,Y
13176,885.69,N,Elder,M,21,A,BROWN,S,SW,Y
13177,1871.19,N,Elder,M,19,D,MAGENTA,S,SW,Y
13178,442.99,N,Elder,M,17,A,INDIGO,S,SE,N
13179,1187.69,N,Elder,F,19,B,BROWN,N,NW,N
13180,1408.33,N,Elder,F,21,C,INDIGO,N,NW,Y
13181,1583.7,N,Elder,M,19,C,BROWN,M,ME,N
13182,1131.16,N,Elder,M,19,C,BROWN,N,NE,Y
13183,793.19,N,Elder,F,14,A,MAGENTA,M,MW,Y
13184,610.85,N,Elder,M,17,A,INDIGO,M,ME,Y
13185,722.17,N,Elder,M,16,B,INDIGO,M,MW,N
13186,833.73,N,Elder,M,14,C,MAGENTA,S,SE,Y
13187,1207.7,Y,Elder,M,19,C,INDIGO,M,ME,Y
13188,560.34,N,Elder,F,16,A,BROWN,N,NE,N
13189,839.05,N,Elder,F,18,B,MAGENTA,N,NE,N
13190,574.69,N,Elder,F,19,A,PURPLE,S,SE,N
13191,530.44,N,Elder,F,13,B,BROWN,N,NW,Y
13192,517.03,N,Elder,F,18,A,MAGENTA,M,ME,Y
13193,553.93,N,Elder,M,16,A,INDIGO,N,NW,N
13194,550.81,N,Elder,M,19,A,BROWN,N,NW,Y
13195,910.82,N,Elder,F,14,C,INDIGO,N,NW,N
13196,383.6,N,Elder,M,16,A,INDIGO,M,MW,N
13197,666.5,Y,Elder,F,17,A,BROWN,N,NE,Y
13198,887.69,N,Elder,F,15,C,BROWN,M,ME,Y
13199,667.31,N,Elder,F,18,A,INDIGO,N,NE,N
13200,1225.51,N,Elder,F,20,C,INDIGO,M,ME,Y
13201,593.42,N,Elder,F,16,A,INDIGO,M,ME,Y
13202,954.9,N,Elder,M,20,B,INDIGO,N,NE,N
13203,479.91,N,Elder,M,17,A,INDIGO,N,NW,Y
13204,809.42,N,Elder,F,15,B,INDIGO,S,SW,Y
13205,1043.6,N,Elder,F,15,B,MAGENTA,N,NE,N
13206,279.2,N,Elder,F,11,A,MAGENTA,M,MW,N
13207,913.63,N,Elder,M,20,B,INDIGO,S,SW,N
13208,625.38,N,Elder,M,15,B,MAGENTA,M,ME,N
13209,339.04,N,Elder,M,15,A,BROWN,M,ME,Y
13210,1693.98,N,Elder,M,20,C,MAGENTA,M,ME,N
13211,497.92,Y,Elder,M,15,A,INDIGO,N,NE,N
13212,523.36,N,Elder,M,16,A,MAGENTA,M,MW,N
13213,937.73,N,Elder,M,16,C,PURPLE,N,NE,N
13214,609.61,N,Elder,F,15,B,MAGENTA,M,ME,Y
13215,1062.5,N,Elder,M,13,D,BROWN,M,ME,Y
13216,467.63,N,Young,F,14,A,INDIGO,N,NE,Y
13217,1135.77,Y,Young,F,16,A,INDIGO,M,MW,Y
13218,473.99,N,Elder,F,15,A,PURPLE,N,NE,N
13219,858.67,Y,Young,M,19,B,BROWN,M,ME,N
13220,406.2,N,Elder,M,16,A,BROWN,S,SW,Y
13221,523.88,N,Elder,F,18,A,MAGENTA,N,NE,N
13222,1015.27,N,Elder,M,16,B,BROWN,M,ME,Y
13223,709.64,N,Elder,F,13,B,PURPLE,M,ME,N
13224,587.8,N,Elder,F,12,B,BROWN,N,NW,Y
13225,1430.2,N,Elder,M,16,C,INDIGO,N,NE,Y
13226,669.28,N,Elder,M,16,B,INDIGO,M,ME,Y
13227,165.4,N,Elder,M,12,A,BROWN,M,MW,N
13228,1075.03,N,Young,M,19,B,BROWN,M,MW,N
13229,944.58,N,Elder,M,15,C,PURPLE,M,MW,N
13230,553.52,N,Elder,M,19,A,MAGENTA,M,ME,Y
13231,1115.56,N,Elder,M,14,B,BROWN,N,NW,Y
13232,606.85,N,Elder,F,17,A,INDIGO,N,NW,Y
13233,627.63,N,Elder,M,15,B,INDIGO,N,NW,Y
13234,1150.01,N,Elder,F,18,A,BROWN,S,SE,Y
13235,1125.39,N,Elder,F,16,B,MAGENTA,M,MW,N
13236,653.95,N,Elder,F,20,A,MAGENTA,N,NW,N
13237,1328.73,N,Elder,M,13,B,BROWN,S,SW,N
13238,673.31,N,Elder,F,16,B,BROWN,S,SW,Y
13239,745.06,N,Elder,M,17,B,BROWN,M,MW,Y
13240,954.07,N,Elder,F,15,B,BROWN,N,NE,N
13241,894.04,N,Elder,M,15,C,INDIGO,M,ME,Y
13242,1013.4,N,Elder,M,15,C,INDIGO,N,NE,Y
13243,640.29,N,Elder,M,20,A,BROWN,S,SE,Y
13244,621.81,N,Elder,M,15,B,BROWN,S,SE,Y
13245,974.02,N,Elder,F,16,C,INDIGO,M,ME,N
13246,1098.26,N,Elder,M,18,C,BROWN,M,MW,N
13247,511.19,N,Young,F,17,A,BROWN,M,MW,Y
13248,473.13,N,Elder,M,17,A,INDIGO,M,ME,N
13249,246.34,N,Elder,M,13,A,MAGENTA,N,NE,Y
13250,936.28,N,Elder,F,16,C,INDIGO,N,NW,N
13251,590.06,N,Elder,M,13,B,BROWN,M,MW,Y
13252,683.64,N,Elder,F,16,B,INDIGO,S,SW,Y
13253,301.6,N,Elder,F,9,B,INDIGO,N,NE,Y
13254,1397.23,N,Elder,M,16,C,INDIGO,N,NE,N
13255,1066.1,N,Elder,M,18,A,BROWN,M,MW,Y
13256,872.04,N,Elder,M,15,A,BROWN,S,SE,N
13257,588.62,N,Elder,M,14,B,MAGENTA,S,SW,N
13258,1062.98,N,Elder,F,18,C,PURPLE,M,MW,N
13259,883.16,N,Elder,F,14,C,BROWN,N,NW,Y
13260,786.53,N,Elder,M,20,A,MAGENTA,M,MW,N
13261,1025.5,N,Young,M,16,B,INDIGO,N,NE,N
13262,574.19,N,Elder,M,18,A,BROWN,N,NE,Y
13263,439.13,N,Elder,M,16,A,BROWN,N,NE,Y
13264,958,N,Elder,F,21,B,PURPLE,S,SW,N
13265,462.92,N,Elder,M,17,A,INDIGO,S,SE,N
13266,1045.74,N,Elder,M,18,C,INDIGO,M,ME,N
13267,621.72,N,Elder,M,14,A,PURPLE,N,NW,N
13268,285.62,N,Elder,F,14,A,BROWN,S,SE,N
13269,1958.94,Y,Elder,M,21,D,BROWN,N,NW,Y
13270,612.58,Y,Elder,M,15,B,MAGENTA,N,NW,Y
13271,736.53,N,Young,M,17,B,MAGENTA,N,NE,N
13272,693.56,N,Elder,M,16,B,INDIGO,N,NE,Y
13273,356.75,N,Elder,M,14,A,BROWN,M,ME,Y
13274,1066.95,N,Elder,M,16,C,BROWN,S,SE,N
13275,784.07,N,Elder,M,21,A,BROWN,M,ME,N
13276,1126.45,N,Elder,M,20,A,INDIGO,M,MW,N
13277,1064.44,N,Elder,M,18,C,INDIGO,S,SE,Y
13278,1094.01,N,Elder,M,15,C,INDIGO,N,NW,Y
13279,511.09,N,Elder,F,16,A,INDIGO,N,NW,Y
13280,1222.59,N,Elder,F,13,C,MAGENTA,M,MW,Y
13281,975.46,N,Elder,M,18,A,INDIGO,M,MW,Y
13282,1627.93,N,Elder,F,19,D,BROWN,M,ME,Y
13283,686.44,N,Elder,F,13,A,MAGENTA,M,MW,Y
13284,1250.7,N,Elder,M,19,C,BROWN,N,NW,N
13285,780.45,N,Elder,M,13,C,PURPLE,S,SE,N
13286,604.8,N,Elder,M,20,A,BROWN,N,NW,Y
13287,1396.23,N,Elder,M,20,B,INDIGO,M,MW,Y
13288,787.33,N,Elder,F,23,A,MAGENTA,S,SW,N
13289,1044.93,N,Elder,M,18,C,MAGENTA,M,ME,N
13290,1746.4,N,Elder,M,21,C,BROWN,M,MW,Y
13291,1404,N,Elder,M,17,D,PURPLE,S,SW,N
13292,1017.69,Y,Elder,F,14,C,BROWN,M,MW,Y
13293,675.03,N,Elder,M,15,B,INDIGO,N,NW,Y
13294,594.31,Y,Young,F,14,B,BROWN,M,MW,Y
13295,720.11,N,Elder,M,21,A,BROWN,N,NW,N
13296,1069.9,N,Elder,F,10,C,INDIGO,N,NE,N
13297,1558.35,N,Elder,F,17,C,INDIGO,N,NE,N
13298,455.39,N,Elder,F,17,A,INDIGO,S,SE,Y
13299,1139.86,Y,Elder,F,12,C,BROWN,N,NW,Y
13300,1140.9,N,Elder,F,16,A,BROWN,M,MW,N
13301,275.58,N,Elder,M,14,A,PURPLE,M,ME,N
13302,1336.84,N,Elder,F,18,D,BROWN,M,MW,Y
13303,669.5,N,Elder,M,14,B,BROWN,N,NW,N
13304,595.3,N,Elder,F,19,A,BROWN,N,NW,Y
13305,1751.55,N,Young,M,17,D,BROWN,M,MW,N
13306,1860.94,Y,Elder,F,18,D,INDIGO,N,NW,Y
13307,838.97,N,Elder,M,18,B,MAGENTA,N,NE,Y
13308,599.85,N,Elder,M,15,B,INDIGO,N,NW,N
13309,1107.32,N,Elder,F,17,B,INDIGO,N,NW,Y
13310,984.97,N,Elder,M,16,C,BROWN,N,NW,Y
13311,349.2,N,Elder,F,15,A,PURPLE,S,SW,N
13312,657.95,Y,Elder,M,15,B,BROWN,N,NE,Y
13313,662.97,N,Elder,F,16,B,INDIGO,N,NW,Y
13314,1108.31,N,Elder,M,17,C,MAGENTA,N,NE,N
13315,880.68,Y,Elder,F,15,B,BROWN,S,SE,Y
13316,506.95,Y,Elder,F,15,A,BROWN,N,NE,Y
13317,1004.44,N,Elder,M,22,A,BROWN,M,ME,Y
13318,705.83,N,Elder,M,16,B,MAGENTA,N,NE,N
13319,1435.04,Y,Elder,M,14,C,INDIGO,M,ME,Y
13320,500.79,N,Elder,F,12,A,MAGENTA,M,ME,N
13321,573.15,N,Elder,M,17,A,BROWN,M,ME,Y
13322,1021.03,N,Elder,M,17,B,INDIGO,M,MW,N
13323,911.46,N,Elder,M,19,B,BROWN,M,MW,Y
13324,576.24,N,Elder,M,19,A,BROWN,N,NW,N
13325,1439.03,N,Elder,M,19,C,BROWN,S,SW,Y
13326,838.11,N,Elder,M,17,B,INDIGO,M,MW,N
13327,435.96,N,Elder,M,17,A,INDIGO,S,SW,N
13328,1281.16,N,Elder,M,21,C,PURPLE,S,SW,N
13329,806.27,N,Elder,M,15,B,BROWN,M,ME,N
13330,620.43,N,Elder,M,15,B,BROWN,S,SW,N
13331,665.61,N,Elder,F,16,B,BROWN,M,MW,Y
13332,1150.09,N,Elder,F,18,B,BROWN,N,NE,N
13333,921.15,N,Elder,F,16,B,BROWN,N,NE,Y
13334,841.18,N,Elder,F,17,B,MAGENTA,N,NE,Y
13335,976.88,N,Young,M,16,B,BROWN,N,NW,N
13336,683.45,N,Elder,M,20,A,MAGENTA,M,MW,N
13337,290.36,N,Elder,M,14,A,BROWN,M,ME,Y
13338,622.83,N,Elder,F,13,B,MAGENTA,S,SW,N
13339,677.13,N,Elder,M,16,B,MAGENTA,N,NW,N
13340,1050.79,N,Elder,M,16,B,MAGENTA,N,NE,N
13341,620.09,N,Elder,F,20,A,BROWN,S,SW,Y
13342,880.15,N,Elder,M,18,B,PURPLE,N,NE,N
13343,1096.86,N,Elder,M,19,C,BROWN,N,NE,N
13344,822.38,N,Young,F,17,A,BROWN,S,SE,Y
13345,732.96,N,Elder,F,15,B,MAGENTA,M,MW,Y
13346,716.82,N,Elder,M,16,B,BROWN,N,NW,Y
13347,471.06,N,Young,F,12,B,INDIGO,N,NW,N
13348,916.26,N,Elder,F,19,B,INDIGO,N,NW,Y
13349,670.44,N,Elder,M,19,A,BROWN,M,MW,N
13350,1068.34,N,Elder,F,16,B,INDIGO,S,SW,Y
13351,896.19,N,Elder,F,12,C,MAGENTA,M,ME,N
13352,397.17,N,Elder,M,11,B,MAGENTA,S,SE,N
13353,570.17,N,Elder,M,19,A,MAGENTA,S,SW,N
13354,877.44,N,Elder,M,14,C,BROWN,M,ME,N
13355,1057.17,N,Elder,M,15,A,INDIGO,N,NE,Y
13356,890.37,N,Elder,M,13,B,INDIGO,M,ME,Y
13357,711.87,N,Young,M,16,B,INDIGO,M,MW,N
13358,411,N,Elder,F,15,A,INDIGO,N,NE,N
13359,171.42,Y,Young,F,12,A,INDIGO,N,NW,Y
13360,876.75,N,Elder,M,17,A,INDIGO,N,NE,Y
13361,595.17,N,Elder,F,13,A,MAGENTA,M,ME,N
13362,814.62,N,Elder,F,16,B,BROWN,M,MW,Y
13363,904.56,N,Elder,M,15,C,INDIGO,M,MW,Y
13364,451.05,N,Elder,M,16,A,BROWN,S,SW,Y
13365,1286.16,N,Elder,F,18,C,INDIGO,S,SE,Y
13366,459.26,N,Elder,M,16,A,PURPLE,M,ME,N
13367,914.56,N,Elder,M,15,C,INDIGO,M,ME,Y
13368,811.28,N,Elder,M,18,B,MAGENTA,M,ME,N
13369,458.7,N,Elder,F,17,A,BROWN,S,SW,Y
13370,620.8,N,Elder,M,15,B,INDIGO,M,MW,Y
13371,866.58,N,Elder,M,18,B,BROWN,M,ME,N
13372,682.93,N,Elder,M,16,B,BROWN,M,MW,N
13373,632.81,N,Elder,F,15,B,BROWN,S,SE,N
13374,475.51,N,Elder,F,11,A,INDIGO,N,NW,Y
13375,735.45,N,Elder,M,20,A,BROWN,M,MW,N
13376,953,N,Elder,M,21,A,INDIGO,M,MW,Y
13377,1174.4,N,Elder,M,20,B,INDIGO,M,MW,N
13378,887.71,N,Elder,M,15,C,MAGENTA,M,MW,Y
13379,1384.34,N,Elder,M,17,B,INDIGO,N,NW,Y
13380,348.27,N,Elder,M,10,B,INDIGO,M,MW,Y
13381,695.72,N,Elder,F,14,B,BROWN,S,SE,N
13382,795.59,N,Elder,M,18,B,INDIGO,S,SE,N
13383,925.56,N,Elder,M,20,B,BROWN,N,NW,Y
13384,1108.39,N,Elder,M,18,C,BROWN,N,NW,N
13385,801.04,N,Elder,F,16,B,INDIGO,M,ME,N
13386,1097.03,N,Elder,M,18,B,BROWN,N,NW,N
13387,805.14,N,Elder,M,19,A,BROWN,M,ME,N
13388,1010.3,N,Elder,F,16,C,INDIGO,N,NW,Y
13389,389.91,N,Elder,F,14,A,MAGENTA,N,NE,N
13390,431.36,N,Elder,M,15,A,BROWN,S,SE,Y
13391,906.61,N,Elder,M,18,B,INDIGO,S,SW,Y
13392,1294.04,N,Elder,F,14,B,MAGENTA,S,SW,N
13393,1034.06,N,Elder,F,20,B,BROWN,S,SE,N
13394,437.71,N,Elder,M,16,A,MAGENTA,N,NE,N
13395,1438.32,N,Elder,M,18,B,MAGENTA,M,MW,Y
13396,1137.29,Y,Elder,M,19,C,MAGENTA,N,NE,N
13397,706.62,N,Elder,F,15,B,INDIGO,M,MW,Y
13398,991.73,N,Elder,M,16,C,BROWN,M,ME,Y
13399,364.55,N,Elder,M,15,A,INDIGO,N,NW,N
13400,624.54,Y,Elder,M,15,B,INDIGO,N,NE,Y
13401,612.54,N,Elder,M,16,A,INDIGO,S,SE,N
13402,897.44,Y,Young,M,17,B,MAGENTA,N,NW,Y
13403,805.86,N,Elder,M,17,B,MAGENTA,N,NE,N
13404,761.19,N,Elder,M,15,B,MAGENTA,N,NW,N
13405,925.19,N,Elder,F,15,C,INDIGO,N,NW,N
13406,871.55,N,Elder,M,20,B,INDIGO,M,ME,Y
13407,775.37,N,Elder,M,17,B,MAGENTA,N,NE,N
13408,664.81,N,Elder,M,20,A,BROWN,M,MW,Y
13409,1135.85,N,Elder,M,18,C,BROWN,N,NE,Y
13410,456.59,N,Elder,F,16,A,BROWN,S,SE,Y
13411,389.8,N,Elder,M,16,A,BROWN,S,SW,Y
13412,496.38,N,Elder,M,16,A,INDIGO,N,NE,N
13413,637.04,N,Elder,M,19,A,MAGENTA,S,SE,Y
13414,465.34,N,Elder,M,17,A,MAGENTA,M,MW,N
13415,403.34,N,Elder,F,14,A,INDIGO,N,NE,Y
13416,829.72,N,Elder,M,17,B,BROWN,M,MW,Y
13417,659.42,N,Elder,F,15,B,BROWN,M,MW,N
13418,891.78,Y,Elder,M,15,C,MAGENTA,N,NE,Y
13419,1033.59,N,Elder,M,17,C,MAGENTA,S,SE,N
13420,1584.03,Y,Young,M,17,D,INDIGO,N,NE,N
13421,768.64,Y,Elder,M,20,A,INDIGO,N,NW,Y
13422,290.56,N,Elder,M,13,A,BROWN,N,NE,Y
13423,575.36,N,Elder,M,19,A,MAGENTA,S,SE,N
13424,1209.9,N,Elder,F,14,D,MAGENTA,N,NW,Y
13425,520.67,N,Elder,F,13,B,MAGENTA,N,NE,Y
13426,1015.39,N,Elder,F,18,B,MAGENTA,N,NW,N
13427,783.74,N,Elder,M,17,B,INDIGO,N,NW,N
13428,343.47,N,Elder,M,15,A,BROWN,N,NW,Y
13429,819.43,N,Elder,M,16,B,PURPLE,M,ME,N
13430,575.85,N,Elder,M,15,A,BROWN,M,MW,N
13431,1205.16,Y,Elder,M,17,C,INDIGO,N,NW,Y
13432,842.43,N,Elder,M,14,C,BROWN,M,MW,Y
13433,385.01,N,Elder,M,16,A,MAGENTA,M,MW,N
13434,501.75,N,Elder,F,12,A,MAGENTA,N,NE,Y
13435,370.89,N,Elder,M,15,A,INDIGO,M,MW,N
13436,450.5,N,Elder,F,14,A,INDIGO,M,ME,Y
13437,481.04,N,Elder,M,16,A,INDIGO,S,SE,Y
13438,713.52,N,Elder,F,17,B,INDIGO,S,SW,Y
13439,698.9,N,Elder,M,15,B,BROWN,N,NW,Y
13440,1004.14,N,Elder,F,16,B,MAGENTA,S,SE,Y
13441,840.23,N,Elder,M,14,B,MAGENTA,S,SE,Y
13442,836.1,N,Young,M,17,B,INDIGO,N,NW,N
13443,691.78,N,Elder,F,16,B,MAGENTA,N,NE,N
13444,1016.74,N,Elder,M,18,B,INDIGO,M,MW,N
13445,888.26,N,Elder,F,18,B,INDIGO,M,MW,N
13446,494.07,N,Elder,M,13,B,BROWN,M,ME,Y
13447,1132.69,N,Elder,F,18,C,INDIGO,M,ME,Y
13448,1043.32,Y,Elder,M,16,C,BROWN,N,NE,Y
13449,311.32,N,Elder,M,13,A,BROWN,S,SW,Y
13450,1315.56,Y,Elder,M,18,D,BROWN,M,MW,Y
13451,1163.69,N,Elder,F,20,C,MAGENTA,N,NE,N
13452,2195.31,Y,Elder,M,14,C,INDIGO,M,ME,N
13453,975.92,Y,Elder,M,21,B,BROWN,N,NE,Y
13454,493.61,N,Elder,M,18,A,MAGENTA,N,NE,N
13455,1109.12,N,Elder,F,15,B,BROWN,N,NW,Y
13456,754.9,N,Elder,M,16,B,BROWN,N,NE,Y
13457,1035.36,Y,Elder,M,18,C,BROWN,N,NW,Y
13458,1216.13,N,Elder,M,16,D,INDIGO,N,NE,Y
13459,578.87,N,Elder,M,14,B,INDIGO,S,SW,Y
13460,1324.16,Y,Young,M,18,D,BROWN,N,NE,Y
13461,565.52,Y,Young,M,13,A,BROWN,M,ME,Y
13462,496.72,N,Elder,M,15,A,BROWN,M,ME,N
13463,564.83,N,Young,M,14,B,INDIGO,M,MW,N
13464,1133.54,N,Elder,F,14,D,PURPLE,M,MW,N
13465,1326.34,N,Elder,M,18,C,INDIGO,M,MW,N
13466,731.56,N,Elder,M,17,B,INDIGO,M,MW,N
13467,937.84,N,Elder,M,16,C,PURPLE,M,MW,N
13468,626.26,N,Elder,M,20,A,BROWN,S,SE,Y
13469,652.59,N,Elder,M,19,A,MAGENTA,N,NE,N
13470,828.01,N,Elder,M,19,B,BROWN,M,MW,Y
13471,989.5,N,Elder,F,16,B,MAGENTA,S,SW,N
13472,861.25,N,Elder,M,19,B,INDIGO,N,NE,Y
13473,631.73,N,Elder,F,19,A,BROWN,N,NW,Y
13474,1126.31,Y,Elder,F,14,B,INDIGO,M,ME,Y
13475,1085.26,N,Elder,F,17,C,INDIGO,M,MW,Y
13476,514.1,N,Young,M,13,B,INDIGO,N,NW,N
13477,1257.15,N,Young,M,14,B,INDIGO,N,NW,Y
13478,659.38,N,Elder,M,14,B,INDIGO,M,MW,N
13479,272.15,N,Elder,F,13,A,INDIGO,S,SE,N
13480,491.46,N,Elder,M,15,A,MAGENTA,M,ME,Y
13481,396.95,Y,Young,F,11,B,MAGENTA,M,ME,Y
13482,494.66,N,Elder,M,15,A,INDIGO,N,NW,Y
13483,845.28,Y,Young,M,14,C,BROWN,N,NE,Y
13484,1255.06,N,Elder,F,21,C,INDIGO,S,SW,Y
13485,2161.63,Y,Elder,F,16,C,INDIGO,S,SW,Y
13486,877.19,N,Elder,M,18,B,INDIGO,M,ME,Y
13487,676.58,Y,Young,M,15,B,BROWN,N,NW,Y
13488,909.23,N,Elder,F,19,B,BROWN,S,SW,Y
13489,956.99,N,Elder,M,16,C,BROWN,N,NW,Y
13490,600.34,N,Elder,M,19,A,BROWN,M,ME,Y
13491,679.67,N,Young,F,16,B,INDIGO,M,MW,Y
13492,847.25,N,Elder,F,15,B,BROWN,S,SE,N
13493,963.87,N,Elder,M,16,C,PURPLE,M,MW,N
13494,689.3,N,Elder,M,16,B,BROWN,N,NW,Y
13495,435,N,Elder,F,12,B,MAGENTA,S,SW,Y
13496,566.46,N,Elder,M,14,B,MAGENTA,N,NW,N
13497,1256.15,N,Elder,M,18,C,BROWN,M,MW,Y
13498,431.37,N,Elder,M,16,A,BROWN,S,SW,Y
13499,555.4,N,Elder,M,18,A,BROWN,S,SW,N
13500,404.89,N,Elder,F,13,A,BROWN,M,ME,Y
13501,612.69,N,Elder,M,14,B,MAGENTA,S,SW,Y
13502,707.28,N,Elder,M,20,A,INDIGO,N,NW,Y
13503,469.52,N,Young,M,12,B,MAGENTA,M,MW,Y
13504,827,N,Young,F,19,B,MAGENTA,N,NW,N
13505,395.71,N,Elder,F,15,A,INDIGO,S,SW,Y
13506,815.55,N,Elder,M,13,C,MAGENTA,S,SW,Y
13507,1452.89,N,Elder,M,22,C,BROWN,N,NW,N
13508,461.81,Y,Young,F,17,A,BROWN,N,NW,Y
13509,358.4,N,Elder,M,15,A,BROWN,N,NW,N
13510,1463.99,N,Elder,M,14,B,INDIGO,N,NW,N
13511,578.22,N,Elder,F,14,B,BROWN,N,NW,N
13512,1033.6,N,Elder,M,18,C,INDIGO,N,NW,Y
13513,465.06,N,Elder,M,16,A,INDIGO,M,ME,Y
13514,792.52,N,Elder,M,18,B,BROWN,N,NE,Y
13515,1006.93,N,Elder,F,19,B,MAGENTA,N,NW,N
13516,1127.61,Y,Elder,F,17,B,BROWN,M,MW,Y
13517,284.25,N,Elder,F,13,A,MAGENTA,S,SW,N
13518,392.27,N,Elder,M,15,A,MAGENTA,S,SE,N
13519,1022.5,N,Elder,M,15,B,INDIGO,M,ME,Y
13520,1272.71,N,Elder,F,17,D,INDIGO,S,SW,N
13521,453.06,N,Elder,M,17,A,MAGENTA,N,NW,N
13522,849.81,N,Elder,F,14,B,MAGENTA,S,SW,Y
13523,616.54,N,Elder,M,15,A,BROWN,N,NE,Y
13524,1010.18,Y,Elder,M,22,B,MAGENTA,N,NE,Y
13525,1649.93,Y,Elder,F,19,D,BROWN,M,ME,N
13526,971.5,N,Elder,M,19,B,MAGENTA,M,MW,Y
13527,832.98,N,Elder,M,15,A,INDIGO,N,NE,N
13528,1048.04,N,Elder,F,18,C,MAGENTA,N,NW,N
13529,862.86,N,Elder,F,17,B,INDIGO,M,MW,Y
13530,817.48,N,Elder,M,16,B,INDIGO,N,NE,N
13531,740.04,N,Elder,F,16,B,BROWN,M,ME,Y
13532,946.54,N,Elder,M,19,B,BROWN,N,NW,Y
13533,410.37,N,Elder,F,10,B,INDIGO,N,NW,N
13534,1012.27,N,Elder,M,19,B,BROWN,M,ME,Y
13535,440.11,Y,Elder,M,14,A,MAGENTA,N,NW,N
13536,693.59,N,Elder,M,14,B,PURPLE,N,NW,N
13537,1546.82,N,Elder,M,21,A,MAGENTA,S,SW,Y
13538,568,N,Elder,M,14,B,INDIGO,S,SE,Y
13539,1085.47,N,Elder,M,16,C,BROWN,S,SE,Y
13540,867.46,N,Elder,M,19,B,MAGENTA,N,NW,N
13541,514.06,N,Elder,F,12,B,BROWN,S,SW,Y
13542,1234.11,N,Elder,F,14,C,INDIGO,S,SW,Y
13543,871.27,N,Elder,F,15,B,MAGENTA,N,NE,N
13544,749.61,Y,Elder,F,18,A,INDIGO,S,SW,Y
13545,775.63,N,Elder,F,13,C,INDIGO,M,ME,Y
13546,992.52,N,Elder,M,17,C,MAGENTA,N,NE,N
13547,509.63,N,Elder,M,15,A,BROWN,N,NE,Y
13548,1020.03,N,Elder,F,17,C,INDIGO,N,NE,Y
13549,753.39,Y,Elder,M,17,B,BROWN,N,NE,Y
13550,422.91,N,Elder,M,15,A,BROWN,N,NE,Y
13551,293.14,N,Elder,F,13,A,BROWN,N,NE,Y
13552,690.42,N,Elder,M,14,B,BROWN,N,NW,Y
13553,925.87,N,Elder,M,15,C,BROWN,M,ME,N
13554,355.89,N,Elder,M,15,A,INDIGO,N,NE,N
13555,448.85,Y,Elder,M,17,A,BROWN,N,NE,Y
13556,920.16,Y,Young,M,14,C,INDIGO,S,SE,N
13557,1403.4,N,Elder,F,19,A,INDIGO,N,NW,Y
13558,1066.84,N,Elder,M,18,C,MAGENTA,M,MW,N
13559,934.41,N,Elder,F,15,C,INDIGO,M,MW,Y
13560,561.28,N,Elder,F,12,B,MAGENTA,M,MW,N
13561,343.75,Y,Young,M,15,A,BROWN,S,SW,Y
13562,629.13,N,Elder,M,17,A,MAGENTA,S,SW,N
13563,416.87,N,Elder,M,16,A,BROWN,S,SW,Y
13564,525.41,N,Elder,M,17,A,BROWN,M,ME,Y
13565,459.97,N,Elder,F,12,B,MAGENTA,S,SE,N
13566,444.2,N,Elder,M,15,A,INDIGO,S,SE,Y
13567,1061.1,N,Elder,M,17,C,MAGENTA,S,SW,Y
13568,525.52,N,Elder,F,16,A,BROWN,S,SE,Y
13569,1134,N,Elder,F,19,C,MAGENTA,M,MW,Y
13570,487.1,Y,Young,F,17,A,MAGENTA,N,NE,N
13571,1014.14,N,Elder,M,20,B,MAGENTA,N,NW,N
13572,397.69,N,Elder,M,16,A,INDIGO,S,SW,N
13573,564.95,N,Elder,M,14,B,BROWN,M,MW,Y
13574,1126.67,N,Elder,M,19,C,INDIGO,M,MW,N
13575,875.66,N,Elder,M,15,B,INDIGO,N,NW,N
13576,585.73,N,Elder,M,17,A,INDIGO,S,SW,N
13577,1380.17,Y,Elder,M,15,D,BROWN,S,SW,Y
13578,833.53,N,Elder,F,19,B,INDIGO,M,MW,N
13579,890.19,N,Elder,F,16,B,INDIGO,S,SE,N
13580,496.85,N,Elder,F,13,B,INDIGO,M,MW,Y
13581,558.27,N,Elder,F,14,B,BROWN,N,NW,Y
13582,1559.55,Y,Young,F,17,D,BROWN,N,NW,Y
13583,674.99,N,Elder,M,13,B,BROWN,S,SE,N
13584,339.7,N,Elder,M,15,A,BROWN,M,ME,N
13585,479.86,N,Elder,F,16,A,INDIGO,N,NW,N
13586,758.07,N,Elder,M,18,A,BROWN,S,SE,N
13587,526.02,N,Elder,M,12,B,BROWN,S,SE,Y
13588,877.72,Y,Elder,F,13,C,INDIGO,S,SW,N
13589,1114.51,N,Elder,F,19,C,MAGENTA,M,MW,Y
13590,1134.18,N,Elder,M,23,B,PURPLE,N,NE,N
13591,1018.98,N,Elder,F,19,A,INDIGO,S,SE,Y
13592,843.21,N,Elder,F,19,B,INDIGO,N,NW,N
13593,606.33,N,Elder,F,14,B,BROWN,M,ME,Y
13594,1146.43,N,Elder,M,20,C,INDIGO,M,MW,N
13595,507.17,N,Elder,F,16,A,BROWN,S,SE,Y
13596,789.73,N,Elder,M,16,A,INDIGO,S,SE,Y
13597,1047.79,N,Elder,F,19,B,BROWN,N,NE,Y
13598,244.46,N,Elder,M,13,A,MAGENTA,N,NE,N
13599,492.34,N,Elder,F,17,A,MAGENTA,M,MW,N
13600,1146.52,N,Elder,F,14,B,BROWN,M,ME,Y
13601,1119.23,N,Elder,M,18,C,PURPLE,N,NW,N
13602,1408.66,Y,Elder,F,17,B,INDIGO,S,SW,N
13603,1179.34,Y,Elder,F,15,B,MAGENTA,S,SW,Y
13604,1014.7,N,Elder,M,17,C,BROWN,M,ME,Y
13605,781.21,N,Elder,F,18,B,BROWN,M,MW,Y
13606,576.47,N,Elder,M,12,B,BROWN,M,ME,Y
13607,496.59,N,Elder,M,12,B,INDIGO,M,ME,N
13608,530.81,N,Elder,M,11,A,PURPLE,N,NE,N
13609,522.5,N,Elder,M,18,A,BROWN,M,ME,N
13610,791.67,N,Elder,M,14,B,INDIGO,S,SW,N
13611,1160.83,N,Elder,M,17,B,INDIGO,N,NW,Y
13612,935.18,N,Young,F,17,B,MAGENTA,M,MW,N
13613,773.87,N,Elder,M,16,B,MAGENTA,S,SW,Y
13614,909.71,N,Elder,M,20,B,INDIGO,S,SW,Y
13615,737.92,N,Elder,F,17,B,BROWN,S,SW,Y
13616,964.92,Y,Elder,M,16,C,INDIGO,S,SW,Y
13617,456.48,N,Elder,M,15,A,INDIGO,M,MW,Y
13618,975.02,N,Elder,M,16,C,BROWN,N,NW,Y
13619,632.43,N,Elder,F,20,A,MAGENTA,S,SW,Y
13620,609.22,N,Elder,F,15,B,INDIGO,M,MW,N
13621,1033.26,N,Young,M,15,C,MAGENTA,M,ME,N
13622,462.6,N,Elder,F,16,A,INDIGO,N,NW,Y
13623,1098.1,N,Elder,M,15,C,INDIGO,M,ME,N
13624,617.22,N,Elder,M,15,B,BROWN,N,NE,Y
13625,302.89,N,Elder,M,14,A,BROWN,N,NE,N
13626,853.51,N,Elder,M,19,B,BROWN,S,SE,Y
13627,987.89,N,Elder,F,17,C,BROWN,S,SW,Y
13628,665.17,Y,Elder,M,16,B,BROWN,M,ME,Y
13629,1109.51,N,Elder,F,17,C,BROWN,S,SW,Y
13630,1874.38,N,Elder,F,14,D,BROWN,M,MW,N
13631,1121.85,N,Elder,M,18,C,MAGENTA,N,NE,Y
13632,679.44,N,Elder,F,16,B,BROWN,M,MW,N
13633,610.46,N,Elder,M,15,B,INDIGO,M,MW,Y
13634,860.06,N,Elder,M,18,B,MAGENTA,M,MW,N
13635,737.3,N,Elder,F,12,C,MAGENTA,N,NW,N
13636,1409.77,N,Elder,M,19,C,INDIGO,M,ME,N
13637,735.16,Y,Elder,M,17,B,BROWN,N,NE,Y
13638,575.49,N,Elder,F,16,A,INDIGO,S,SE,Y
13639,378.35,N,Elder,F,16,A,INDIGO,S,SE,Y
13640,471.5,N,Elder,F,17,A,BROWN,S,SE,Y
13641,1165.47,Y,Elder,M,16,C,BROWN,M,MW,Y
13642,958.14,N,Elder,F,14,B,INDIGO,M,MW,Y
13643,412.94,N,Elder,M,16,A,BROWN,S,SW,Y
13644,787.78,N,Elder,F,13,C,INDIGO,N,NW,N
13645,899.3,N,Elder,F,19,B,BROWN,N,NW,N
13646,1066.24,N,Elder,M,15,B,INDIGO,N,NW,N
13647,1123.46,N,Elder,F,19,A,BROWN,S,SW,Y
13648,580.44,N,Elder,M,14,A,INDIGO,M,MW,Y
13649,846.25,N,Elder,F,14,C,BROWN,N,NW,N
13650,761.04,N,Elder,F,13,B,INDIGO,S,SW,Y
13651,1164.88,N,Elder,M,14,B,BROWN,S,SE,Y
13652,690.39,N,Elder,M,13,A,BROWN,M,MW,Y
13653,1110.61,N,Elder,F,20,B,BROWN,S,SW,N
13654,711.09,N,Elder,F,15,A,BROWN,N,NW,Y
13655,897.02,N,Elder,M,19,B,BROWN,M,ME,Y
13656,582.23,N,Elder,M,18,A,BROWN,M,ME,Y
13657,1365.43,N,Elder,M,19,B,MAGENTA,N,NE,Y
13658,448.63,N,Elder,M,17,A,BROWN,M,MW,N
13659,853.23,N,Elder,F,17,B,MAGENTA,S,SW,N
13660,773.22,N,Elder,F,17,B,INDIGO,M,MW,N
13661,189.81,Y,Elder,M,11,A,BROWN,N,NW,Y
13662,401.57,N,Elder,M,16,A,MAGENTA,S,SW,N
13663,516.01,N,Elder,M,18,A,MAGENTA,N,NW,N
13664,289.5,N,Elder,F,14,A,BROWN,N,NW,N
13665,1158.06,N,Elder,M,15,D,MAGENTA,N,NE,Y
13666,726.84,N,Elder,M,17,B,INDIGO,S,SW,Y
13667,721.79,Y,Young,M,17,B,INDIGO,M,MW,Y
13668,885.88,N,Elder,F,15,B,PURPLE,N,NE,N
13669,1029.6,Y,Elder,M,17,C,INDIGO,M,ME,Y
13670,1237.26,N,Elder,M,17,C,BROWN,M,ME,Y
13671,817.97,N,Elder,M,17,B,INDIGO,N,NW,N
13672,506.68,N,Elder,M,18,A,BROWN,N,NE,Y
13673,869.53,N,Young,F,15,B,BROWN,N,NW,N
13674,1374.64,Y,Young,M,14,D,BROWN,M,ME,Y
13675,252.92,N,Elder,F,13,A,MAGENTA,M,ME,N
13676,879.15,N,Elder,M,20,B,INDIGO,M,MW,N
13677,413.32,N,Elder,F,15,A,INDIGO,N,NW,Y
13678,932.99,N,Elder,M,16,C,MAGENTA,M,ME,N
13679,1541.41,Y,Elder,M,19,D,INDIGO,M,ME,Y
13680,1317.84,N,Elder,M,18,D,MAGENTA,S,SW,Y
13681,831.57,N,Elder,M,16,B,INDIGO,S,SW,Y
13682,330.21,N,Elder,M,15,A,MAGENTA,N,NW,N
13683,549.98,N,Elder,F,13,B,BROWN,N,NW,Y
13684,522.51,N,Elder,M,17,A,BROWN,M,MW,Y
13685,819.21,N,Elder,M,14,C,INDIGO,M,MW,N
13686,785.13,N,Elder,F,20,A,BROWN,N,NW,Y
13687,1014.09,N,Elder,M,17,C,INDIGO,M,ME,Y
13688,881.15,N,Elder,M,17,B,INDIGO,N,NE,Y
13689,829.33,N,Elder,F,17,A,BROWN,N,NW,Y
13690,796.48,N,Elder,M,16,B,BROWN,M,ME,Y
13691,577.71,N,Young,M,14,A,INDIGO,S,SW,Y
13692,729.28,N,Elder,F,21,A,MAGENTA,S,SW,N
13693,1013.09,Y,Young,M,16,C,BROWN,N,NE,Y
13694,926.77,N,Elder,M,20,B,MAGENTA,N,NE,N
13695,955.65,Y,Young,F,12,C,INDIGO,M,MW,Y
13696,1562.27,N,Young,M,16,B,PURPLE,N,NE,N
13697,980.95,N,Elder,M,15,C,INDIGO,S,SE,N
13698,600.68,N,Elder,M,15,A,BROWN,S,SE,Y
13699,872.51,N,Elder,F,10,C,INDIGO,M,ME,N
13700,675.88,N,Elder,M,19,A,INDIGO,N,NE,Y
13701,473.56,N,Elder,M,14,A,PURPLE,M,MW,N
13702,776.14,N,Elder,M,18,B,BROWN,M,ME,Y
13703,999.19,N,Elder,M,14,C,MAGENTA,S,SE,N
13704,597.57,Y,Young,M,13,A,BROWN,N,NW,Y
13705,603.35,N,Elder,F,14,B,PURPLE,M,MW,N
13706,440.54,N,Elder,M,17,A,BROWN,M,ME,Y
13707,396.4,N,Elder,F,16,A,BROWN,S,SW,Y
13708,807.15,N,Elder,F,18,B,BROWN,S,SE,N
13709,902.45,N,Elder,M,18,B,INDIGO,M,ME,Y
13710,1957.88,N,Elder,M,16,B,INDIGO,N,NE,N
13711,768.46,N,Elder,M,15,B,INDIGO,N,NE,Y
13712,459.27,N,Elder,M,17,A,BROWN,M,MW,Y
13713,389.62,N,Elder,F,14,A,INDIGO,M,MW,N
13714,848.93,N,Elder,M,19,B,BROWN,M,MW,Y
13715,891.13,N,Elder,M,15,B,BROWN,S,SE,Y
13716,740.37,N,Elder,M,17,A,BROWN,M,MW,Y
13717,618.85,N,Elder,M,13,B,INDIGO,M,ME,Y
13718,814.86,N,Elder,M,13,C,MAGENTA,N,NW,N
13719,784.08,N,Elder,M,18,B,BROWN,N,NE,Y
13720,1226.2,N,Elder,M,15,D,MAGENTA,N,NE,N
13721,386,N,Elder,F,14,A,INDIGO,M,MW,N
13722,507.21,N,Elder,M,17,A,INDIGO,N,NE,Y
13723,910.16,Y,Young,M,16,B,MAGENTA,N,NE,Y
13724,1123.09,N,Elder,F,15,C,INDIGO,M,ME,Y
13725,563.9,N,Elder,F,18,A,INDIGO,N,NW,N
13726,995.74,N,Elder,F,16,C,INDIGO,N,NW,N
13727,778.75,N,Elder,M,16,B,BROWN,N,NW,Y
13728,432.47,N,Young,M,15,A,PURPLE,N,NE,N
13729,903.12,N,Elder,M,15,B,INDIGO,N,NE,Y
13730,825.77,N,Elder,M,19,B,INDIGO,N,NW,Y
13731,670.27,N,Elder,M,19,A,BROWN,M,MW,N
13732,555.91,N,Elder,F,18,A,INDIGO,S,SE,N
13733,594.86,N,Elder,M,12,B,BROWN,S,SW,Y
13734,664.27,N,Elder,F,16,B,MAGENTA,N,NW,N
13735,729.3,N,Elder,F,17,B,BROWN,M,ME,Y
13736,546.71,N,Elder,M,18,A,INDIGO,N,NE,Y
13737,1217.95,N,Elder,F,18,C,PURPLE,S,SW,N
13738,562.84,N,Elder,M,16,A,BROWN,N,NE,Y
13739,1049.27,N,Elder,M,18,C,BROWN,S,SE,N
13740,1517.6,Y,Young,F,19,C,BROWN,S,SW,Y
13741,628.45,N,Elder,M,14,B,INDIGO,N,NW,N
13742,337.59,N,Elder,M,14,A,INDIGO,M,ME,N
13743,946.87,N,Elder,M,16,C,INDIGO,N,NW,Y
13744,953.23,Y,Elder,M,16,C,BROWN,N,NW,Y
13745,1085.36,Y,Elder,M,23,B,BROWN,S,SW,Y
13746,310.34,N,Elder,M,13,A,BROWN,S,SW,Y
13747,1027.15,N,Elder,M,16,C,MAGENTA,M,ME,N
13748,737.08,N,Elder,F,17,B,INDIGO,N,NE,N
13749,772.82,N,Elder,F,13,C,BROWN,S,SW,N
13750,999.01,N,Elder,M,16,C,INDIGO,S,SW,N
13751,974.52,N,Elder,F,20,B,INDIGO,M,MW,Y
13752,1146.27,N,Elder,M,14,A,INDIGO,S,SW,Y
13753,878.16,N,Elder,M,16,B,PURPLE,N,NW,N
13754,1390.95,N,Elder,M,20,C,MAGENTA,S,SW,N
13755,342.27,N,Elder,F,13,A,PURPLE,S,SW,N
13756,1813.05,N,Young,M,14,C,MAGENTA,S,SW,N
13757,464.67,N,Elder,M,16,A,BROWN,M,MW,Y
13758,779.44,N,Elder,F,15,B,MAGENTA,M,MW,N
13759,433.33,N,Elder,F,15,A,BROWN,S,SE,Y
13760,768.95,N,Elder,F,18,B,MAGENTA,M,ME,Y
13761,885.88,N,Elder,M,17,A,BROWN,N,NW,Y
13762,717.97,N,Elder,M,17,B,INDIGO,N,NE,N
13763,582.43,Y,Elder,F,14,B,INDIGO,S,SE,Y
13764,138.76,N,Elder,M,11,A,PURPLE,M,MW,N
13765,1332.34,N,Elder,M,18,C,BROWN,M,ME,Y
13766,611.11,N,Elder,M,20,A,BROWN,S,SW,N
13767,596.95,Y,Elder,M,17,A,MAGENTA,S,SE,Y
13768,791.04,N,Elder,M,18,B,BROWN,S,SE,N
13769,851.3,Y,Young,M,19,B,INDIGO,M,MW,Y
13770,754.78,Y,Elder,F,19,A,BROWN,S,SW,Y
13771,854.6,N,Elder,M,16,B,INDIGO,N,NW,Y
13772,1022.25,N,Elder,M,15,C,INDIGO,M,ME,N
13773,750.86,N,Elder,M,17,A,BROWN,M,MW,Y
13774,1075.01,N,Young,F,12,D,MAGENTA,N,NW,N
13775,517.65,N,Elder,F,13,A,MAGENTA,N,NW,N
13776,1308.17,N,Elder,M,21,B,BROWN,S,SE,Y
13777,886.32,N,Young,F,18,B,MAGENTA,M,MW,N
13778,777.53,N,Elder,F,17,B,INDIGO,N,NE,Y
13779,1122.02,N,Elder,F,16,A,BROWN,N,NE,Y
13780,841.15,N,Elder,M,19,B,BROWN,S,SE,Y
13781,1211.2,N,Elder,M,18,A,BROWN,M,ME,Y
13782,528.42,N,Elder,F,14,A,INDIGO,N,NE,N
13783,1086.45,N,Young,F,12,B,MAGENTA,N,NE,N
13784,1194.81,N,Elder,F,18,A,INDIGO,N,NE,Y
13785,1176.96,N,Elder,M,22,B,BROWN,M,ME,Y
13786,932.31,N,Elder,M,18,B,INDIGO,N,NW,Y
13787,349.81,N,Elder,F,15,A,INDIGO,N,NE,N
13788,1234.92,N,Elder,F,16,D,MAGENTA,S,SW,Y
13789,643.39,N,Elder,F,14,B,BROWN,M,ME,Y
13790,506.08,N,Elder,M,18,A,BROWN,N,NW,Y
13791,1274.97,Y,Elder,M,14,C,MAGENTA,N,NW,Y
13792,227.18,N,Elder,M,13,A,INDIGO,S,SW,Y
13793,1097.16,N,Elder,M,19,B,INDIGO,N,NW,N
13794,1037.93,Y,Elder,F,17,C,MAGENTA,N,NE,N
13795,731.11,N,Elder,F,16,B,BROWN,S,SW,Y
13796,1008.21,N,Elder,M,16,B,MAGENTA,N,NW,N
13797,874.08,N,Elder,M,17,B,MAGENTA,M,MW,N
13798,686.15,N,Elder,F,16,B,BROWN,M,ME,Y
13799,1110.03,N,Elder,F,15,B,MAGENTA,M,MW,Y
13800,1420.2,N,Elder,M,13,C,BROWN,N,NE,Y
13801,454.21,N,Elder,M,15,A,BROWN,N,NE,N
13802,443.67,N,Elder,M,12,B,INDIGO,M,MW,Y
13803,301.59,N,Elder,F,14,A,MAGENTA,N,NW,Y
13804,1448.64,N,Elder,F,20,C,BROWN,M,MW,Y
13805,934,N,Elder,M,15,C,MAGENTA,N,NW,N
13806,237.89,N,Elder,F,12,A,BROWN,S,SE,Y
13807,1089.51,Y,Elder,F,17,C,BROWN,N,NE,N
13808,1023.28,N,Elder,M,18,B,BROWN,N,NE,N
13809,570.92,N,Elder,F,14,B,BROWN,M,ME,Y
13810,569.29,N,Elder,F,14,B,BROWN,M,ME,N
13811,1052.26,N,Elder,M,14,C,BROWN,N,NW,N
13812,697.32,N,Elder,M,15,B,BROWN,N,NE,Y
13813,439.05,N,Elder,F,11,B,INDIGO,S,SW,N
13814,579.45,N,Elder,M,12,A,BROWN,N,NE,N
13815,1131.49,N,Elder,M,19,C,BROWN,S,SW,Y
13816,698.39,N,Young,M,16,B,MAGENTA,N,NW,N
13817,797.61,N,Elder,F,18,B,INDIGO,M,MW,Y
13818,961.33,N,Elder,F,21,B,MAGENTA,N,NW,Y
13819,568.87,N,Elder,M,15,A,INDIGO,M,ME,N
13820,664.64,N,Elder,M,16,A,BROWN,M,MW,Y
13821,1486.29,N,Elder,M,14,B,BROWN,S,SE,Y
13822,1120.43,N,Elder,M,21,B,BROWN,N,NW,Y
13823,1183.77,N,Elder,M,18,C,BROWN,S,SW,N
13824,822.01,N,Elder,F,18,B,BROWN,S,SW,Y
13825,612.21,N,Elder,M,15,B,MAGENTA,M,MW,N
13826,946.95,N,Elder,M,14,C,BROWN,N,NE,N
13827,821.72,N,Elder,F,13,C,BROWN,M,ME,N
13828,640.66,N,Elder,M,18,A,INDIGO,S,SW,Y
13829,1317.59,N,Elder,M,16,B,BROWN,S,SE,Y
13830,392.75,N,Elder,F,15,A,BROWN,M,MW,Y
13831,1327.98,N,Elder,M,18,B,BROWN,S,SE,N
13832,1358.76,N,Elder,F,20,C,PURPLE,M,ME,N
13833,736.72,N,Elder,M,12,C,BROWN,S,SE,Y
13834,1123.34,N,Elder,M,15,C,INDIGO,M,ME,Y
13835,649.85,N,Elder,M,18,A,BROWN,S,SE,Y
13836,729.66,N,Elder,F,15,A,INDIGO,N,NE,Y
13837,1281.34,N,Elder,F,17,C,INDIGO,N,NW,N
13838,715.25,N,Elder,M,17,B,BROWN,N,NE,N
13839,681.37,N,Elder,F,16,B,PURPLE,N,NW,N
13840,635.07,N,Elder,M,13,A,INDIGO,N,NE,N
13841,589.67,N,Young,F,12,B,BROWN,N,NW,Y
13842,1327.2,N,Elder,M,14,C,INDIGO,M,MW,Y
13843,738.31,N,Elder,M,15,B,MAGENTA,M,ME,Y
13844,1413.37,N,Elder,M,16,C,BROWN,M,MW,Y
13845,726.99,N,Elder,M,14,A,BROWN,N,NW,Y
13846,441.59,N,Elder,M,12,B,MAGENTA,S,SW,Y
13847,1092.57,N,Elder,M,18,C,BROWN,S,SW,Y
13848,791.51,Y,Elder,F,18,B,MAGENTA,S,SE,N
13849,924.78,N,Elder,M,12,C,BROWN,S,SE,Y
13850,408.12,N,Elder,F,16,A,BROWN,N,NW,Y
13851,508.08,N,Elder,M,18,A,BROWN,S,SE,N
13852,1141.26,N,Elder,M,17,C,INDIGO,S,SW,Y
13853,941.67,N,Elder,M,21,B,BROWN,N,NW,Y
13854,616.46,N,Elder,M,15,B,INDIGO,S,SE,N
13855,1220.28,N,Elder,M,19,B,BROWN,N,NW,Y
13856,536.08,N,Elder,M,16,A,MAGENTA,S,SW,N
13857,484.25,N,Elder,F,16,A,INDIGO,N,NW,Y
13858,902.89,N,Young,F,11,B,BROWN,M,ME,N
13859,348.81,N,Elder,F,14,A,MAGENTA,N,NE,Y
13860,1354.79,N,Elder,M,15,B,BROWN,N,NW,Y
13861,783.72,Y,Young,M,17,B,BROWN,M,ME,Y
13862,890.59,N,Young,M,15,B,PURPLE,M,MW,N
13863,706.88,N,Elder,F,14,B,BROWN,M,MW,Y
13864,425.57,N,Elder,F,14,A,BROWN,S,SE,Y
13865,511.53,N,Elder,M,10,B,BROWN,M,ME,Y
13866,949.61,N,Elder,M,18,B,BROWN,N,NE,Y
13867,631.84,N,Elder,M,15,B,INDIGO,M,ME,N
13868,1257,N,Elder,M,16,D,BROWN,M,ME,Y
13869,652.36,N,Elder,M,16,A,INDIGO,M,MW,Y
13870,459.82,N,Elder,M,14,A,BROWN,M,ME,Y
13871,521.26,N,Elder,M,18,A,BROWN,N,NE,Y
13872,930.6,N,Elder,M,17,B,MAGENTA,M,MW,N
13873,484.09,N,Elder,M,17,A,BROWN,N,NE,Y
13874,1149.12,Y,Elder,M,22,A,BROWN,M,MW,Y
13875,699.11,N,Elder,F,13,B,MAGENTA,M,MW,N
13876,1081.49,N,Elder,M,14,C,BROWN,S,SW,N
13877,971.39,N,Elder,F,16,C,BROWN,M,MW,Y
13878,678.44,N,Elder,F,15,B,MAGENTA,M,MW,N
13879,1239.43,N,Elder,M,16,D,BROWN,M,MW,Y
13880,695.85,N,Elder,F,16,B,INDIGO,N,NW,N
13881,989.2,N,Elder,F,21,B,INDIGO,N,NW,N
13882,638.39,Y,Elder,M,14,B,MAGENTA,N,NE,Y
13883,1302.99,N,Elder,F,15,C,BROWN,N,NE,N
13884,1440.89,N,Elder,M,23,B,BROWN,N,NW,Y
13885,729.44,N,Elder,M,16,B,BROWN,M,ME,Y
13886,669.73,N,Elder,M,16,B,INDIGO,S,SE,N
13887,706.47,N,Elder,F,12,C,INDIGO,N,NE,Y
13888,352.71,N,Elder,M,15,A,INDIGO,S,SW,Y
13889,700.56,N,Elder,F,19,A,INDIGO,M,ME,Y
13890,610.56,N,Elder,F,14,B,BROWN,N,NW,N
13891,783.19,N,Elder,F,15,B,INDIGO,M,MW,N
13892,898.59,N,Elder,M,14,C,BROWN,N,NE,N
13893,753.37,N,Elder,F,15,B,INDIGO,N,NW,N
13894,652.87,N,Elder,M,16,B,BROWN,M,ME,Y
13895,1654.87,N,Elder,M,23,D,BROWN,M,MW,Y
13896,789.97,N,Young,M,18,B,MAGENTA,N,NW,N
13897,917.91,N,Elder,F,15,C,MAGENTA,N,NE,N
13898,841.09,N,Elder,F,15,B,INDIGO,N,NW,Y
13899,785.14,N,Elder,M,16,B,BROWN,N,NE,Y
13900,978.4,N,Elder,M,16,C,INDIGO,M,MW,Y
13901,887.93,N,Elder,M,17,B,PURPLE,N,NW,N
13902,325.82,N,Elder,F,14,A,INDIGO,N,NW,Y
13903,229.41,N,Elder,M,13,A,BROWN,S,SE,N
13904,1368.17,Y,Elder,M,24,C,MAGENTA,N,NW,N
13905,1020.8,N,Elder,F,20,A,PURPLE,N,NW,N
13906,282.58,N,Elder,M,14,A,MAGENTA,N,NW,Y
13907,885.26,N,Elder,M,15,C,MAGENTA,N,NW,N
13908,1075.83,N,Elder,M,15,C,BROWN,M,ME,Y
13909,697.37,N,Elder,M,16,A,BROWN,M,ME,Y
13910,1360.19,Y,Elder,M,18,B,INDIGO,S,SW,Y
13911,249.08,N,Young,F,13,A,INDIGO,N,NE,Y
13912,734.9,N,Elder,F,17,A,BROWN,N,NW,N
13913,171.99,N,Young,F,11,A,MAGENTA,S,SW,N
13914,261.3,N,Elder,M,13,A,BROWN,S,SW,Y
13915,486.13,N,Young,F,16,A,BROWN,N,NW,Y
13916,877.21,N,Elder,M,17,B,BROWN,S,SE,Y
13917,1257.53,N,Elder,M,18,B,BROWN,M,MW,Y
13918,440.29,N,Elder,F,11,B,BROWN,N,NW,Y
13919,741.97,N,Elder,F,16,B,BROWN,M,ME,Y
13920,754.01,N,Young,M,12,C,INDIGO,N,NW,Y
13921,681.49,N,Young,F,16,B,BROWN,N,NE,N
13922,392.97,Y,Elder,F,16,A,BROWN,M,MW,Y
13923,448.85,N,Elder,M,12,B,BROWN,N,NW,Y
13924,847.42,N,Elder,M,17,B,MAGENTA,S,SE,N
13925,736.69,N,Elder,F,14,B,BROWN,N,NE,Y
13926,685.4,N,Elder,F,12,A,INDIGO,S,SW,N
13927,1504.77,N,Elder,F,15,C,PURPLE,N,NE,N
13928,844.08,N,Elder,M,16,B,MAGENTA,N,NW,N
13929,942.76,N,Elder,M,15,C,MAGENTA,M,MW,N
13930,821.6,N,Elder,M,18,B,BROWN,M,MW,Y
13931,1084.11,N,Elder,M,14,B,BROWN,N,NE,N
13932,671.5,N,Elder,M,16,A,BROWN,S,SE,Y
13933,636.24,N,Elder,M,19,A,INDIGO,M,ME,N
13934,752.79,N,Elder,F,17,B,INDIGO,S,SW,N
13935,434.34,N,Elder,F,15,A,INDIGO,M,ME,Y
13936,847.98,N,Elder,M,14,C,MAGENTA,S,SE,N
13937,675.6,Y,Elder,F,15,B,BROWN,M,MW,Y
13938,680.76,N,Elder,M,16,B,INDIGO,N,NE,N
13939,817.51,N,Elder,F,16,B,INDIGO,S,SE,Y
13940,724.44,N,Elder,F,15,B,MAGENTA,M,ME,N
13941,1071.2,N,Elder,M,22,B,INDIGO,S,SE,Y
13942,361.07,N,Elder,M,13,A,INDIGO,S,SE,Y
13943,823.15,N,Elder,F,13,C,MAGENTA,S,SW,N
13944,1100.89,N,Elder,M,17,B,BROWN,N,NW,Y
13945,493.98,N,Young,F,16,A,MAGENTA,N,NW,Y
13946,667.18,Y,Elder,M,18,A,INDIGO,M,MW,Y
13947,695.08,N,Elder,F,14,B,PURPLE,N,NE,N
13948,755.63,Y,Young,M,14,B,INDIGO,M,ME,Y
13949,552.63,N,Young,F,12,B,INDIGO,N,NW,Y
13950,1471.22,N,Elder,M,16,B,BROWN,N,NE,Y
13951,1155.65,N,Elder,M,20,B,BROWN,M,MW,Y
13952,362.69,N,Elder,M,15,A,INDIGO,N,NE,N
13953,1013.63,Y,Elder,M,21,B,BROWN,M,MW,Y
13954,748.91,N,Young,F,12,B,INDIGO,M,MW,Y
13955,771.9,N,Elder,M,20,A,INDIGO,N,NW,N
13956,938.52,N,Elder,M,20,B,INDIGO,N,NW,N
13957,813.38,N,Young,F,16,B,INDIGO,S,SW,N
13958,463.76,N,Elder,F,17,A,MAGENTA,N,NE,Y
13959,901.33,N,Elder,M,16,A,MAGENTA,N,NE,N
13960,1132.83,Y,Elder,F,19,B,BROWN,N,NW,Y
13961,1324.34,N,Elder,M,18,D,MAGENTA,M,MW,N
13962,799.49,N,Elder,M,22,A,INDIGO,M,ME,Y
13963,1247.57,Y,Elder,M,18,C,BROWN,N,NE,Y
13964,922.82,N,Elder,F,15,B,INDIGO,M,ME,N
13965,989.26,N,Elder,M,19,A,PURPLE,M,ME,N
13966,444.98,N,Elder,F,17,A,BROWN,M,MW,N
13967,894.37,N,Elder,M,17,B,INDIGO,N,NE,N
13968,1476.09,N,Elder,M,21,D,BROWN,N,NE,Y
13969,1220.82,N,Elder,M,18,C,BROWN,N,NW,Y
13970,677.93,N,Elder,M,15,B,INDIGO,N,NW,N
13971,792.67,N,Elder,F,13,C,INDIGO,M,MW,N
13972,1158.32,N,Elder,M,21,B,BROWN,M,ME,Y
13973,275.18,N,Elder,F,12,A,INDIGO,S,SW,Y
13974,616.85,N,Young,M,14,B,BROWN,M,ME,Y
13975,829.02,N,Elder,F,16,B,PURPLE,N,NE,N
13976,604.64,N,Elder,F,14,B,INDIGO,N,NE,N
13977,225.83,N,Elder,F,13,A,INDIGO,N,NW,Y
13978,721.08,N,Elder,M,15,B,BROWN,N,NW,Y
13979,577.65,N,Elder,M,14,B,BROWN,N,NE,Y
13980,1091.87,N,Elder,F,19,C,BROWN,S,SW,Y
13981,1757.38,N,Elder,M,16,C,INDIGO,S,SE,Y
13982,1007.88,N,Elder,M,16,C,BROWN,S,SW,Y
13983,845.54,N,Elder,M,13,C,BROWN,S,SW,Y
13984,662.98,N,Elder,M,15,B,INDIGO,M,ME,N
13985,148.57,N,Elder,M,11,A,INDIGO,S,SW,N
13986,1097.91,N,Elder,F,17,B,BROWN,N,NE,Y
13987,645.97,N,Elder,M,15,B,INDIGO,S,SW,N
13988,820.57,N,Elder,F,14,C,BROWN,N,NE,Y
13989,907.5,N,Elder,M,15,C,INDIGO,M,MW,N
13990,802.16,N,Young,M,18,B,INDIGO,S,SW,Y
13991,1288.82,N,Elder,F,17,D,MAGENTA,N,NW,N
13992,1109.7,N,Elder,F,16,B,PURPLE,N,NE,N
13993,1443.53,N,Elder,F,14,C,INDIGO,S,SE,Y
13994,748.16,N,Elder,M,18,A,INDIGO,N,NW,Y
13995,894.55,N,Elder,F,20,B,BROWN,N,NW,N
13996,738.33,N,Elder,F,17,B,BROWN,N,NW,Y
13997,779.36,N,Elder,M,18,B,PURPLE,S,SE,N
13998,437,N,Elder,M,17,A,INDIGO,S,SE,Y
13999,500.87,N,Young,M,13,B,INDIGO,S,SW,Y
14000,619.54,N,Elder,M,13,B,INDIGO,M,MW,N
14001,824.84,N,Elder,M,17,B,BROWN,S,SW,Y
14002,885.42,N,Elder,F,18,B,BROWN,M,MW,Y
14003,640.03,N,Elder,F,15,B,BROWN,N,NW,Y
14004,389.2,N,Elder,F,16,A,BROWN,N,NW,N
14005,1065.78,N,Elder,M,22,B,MAGENTA,M,MW,N
14006,1128.13,Y,Elder,M,17,C,MAGENTA,N,NE,N
14007,1453.17,N,Elder,F,13,D,MAGENTA,N,NE,N
14008,954.79,Y,Young,M,12,C,BROWN,M,ME,Y
14009,660.58,N,Elder,F,16,B,BROWN,M,MW,Y
14010,955.28,N,Elder,F,16,C,MAGENTA,M,ME,Y
14011,474.08,N,Elder,M,17,A,BROWN,N,NW,N
14012,1500.47,N,Elder,F,15,D,BROWN,M,ME,Y
14013,847.84,N,Elder,F,15,B,BROWN,N,NW,Y
14014,760.4,N,Elder,M,17,B,BROWN,S,SW,Y
14015,918.31,N,Elder,M,18,B,BROWN,M,MW,Y
14016,628.53,N,Elder,F,13,B,BROWN,M,MW,Y
14017,1613.46,N,Elder,M,22,B,MAGENTA,M,MW,N
14018,260.3,N,Young,M,12,A,MAGENTA,S,SE,Y
14019,974.74,N,Elder,M,18,B,BROWN,S,SW,Y
14020,347.19,N,Elder,F,12,A,MAGENTA,M,MW,Y
14021,446.13,N,Elder,M,17,A,BROWN,N,NW,Y
14022,857.13,Y,Elder,M,18,B,BROWN,M,ME,Y
14023,1036.52,N,Elder,F,16,C,INDIGO,M,ME,N
14024,1066.56,N,Elder,F,18,B,INDIGO,S,SE,N
14025,1167.68,N,Elder,M,20,C,INDIGO,N,NE,Y
14026,606.81,N,Elder,M,20,A,MAGENTA,M,MW,Y
14027,756.26,Y,Elder,F,15,B,INDIGO,M,ME,N
14028,800.53,N,Elder,F,15,B,BROWN,S,SW,Y
14029,1039.27,N,Elder,M,23,B,INDIGO,M,ME,N
14030,1327.54,N,Elder,F,14,C,BROWN,M,MW,Y
14031,901.87,N,Elder,M,18,B,INDIGO,S,SE,N
14032,1516.45,N,Elder,M,19,B,BROWN,S,SE,N
14033,697.34,N,Elder,M,14,A,MAGENTA,S,SE,Y
14034,1147.56,N,Elder,M,17,B,BROWN,M,ME,Y
14035,654.33,N,Elder,F,15,B,INDIGO,N,NW,N
14036,470.64,N,Elder,F,17,A,BROWN,S,SE,Y
14037,1237.15,N,Elder,M,18,C,INDIGO,N,NW,Y
14038,167.81,N,Elder,M,11,A,INDIGO,N,NE,Y
14039,1188.29,N,Elder,M,20,C,PURPLE,M,ME,N
14040,904.26,N,Elder,F,14,C,INDIGO,M,ME,Y
14041,1280.87,N,Elder,M,16,C,INDIGO,N,NW,Y
14042,908.49,N,Elder,F,19,B,MAGENTA,S,SE,N
14043,449.68,N,Elder,M,17,A,BROWN,M,ME,Y
14044,872.29,N,Elder,F,15,C,INDIGO,M,MW,N
14045,1157.52,N,Elder,M,14,A,MAGENTA,S,SW,Y
14046,1052.33,Y,Elder,M,12,D,BROWN,S,SW,Y
14047,643.63,N,Elder,M,18,A,BROWN,N,NW,Y
14048,1045.1,N,Elder,M,20,B,MAGENTA,N,NW,N
14049,822.45,N,Elder,F,15,B,BROWN,S,SE,Y
14050,1106.11,Y,Elder,M,17,C,BROWN,M,MW,Y
14051,768.35,Y,Elder,F,18,B,MAGENTA,N,NW,N
14052,496.96,N,Young,M,12,B,BROWN,N,NW,N
14053,1304.05,N,Elder,M,16,D,INDIGO,M,ME,N
14054,588.94,N,Elder,M,14,B,BROWN,N,NW,Y
14055,799.38,N,Elder,M,19,A,INDIGO,N,NE,N
14056,897.5,N,Elder,M,15,B,INDIGO,N,NW,Y
14057,903.38,N,Elder,M,14,C,BROWN,S,SW,Y
14058,581.22,N,Elder,M,13,B,INDIGO,N,NE,N
14059,1432.67,N,Elder,F,19,B,MAGENTA,M,ME,N
14060,497.3,N,Elder,M,18,A,BROWN,M,ME,Y
14061,329.09,N,Elder,F,15,A,INDIGO,N,NE,N
14062,999.39,N,Elder,F,17,C,BROWN,M,MW,Y
14063,1809.01,N,Elder,M,18,D,INDIGO,M,MW,Y
14064,1072.35,N,Young,M,14,C,BROWN,N,NE,Y
14065,249.1,N,Young,F,12,A,BROWN,N,NE,N
14066,606.72,N,Elder,M,20,A,INDIGO,N,NE,Y
14067,777.37,N,Elder,F,13,C,MAGENTA,S,SE,N
14068,505.09,N,Elder,M,12,B,BROWN,M,MW,Y
14069,1499.37,N,Elder,M,16,C,INDIGO,N,NW,N
14070,923.18,N,Elder,M,16,A,BROWN,N,NE,Y
14071,626.53,N,Elder,F,15,B,BROWN,M,MW,Y
14072,489.7,N,Elder,F,18,A,BROWN,N,NW,N
14073,1456.57,N,Elder,M,19,B,INDIGO,M,ME,Y
14074,895.78,N,Elder,F,17,B,MAGENTA,N,NW,N
14075,1105.91,N,Elder,F,18,B,INDIGO,N,NE,Y
14076,810.22,N,Elder,M,16,B,BROWN,S,SW,Y
14077,912.22,N,Elder,F,20,B,INDIGO,N,NW,Y
14078,493.31,N,Elder,F,16,A,MAGENTA,M,MW,Y
14079,576.34,N,Elder,F,16,A,BROWN,M,MW,Y
14080,740.93,N,Elder,F,18,A,MAGENTA,M,ME,N
14081,1535.86,N,Elder,F,17,D,BROWN,M,ME,N
14082,1860.63,N,Young,M,16,D,MAGENTA,M,ME,N
14083,1088.88,N,Elder,M,17,B,INDIGO,N,NE,Y
14084,558.43,N,Elder,M,13,B,MAGENTA,N,NW,Y
14085,221.55,N,Elder,F,12,A,INDIGO,N,NE,Y
14086,1156.1,N,Elder,M,16,A,BROWN,M,MW,Y
14087,2714.02,N,Elder,F,18,C,INDIGO,M,MW,N
14088,1198.28,N,Elder,M,21,C,PURPLE,S,SE,N
14089,701.51,N,Elder,M,16,B,BROWN,S,SW,Y
14090,245.25,N,Elder,F,12,A,MAGENTA,M,ME,N
14091,856.91,N,Elder,M,19,B,INDIGO,M,ME,Y
14092,418.75,N,Elder,F,16,A,INDIGO,M,MW,N
14093,1052.73,N,Elder,M,19,B,INDIGO,N,NE,Y
14094,1114.85,N,Elder,F,19,B,INDIGO,M,ME,Y
14095,878.05,N,Elder,M,12,B,PURPLE,N,NE,N
14096,696.83,N,Elder,F,16,B,INDIGO,N,NW,N
14097,659.29,N,Elder,M,18,A,MAGENTA,N,NW,N
14098,929.32,N,Elder,M,13,B,BROWN,S,SW,N
14099,1390.2,N,Elder,M,24,C,INDIGO,N,NW,N
14100,671.43,Y,Elder,F,16,B,INDIGO,N,NW,Y
14101,854.25,N,Elder,F,13,B,MAGENTA,N,NW,N
14102,640.92,N,Elder,F,15,B,BROWN,S,SW,Y
14103,677.69,N,Elder,F,11,C,INDIGO,M,ME,N
14104,1845.14,N,Elder,M,18,B,BROWN,S,SE,N
14105,861.27,N,Elder,F,13,C,BROWN,N,NW,N
14106,281.62,N,Elder,M,13,A,BROWN,N,NW,N
14107,709.14,N,Elder,F,16,B,INDIGO,N,NW,N
14108,1014.25,N,Elder,F,17,C,INDIGO,N,NE,N
14109,486.85,N,Elder,M,16,A,MAGENTA,N,NW,N
14110,810.97,N,Elder,F,13,C,BROWN,N,NW,Y
14111,900.93,Y,Elder,F,15,C,INDIGO,N,NE,Y
14112,641.96,N,Elder,M,17,A,BROWN,M,MW,Y
14113,665.84,N,Elder,M,16,B,BROWN,M,ME,Y
14114,757.33,N,Elder,F,15,B,MAGENTA,N,NW,Y
14115,643.66,N,Elder,F,15,B,INDIGO,M,MW,Y
14116,997.08,N,Elder,M,17,C,BROWN,M,ME,N
14117,929.93,Y,Elder,M,19,A,BROWN,M,MW,Y
14118,1023.2,N,Elder,M,18,B,INDIGO,N,NE,Y
14119,1265.17,Y,Elder,M,23,B,BROWN,M,ME,Y
14120,1160.72,N,Elder,F,19,C,INDIGO,S,SW,Y
14121,825.68,N,Elder,F,24,A,BROWN,M,MW,N
14122,163.91,N,Elder,F,12,A,INDIGO,N,NE,Y
14123,777.82,N,Elder,F,13,C,MAGENTA,M,ME,N
14124,770.91,N,Elder,F,17,B,MAGENTA,S,SE,N
14125,1173.68,N,Elder,F,20,C,BROWN,S,SE,Y
14126,616.33,N,Elder,M,14,B,BROWN,N,NW,N
14127,668.53,N,Elder,F,15,B,INDIGO,S,SW,N
14128,658.76,N,Elder,M,15,B,PURPLE,S,SE,N
14129,1012.45,N,Elder,M,16,C,MAGENTA,N,NE,N
14130,323.23,Y,Young,M,12,A,INDIGO,M,ME,Y
14131,479.62,N,Young,F,16,A,BROWN,M,ME,N
14132,849.38,N,Elder,M,14,C,BROWN,N,NW,Y
14133,888.53,N,Elder,F,14,B,INDIGO,S,SE,N
14134,241.58,N,Elder,F,13,A,MAGENTA,M,ME,Y
14135,813.26,N,Elder,M,17,B,MAGENTA,N,NW,N
14136,1101.99,N,Elder,M,17,C,MAGENTA,N,NW,N
14137,1045.51,N,Elder,F,13,D,BROWN,N,NW,Y
14138,768.22,N,Elder,F,17,B,MAGENTA,M,MW,Y
14139,315.92,N,Elder,F,14,A,INDIGO,M,MW,N
14140,1091.96,N,Elder,M,24,B,BROWN,M,ME,N
14141,828.99,Y,Elder,F,16,B,INDIGO,M,ME,Y
14142,459.03,N,Elder,M,13,A,BROWN,M,ME,Y
14143,894.42,N,Elder,F,10,D,INDIGO,N,NE,N
14144,1451.44,N,Elder,M,21,C,PURPLE,N,NE,N
14145,515.2,N,Elder,F,13,B,INDIGO,M,MW,Y
14146,534.5,Y,Elder,F,15,A,BROWN,S,SE,Y
14147,1443.51,N,Elder,M,17,C,BROWN,M,MW,Y
14148,757.23,N,Elder,M,17,B,INDIGO,M,MW,Y
14149,629.84,Y,Young,M,15,B,BROWN,N,NW,Y
14150,1291.96,N,Elder,M,18,C,INDIGO,N,NW,Y
14151,1051.58,N,Elder,F,16,B,MAGENTA,N,NE,N
14152,884.57,Y,Elder,M,18,B,INDIGO,N,NW,Y
14153,397.49,N,Elder,M,14,A,MAGENTA,M,ME,N
14154,665.14,Y,Young,M,16,B,INDIGO,S,SE,Y
14155,1150.84,N,Elder,F,20,C,INDIGO,M,ME,N
14156,1382.47,N,Young,M,18,D,MAGENTA,M,ME,N
14157,1348.66,N,Elder,M,17,D,BROWN,S,SE,N
14158,1120.73,N,Elder,M,16,B,BROWN,M,ME,Y
14159,855.32,N,Elder,M,19,B,MAGENTA,N,NW,N
14160,600.09,N,Elder,F,14,B,INDIGO,S,SE,N
14161,502.42,N,Elder,F,13,B,INDIGO,M,MW,N
14162,1172.27,N,Elder,F,15,D,INDIGO,M,ME,Y
14163,1062.1,N,Elder,M,18,C,MAGENTA,S,SW,Y
14164,540.61,N,Elder,F,17,A,MAGENTA,M,ME,Y
14165,352,N,Elder,F,14,A,MAGENTA,N,NE,Y
14166,631.23,N,Elder,F,15,A,BROWN,N,NW,Y
14167,1098.85,N,Elder,M,18,A,PURPLE,N,NE,N
14168,1041.61,N,Elder,M,17,B,INDIGO,S,SW,N
14169,1516.88,N,Elder,M,14,D,MAGENTA,M,ME,N
14170,1231.84,Y,Elder,F,17,C,BROWN,M,MW,Y
14171,806.03,Y,Elder,F,13,C,BROWN,N,NE,Y
14172,1144.9,Y,Elder,F,15,D,BROWN,N,NW,Y
14173,833.9,N,Elder,M,13,C,MAGENTA,M,MW,Y
14174,563.43,N,Elder,M,14,A,BROWN,S,SW,Y
14175,1240.24,Y,Elder,F,12,D,BROWN,S,SW,Y
14176,554.76,N,Elder,F,9,C,BROWN,N,NE,Y
14177,772.45,N,Elder,F,18,B,INDIGO,N,NW,Y
14178,1218.35,N,Elder,F,13,C,BROWN,N,NW,Y
14179,835.61,N,Elder,M,22,A,INDIGO,M,MW,Y
14180,680.71,N,Elder,F,16,B,MAGENTA,S,SE,Y
14181,401.39,N,Elder,F,15,A,INDIGO,N,NE,N
14182,963.61,N,Elder,M,12,C,MAGENTA,N,NE,N
14183,780.03,N,Elder,F,18,B,BROWN,M,ME,Y
14184,1629.46,Y,Elder,M,18,C,BROWN,M,MW,Y
14185,978.55,N,Elder,F,17,B,INDIGO,S,SE,Y
14186,755.66,N,Young,F,12,C,INDIGO,M,ME,Y
14187,1364.06,N,Elder,M,18,D,INDIGO,S,SE,Y
14188,282.26,N,Elder,F,11,A,INDIGO,S,SW,Y
14189,613.57,Y,Elder,M,15,B,BROWN,S,SW,Y
14190,1118.12,N,Elder,F,17,C,MAGENTA,N,NE,N
14191,1431.17,N,Elder,M,15,D,BROWN,S,SW,N
14192,743.13,N,Elder,F,13,A,BROWN,N,NW,N
14193,1199.42,N,Elder,F,14,A,MAGENTA,M,MW,N
14194,1051.76,N,Elder,M,15,B,BROWN,M,ME,Y
14195,1038.17,Y,Elder,F,18,B,BROWN,M,MW,Y
14196,1186.06,N,Elder,M,18,C,PURPLE,M,MW,N
14197,721,N,Elder,F,15,B,BROWN,S,SE,Y
14198,1323.37,Y,Elder,M,20,C,INDIGO,M,ME,Y
14199,1150.22,N,Elder,M,14,B,INDIGO,N,NW,N
14200,397.73,N,Elder,M,16,A,INDIGO,N,NE,Y
14201,744.14,N,Elder,M,16,B,BROWN,N,NE,N
14202,1436.89,Y,Elder,M,17,C,BROWN,N,NE,N
14203,775.51,N,Young,M,17,B,BROWN,M,MW,Y
14204,714.43,N,Elder,M,17,A,BROWN,M,MW,N
14205,986.12,N,Elder,M,18,B,BROWN,S,SE,Y
14206,894.09,N,Elder,M,19,B,MAGENTA,M,MW,N
14207,550.52,N,Elder,F,14,B,BROWN,N,NW,Y
14208,577.41,N,Elder,M,19,A,BROWN,N,NW,Y
14209,980.16,N,Elder,M,16,C,INDIGO,M,ME,Y
14210,487.92,N,Elder,M,17,A,BROWN,M,MW,Y
14211,1517.25,Y,Elder,M,15,B,BROWN,N,NW,Y
14212,999.79,N,Elder,M,17,C,BROWN,N,NW,N
14213,1035.85,N,Elder,F,16,C,MAGENTA,M,MW,N
14214,1061.66,N,Elder,M,15,B,BROWN,M,MW,Y
14215,941.96,N,Elder,F,14,C,PURPLE,M,ME,N
14216,926.44,N,Elder,F,16,C,INDIGO,M,ME,Y
14217,497.52,N,Elder,M,18,A,BROWN,S,SE,Y
14218,1395.03,N,Elder,M,13,A,INDIGO,N,NW,Y
14219,758.31,N,Young,M,14,B,BROWN,S,SE,N
14220,1104.32,N,Elder,F,19,B,INDIGO,N,NE,Y
14221,570.63,N,Young,M,19,A,MAGENTA,S,SW,N
14222,821.96,N,Elder,M,19,B,BROWN,S,SE,Y
14223,1274.08,N,Elder,M,14,D,BROWN,S,SW,Y
14224,907.04,N,Young,F,15,C,INDIGO,N,NW,N
14225,2445.15,Y,Young,M,16,C,INDIGO,N,NE,Y
14226,721.42,N,Elder,M,21,A,INDIGO,N,NW,N
14227,585.91,N,Young,F,14,B,INDIGO,N,NE,Y
14228,1025.88,N,Elder,M,17,B,BROWN,M,MW,Y
14229,986.63,N,Elder,F,20,B,INDIGO,N,NE,N
14230,1867.49,N,Elder,M,20,B,MAGENTA,N,NE,Y
14231,443.23,N,Elder,M,14,A,BROWN,N,NE,Y
14232,377.15,N,Elder,M,14,A,MAGENTA,N,NE,Y
14233,1335.38,N,Elder,F,20,C,BROWN,S,SE,Y
14234,879.78,N,Elder,M,19,B,INDIGO,M,ME,N
14235,622.41,N,Elder,M,14,B,INDIGO,N,NE,N
14236,1277.45,N,Elder,F,16,B,INDIGO,N,NE,Y
14237,262.24,N,Elder,F,12,A,INDIGO,N,NE,N
14238,374.58,N,Elder,M,15,A,BROWN,S,SE,N
14239,412.49,Y,Elder,F,16,A,BROWN,S,SW,Y
14240,307.23,N,Elder,F,14,A,BROWN,N,NW,Y
14241,1129.25,N,Elder,F,19,C,INDIGO,M,ME,N
14242,1059.8,N,Elder,M,18,C,BROWN,M,ME,N
14243,607.33,Y,Elder,M,15,B,BROWN,M,MW,Y
14244,1014.13,N,Elder,M,17,C,BROWN,S,SE,Y
14245,887.81,N,Elder,F,15,C,BROWN,N,NW,Y
14246,1389.05,Y,Elder,M,23,C,INDIGO,M,MW,Y
14247,886.23,N,Elder,M,14,C,INDIGO,N,NW,N
14248,1233.34,N,Elder,F,20,A,MAGENTA,M,ME,Y
14249,2404.98,N,Elder,F,23,C,INDIGO,M,MW,N
14250,796.99,N,Elder,M,17,B,BROWN,N,NW,Y
14251,1042.64,N,Elder,M,14,C,INDIGO,S,SW,N
14252,1040.88,N,Elder,M,18,C,INDIGO,N,NW,Y
14253,885.93,N,Elder,M,18,B,BROWN,N,NW,N
14254,982.81,N,Elder,F,15,B,BROWN,S,SE,N
14255,1138.79,N,Elder,F,19,C,INDIGO,M,MW,Y
14256,910.41,N,Elder,M,15,C,BROWN,N,NW,Y
14257,679.81,N,Elder,M,16,B,MAGENTA,M,MW,N
14258,1092.66,N,Young,M,18,B,PURPLE,M,MW,N
14259,726.16,N,Elder,F,17,B,BROWN,S,SW,N
14260,1225.5,N,Elder,M,18,C,BROWN,S,SE,Y
14261,1396.62,Y,Elder,M,19,C,BROWN,N,NW,Y
14262,1079.52,N,Elder,F,19,B,INDIGO,S,SE,N
14263,599.73,N,Elder,M,14,B,PURPLE,M,ME,N
14264,972.16,N,Elder,M,18,B,BROWN,N,NW,Y
14265,758.01,N,Elder,F,16,B,MAGENTA,N,NW,Y
14266,662.51,Y,Elder,M,16,B,BROWN,M,MW,Y
14267,1746.09,N,Elder,F,18,B,MAGENTA,S,SW,N
14268,1077.27,N,Elder,M,16,B,MAGENTA,M,MW,N
14269,919.31,N,Elder,M,18,B,BROWN,M,MW,Y
14270,1354.97,N,Elder,M,15,C,BROWN,S,SW,Y
14271,1260.9,N,Elder,F,14,B,INDIGO,N,NW,Y
14272,862.96,N,Elder,M,17,B,BROWN,M,MW,Y
14273,470.31,N,Elder,M,15,A,BROWN,N,NW,Y
14274,800.76,N,Elder,M,17,B,BROWN,M,ME,Y
14275,461.31,N,Elder,M,17,A,BROWN,M,MW,Y
14276,507.73,N,Elder,F,14,A,PURPLE,M,MW,N
14277,782.47,N,Elder,F,17,B,INDIGO,M,ME,Y
14278,1053.85,N,Elder,M,19,B,INDIGO,M,MW,N
14279,1119.34,Y,Elder,M,19,B,MAGENTA,M,ME,Y
14280,1292.5,N,Elder,M,16,C,BROWN,N,NW,N
14281,1264.44,Y,Elder,F,20,A,BROWN,M,MW,Y
14282,846.29,N,Elder,M,19,B,BROWN,N,NE,Y
14283,603.78,N,Elder,M,17,A,PURPLE,S,SE,N
14284,516.86,Y,Young,M,18,A,BROWN,M,MW,Y
14285,824.24,N,Elder,M,19,B,BROWN,N,NW,N
14286,885.78,N,Elder,M,18,B,MAGENTA,S,SE,N
14287,757.85,Y,Elder,M,17,B,BROWN,M,MW,Y
14288,961.24,N,Elder,F,18,A,BROWN,M,MW,Y
14289,398.74,Y,Elder,M,16,A,PURPLE,N,NE,N
14290,530.51,Y,Elder,M,12,B,BROWN,N,NW,Y
14291,940.37,N,Elder,M,19,B,BROWN,N,NE,Y
14292,460.05,N,Elder,M,17,A,BROWN,N,NW,Y
14293,514.19,N,Elder,F,15,A,INDIGO,N,NE,Y
14294,561.49,N,Elder,F,14,B,INDIGO,N,NW,N
14295,984.78,N,Elder,M,17,C,BROWN,N,NE,Y
14296,396.96,Y,Young,F,16,A,BROWN,N,NE,Y
14297,2094.94,N,Elder,M,17,A,BROWN,S,SW,Y
14298,2037.58,N,Elder,F,19,A,BROWN,S,SW,Y
14299,668.81,N,Elder,M,19,A,INDIGO,N,NE,N
14300,840.11,N,Elder,F,16,B,BROWN,N,NE,Y
14301,1271.57,N,Elder,M,20,B,INDIGO,S,SW,N
14302,949.85,Y,Elder,M,16,B,BROWN,N,NW,Y
14303,158.77,N,Elder,F,12,A,MAGENTA,N,NW,N
14304,1237.73,N,Elder,M,21,C,MAGENTA,S,SW,N
14305,554,N,Elder,F,17,A,INDIGO,M,ME,Y
14306,422.67,N,Elder,M,16,A,MAGENTA,S,SE,N
14307,1663.36,N,Elder,F,19,D,MAGENTA,N,NW,N
14308,1164.65,N,Elder,M,19,B,BROWN,S,SW,Y
14309,997.25,N,Elder,M,15,C,BROWN,N,NW,N
14310,944.58,Y,Young,M,15,C,BROWN,M,MW,Y
14311,463.94,N,Elder,F,17,A,BROWN,N,NE,Y
14312,766.33,N,Elder,M,15,B,BROWN,M,MW,Y
14313,1029.49,N,Elder,M,23,A,BROWN,N,NE,Y
14314,1139.76,N,Elder,F,15,C,BROWN,N,NE,Y
14315,556.49,N,Young,F,13,B,MAGENTA,N,NE,N
14316,2355.32,N,Elder,F,13,B,INDIGO,N,NW,N
14317,408.66,N,Elder,M,15,A,INDIGO,S,SE,Y
14318,904.06,Y,Elder,F,17,B,MAGENTA,M,MW,Y
14319,1039.66,N,Elder,M,16,C,MAGENTA,N,NE,N
14320,937.64,N,Elder,F,16,C,BROWN,N,NE,Y
14321,1317.77,N,Elder,F,22,A,MAGENTA,S,SE,Y
14322,850.97,N,Elder,M,14,B,INDIGO,M,MW,Y
14323,874.61,N,Elder,M,15,C,BROWN,M,MW,Y
14324,940.03,N,Elder,F,16,C,BROWN,N,NE,Y
14325,800.01,N,Elder,M,20,A,MAGENTA,M,ME,N
14326,659.75,N,Elder,F,14,B,MAGENTA,S,SW,Y
14327,1046.05,N,Elder,M,18,C,BROWN,S,SE,N
14328,542.93,Y,Young,M,13,B,INDIGO,M,MW,N
14329,353.19,N,Elder,F,15,A,INDIGO,N,NE,N
14330,614.09,N,Elder,M,15,B,BROWN,M,ME,Y
14331,709.34,N,Elder,F,14,A,INDIGO,N,NE,N
14332,789.36,Y,Elder,F,18,B,INDIGO,N,NE,Y
14333,1144.2,N,Elder,F,14,B,BROWN,N,NE,Y
14334,439.71,N,Elder,F,17,A,BROWN,N,NW,N
14335,408.4,N,Elder,M,16,A,MAGENTA,M,ME,Y
14336,326.41,N,Elder,M,15,A,INDIGO,M,ME,Y
14337,882.73,N,Elder,M,20,B,MAGENTA,M,MW,Y
14338,735.05,N,Elder,F,16,B,MAGENTA,M,MW,Y
14339,1151.78,N,Elder,M,16,C,INDIGO,S,SW,N
14340,263.77,N,Elder,M,12,A,BROWN,N,NE,N
14341,1090.47,N,Elder,F,14,C,INDIGO,S,SE,Y
14342,811.18,N,Elder,M,17,B,BROWN,S,SW,Y
14343,744.32,N,Elder,M,14,A,INDIGO,M,ME,Y
14344,584.67,N,Elder,F,13,B,BROWN,M,MW,Y
14345,1574.29,Y,Elder,M,14,B,INDIGO,S,SW,Y
14346,1085.88,N,Elder,M,17,A,INDIGO,N,NE,N
14347,560.58,N,Elder,F,15,A,MAGENTA,N,NE,Y
14348,935.22,N,Elder,F,14,C,MAGENTA,N,NE,N
14349,766.84,N,Elder,F,16,B,BROWN,M,ME,Y
14350,1225.05,N,Elder,M,16,D,MAGENTA,N,NE,Y
14351,1137.83,N,Elder,M,21,B,BROWN,S,SW,Y
14352,396.06,N,Elder,M,15,A,INDIGO,N,NW,Y
14353,541.54,N,Elder,M,19,A,BROWN,M,ME,Y
14354,607.18,N,Elder,M,14,B,INDIGO,M,MW,N
14355,1090.9,N,Elder,M,21,B,BROWN,N,NE,N
14356,825.55,Y,Elder,M,19,B,BROWN,M,ME,Y
14357,1256.96,N,Elder,M,17,D,MAGENTA,N,NW,N
14358,596.72,N,Elder,M,18,A,INDIGO,N,NW,N
14359,612.8,N,Elder,F,15,B,INDIGO,S,SW,N
14360,652.38,N,Elder,M,14,B,BROWN,M,MW,Y
14361,430.39,N,Elder,M,16,A,MAGENTA,N,NE,N
14362,837.06,N,Elder,M,18,B,INDIGO,S,SE,N
14363,900.78,Y,Elder,M,15,C,BROWN,N,NW,Y
14364,1373.6,N,Elder,F,16,C,BROWN,S,SW,Y
14365,842.28,N,Elder,F,11,B,INDIGO,M,ME,N
14366,678.42,N,Elder,M,15,B,MAGENTA,S,SW,N
14367,534.16,Y,Young,F,13,B,INDIGO,M,MW,Y
14368,1104.56,N,Elder,F,24,B,BROWN,M,MW,Y
14369,358.6,N,Elder,M,14,A,MAGENTA,S,SE,N
14370,229.86,N,Elder,M,13,A,INDIGO,S,SW,N
14371,974.67,Y,Elder,F,16,B,BROWN,N,NW,Y
14372,618.59,N,Elder,F,17,A,PURPLE,M,ME,N
14373,1437.66,N,Elder,M,16,C,INDIGO,M,ME,Y
14374,1089.76,N,Elder,M,19,C,BROWN,M,MW,Y
14375,620.01,N,Young,M,15,B,INDIGO,N,NE,Y
14376,793.49,Y,Elder,M,18,B,PURPLE,S,SW,N
14377,656.08,N,Elder,M,16,B,INDIGO,M,MW,N
14378,1150.49,N,Elder,F,20,C,INDIGO,N,NW,Y
14379,442.45,N,Elder,F,12,B,MAGENTA,M,MW,N
14380,847.79,N,Elder,M,19,B,BROWN,N,NW,Y
14381,477.72,N,Elder,M,17,A,BROWN,N,NW,N
14382,878.48,N,Elder,M,15,B,BROWN,N,NW,Y
14383,785.19,Y,Young,M,15,A,BROWN,N,NW,Y
14384,664.22,N,Young,M,16,B,INDIGO,N,NW,Y
14385,783,N,Elder,M,13,C,BROWN,N,NE,Y
14386,1000.21,N,Elder,M,22,B,MAGENTA,M,MW,N
14387,646.22,N,Elder,M,14,B,BROWN,N,NE,Y
14388,1277.07,N,Elder,M,21,C,INDIGO,M,MW,N
14389,235.16,N,Elder,F,13,A,INDIGO,N,NW,Y
14390,1119,N,Elder,F,16,C,BROWN,M,MW,Y
14391,497.37,N,Elder,M,18,A,BROWN,N,NW,Y
14392,405.61,N,Young,M,16,A,INDIGO,N,NW,N
14393,1010.02,N,Elder,F,16,B,INDIGO,N,NW,N
14394,769.15,N,Elder,M,16,A,BROWN,S,SE,Y
14395,961.28,N,Elder,F,16,B,INDIGO,S,SW,N
14396,391.39,N,Elder,M,16,A,INDIGO,S,SW,Y
14397,915.28,N,Elder,M,15,C,MAGENTA,N,NW,Y
14398,750.07,Y,Young,M,17,B,MAGENTA,N,NW,Y
14399,958.46,N,Elder,M,16,C,MAGENTA,M,MW,N
14400,1151.24,N,Elder,M,17,B,BROWN,M,ME,Y
14401,576.97,N,Elder,F,16,A,INDIGO,N,NW,Y
14402,1367.04,Y,Elder,M,19,D,INDIGO,N,NW,Y
14403,1206.67,N,Elder,M,16,B,INDIGO,S,SW,Y
14404,804.15,N,Elder,M,18,A,BROWN,N,NE,N
14405,249.49,Y,Elder,F,12,A,BROWN,S,SE,Y
14406,1064.89,N,Elder,M,17,C,PURPLE,N,NE,N
14407,838.86,N,Elder,M,18,B,BROWN,M,MW,Y
14408,1391.3,N,Elder,M,19,B,BROWN,M,MW,N
14409,1172.96,N,Elder,M,17,C,INDIGO,N,NW,N
14410,513.34,Y,Elder,M,13,B,BROWN,N,NW,Y
14411,899.2,N,Elder,F,17,B,BROWN,M,ME,Y
14412,961.12,N,Elder,M,16,C,MAGENTA,N,NW,N
14413,941.86,N,Elder,F,16,B,INDIGO,N,NW,N
14414,559.83,N,Elder,F,18,A,BROWN,M,MW,Y
14415,388.98,N,Elder,F,15,A,MAGENTA,N,NW,N
14416,1037.64,N,Elder,M,15,C,BROWN,M,MW,Y
14417,1562.78,Y,Elder,M,18,C,INDIGO,N,NE,N
14418,642.56,N,Elder,F,18,A,BROWN,N,NW,Y
14419,781.41,N,Elder,M,13,C,INDIGO,N,NE,Y
14420,996.31,N,Elder,F,15,A,BROWN,N,NE,Y
14421,248.28,N,Elder,M,13,A,INDIGO,S,SE,Y
14422,773.5,N,Elder,M,17,B,BROWN,N,NW,Y
14423,933.49,N,Elder,F,17,B,INDIGO,N,NW,Y
14424,970.34,N,Elder,M,14,C,MAGENTA,N,NW,N
14425,1097.24,N,Elder,M,19,C,INDIGO,M,ME,Y
14426,388.75,N,Elder,M,15,A,PURPLE,M,ME,N
14427,596.62,N,Elder,M,14,B,BROWN,M,MW,Y
14428,670.56,N,Elder,M,18,A,BROWN,M,MW,N
14429,468.85,Y,Elder,M,12,B,MAGENTA,S,SW,N
14430,921.18,N,Elder,M,15,A,BROWN,N,NE,Y
14431,667.04,Y,Elder,M,16,B,BROWN,S,SW,Y
14432,1008.52,N,Elder,M,19,B,BROWN,S,SE,N
14433,791.24,N,Elder,M,15,B,BROWN,N,NE,N
14434,1743.15,N,Elder,F,19,B,BROWN,M,ME,N
14435,680.68,N,Elder,F,16,B,BROWN,N,NW,Y
14436,1024.04,N,Elder,F,14,A,BROWN,S,SE,N
14437,1125.73,N,Elder,F,14,D,INDIGO,N,NE,N
14438,741.31,Y,Elder,M,18,A,INDIGO,M,MW,Y
14439,131.89,N,Elder,M,11,A,BROWN,S,SE,Y
14440,744.99,N,Elder,M,15,B,BROWN,N,NW,Y
14441,805.08,Y,Elder,M,18,B,BROWN,S,SE,Y
14442,675.9,N,Elder,M,16,B,INDIGO,M,ME,Y
14443,823.53,N,Elder,F,19,B,BROWN,M,ME,Y
14444,613.71,N,Elder,M,19,A,BROWN,S,SW,Y
14445,825.47,N,Elder,M,20,A,PURPLE,N,NW,N
14446,622.31,Y,Elder,F,15,B,INDIGO,M,ME,Y
14447,827.61,Y,Elder,F,18,B,MAGENTA,N,NE,Y
14448,593.15,N,Elder,F,15,A,BROWN,S,SW,N
14449,844.26,N,Elder,F,17,B,BROWN,N,NW,N
14450,519.73,Y,Young,M,13,B,INDIGO,M,MW,Y
14451,622.44,N,Elder,M,19,A,INDIGO,S,SW,Y
14452,1438.21,N,Elder,M,16,D,INDIGO,M,MW,N
14453,780.58,N,Elder,F,15,B,MAGENTA,M,MW,Y
14454,766.97,N,Elder,M,18,B,INDIGO,N,NW,Y
14455,863.08,N,Young,M,17,A,BROWN,M,ME,Y
14456,501.45,N,Elder,M,13,B,MAGENTA,M,ME,N
14457,1337.52,N,Elder,M,21,C,BROWN,M,MW,Y
14458,431.7,N,Elder,F,14,A,INDIGO,M,MW,N
14459,1269.83,N,Elder,F,20,C,MAGENTA,M,MW,N
14460,603.33,N,Elder,F,14,A,MAGENTA,N,NW,N
14461,780.06,N,Elder,M,14,B,BROWN,M,ME,Y
14462,1870.25,N,Elder,F,18,B,INDIGO,N,NW,Y
14463,1095.06,N,Elder,M,14,D,BROWN,S,SW,N
14464,214.47,N,Elder,M,10,A,BROWN,S,SW,N
14465,413.66,N,Elder,M,16,A,INDIGO,M,MW,N
14466,1003.94,Y,Elder,M,17,B,INDIGO,N,NE,Y
14467,986.32,N,Elder,F,15,C,BROWN,N,NE,N
14468,369.17,N,Elder,F,10,B,BROWN,N,NE,Y
14469,453.6,N,Elder,F,17,A,MAGENTA,S,SW,N
14470,919.87,N,Elder,F,15,C,MAGENTA,N,NW,Y
14471,1383.16,N,Elder,F,19,C,INDIGO,M,MW,Y
14472,662.54,N,Elder,M,21,A,MAGENTA,N,NE,N
14473,389.15,N,Elder,M,15,A,INDIGO,N,NE,N
14474,629.73,N,Elder,F,16,A,BROWN,M,ME,N
14475,456.94,N,Elder,M,16,A,BROWN,M,ME,Y
14476,800.11,Y,Young,M,13,C,BROWN,S,SW,Y
14477,803.68,N,Elder,F,13,A,BROWN,N,NE,N
14478,523,N,Elder,M,13,B,MAGENTA,M,MW,N
14479,716.41,N,Elder,M,16,B,INDIGO,M,ME,Y
14480,66.12,N,Elder,F,10,A,INDIGO,N,NE,Y
14481,581.6,N,Elder,M,14,A,MAGENTA,S,SE,N
14482,699.02,N,Elder,M,14,A,BROWN,M,MW,Y
14483,720.42,N,Elder,M,16,B,BROWN,M,ME,Y
14484,745.58,N,Elder,F,17,B,MAGENTA,N,NE,N
14485,1644.86,N,Elder,F,17,C,BROWN,S,SW,Y
14486,1047.74,Y,Young,M,13,D,INDIGO,S,SW,Y
14487,712.59,N,Elder,M,16,A,BROWN,M,ME,N
14488,1018.28,Y,Elder,M,20,B,BROWN,M,MW,Y
14489,791.16,N,Elder,F,16,B,BROWN,N,NW,N
14490,1025.1,Y,Elder,M,17,C,INDIGO,M,MW,Y
14491,889.55,N,Elder,F,14,B,INDIGO,S,SW,Y
14492,1607.59,N,Elder,M,20,A,BROWN,M,ME,N
14493,501.92,Y,Elder,M,18,A,BROWN,M,ME,Y
14494,644.31,N,Elder,M,18,A,PURPLE,N,NE,N
14495,923.99,N,Young,M,17,B,INDIGO,N,NW,Y
14496,674.67,N,Elder,M,13,B,MAGENTA,S,SW,N
14497,781.38,N,Elder,F,16,B,MAGENTA,N,NE,N
14498,597.56,N,Elder,F,14,B,INDIGO,M,ME,N
14499,433.64,N,Young,M,16,A,BROWN,M,MW,Y
14500,552.89,N,Elder,F,14,B,MAGENTA,M,MW,N
14501,826.15,N,Elder,M,18,B,BROWN,N,NW,Y
14502,999.37,N,Elder,M,14,C,BROWN,N,NW,N
14503,833.66,Y,Young,M,18,B,INDIGO,N,NW,Y
14504,1306.53,Y,Elder,F,17,C,INDIGO,N,NW,Y
14505,1093.48,N,Elder,F,17,C,INDIGO,M,MW,Y
14506,1064.51,N,Elder,F,18,B,INDIGO,N,NW,Y
14507,1098.33,N,Elder,M,18,C,INDIGO,N,NW,Y
14508,505.67,N,Elder,M,18,A,MAGENTA,N,NW,N
14509,983.36,Y,Elder,M,16,C,INDIGO,N,NE,Y
14510,750.64,N,Elder,M,20,A,INDIGO,S,SW,Y
14511,863.34,N,Elder,M,18,B,MAGENTA,M,MW,Y
14512,745.73,N,Elder,F,15,B,MAGENTA,N,NW,N
14513,959.25,N,Elder,M,17,B,PURPLE,S,SE,N
14514,505.54,N,Elder,F,14,A,INDIGO,S,SW,N
14515,1191,Y,Elder,M,19,C,INDIGO,M,ME,Y
14516,812.52,N,Elder,F,13,C,BROWN,M,MW,Y
14517,876.95,N,Elder,M,18,B,BROWN,N,NW,Y
14518,668.52,Y,Elder,M,18,A,MAGENTA,M,ME,N
14519,476.23,N,Elder,M,12,A,PURPLE,S,SW,N
14520,508.4,N,Young,F,16,A,BROWN,N,NW,N
14521,767.53,N,Elder,M,17,A,MAGENTA,M,ME,N
14522,528.21,N,Elder,F,13,B,PURPLE,N,NW,N
14523,830.67,Y,Young,M,14,C,MAGENTA,M,MW,N
14524,1095.25,N,Elder,M,14,C,MAGENTA,M,ME,Y
14525,1497.5,N,Elder,F,16,D,BROWN,N,NW,N
14526,366.02,N,Elder,M,15,A,BROWN,S,SE,N
14527,209.7,N,Elder,F,12,A,BROWN,M,MW,Y
14528,462.46,N,Elder,M,14,A,BROWN,N,NW,Y
14529,675.47,N,Elder,M,15,B,MAGENTA,M,MW,N
14530,794.37,N,Elder,F,21,A,INDIGO,N,NW,N
14531,718.17,N,Elder,M,17,B,INDIGO,N,NE,Y
14532,492.9,N,Elder,M,18,A,BROWN,M,MW,Y
14533,906.09,N,Elder,M,15,C,INDIGO,M,MW,Y
14534,1224.58,N,Elder,M,19,B,MAGENTA,M,ME,N
14535,545.2,N,Elder,M,14,A,INDIGO,S,SE,Y
14536,821.63,N,Elder,M,19,B,INDIGO,N,NW,Y
14537,936.5,N,Elder,M,15,C,MAGENTA,N,NE,N
14538,1448.85,N,Elder,F,17,D,INDIGO,N,NW,N
14539,707.85,N,Elder,M,17,B,INDIGO,S,SE,N
14540,548.9,N,Elder,M,18,A,MAGENTA,N,NE,N
14541,578.05,N,Young,F,19,A,MAGENTA,N,NE,N
14542,429.23,N,Elder,F,14,A,MAGENTA,M,ME,N
14543,687.71,Y,Elder,F,16,B,INDIGO,S,SW,Y
14544,450.47,N,Elder,M,14,A,MAGENTA,S,SE,Y
14545,995.72,N,Elder,M,17,C,BROWN,S,SW,Y
14546,540.7,N,Elder,M,14,A,MAGENTA,M,MW,N
14547,350.6,N,Elder,M,15,A,BROWN,S,SW,Y
14548,824.81,N,Elder,F,14,C,MAGENTA,N,NW,N
14549,721.99,Y,Elder,F,11,C,INDIGO,M,ME,Y
14550,1056.91,N,Young,F,12,A,INDIGO,S,SW,N
14551,499.78,N,Elder,M,17,A,BROWN,N,NW,Y
14552,1015.05,Y,Elder,M,17,B,INDIGO,N,NW,Y
14553,521.39,N,Elder,M,17,A,BROWN,M,ME,Y
14554,1522.02,N,Elder,M,17,D,BROWN,N,NW,Y
14555,1116.9,N,Elder,F,12,D,BROWN,S,SW,Y
14556,609.06,N,Elder,M,15,B,MAGENTA,M,ME,Y
14557,937.49,N,Elder,M,21,B,INDIGO,N,NE,Y
14558,886.33,N,Elder,M,14,C,BROWN,N,NW,Y
14559,918.22,Y,Elder,M,17,B,MAGENTA,N,NW,N
14560,728.75,N,Elder,F,12,C,BROWN,N,NW,Y
14561,932.9,N,Elder,M,19,B,BROWN,N,NE,Y
14562,959.51,Y,Elder,M,21,B,MAGENTA,S,SW,Y
14563,1041.58,Y,Elder,F,13,D,MAGENTA,M,MW,Y
14564,1148.49,N,Elder,M,14,B,BROWN,N,NE,Y
14565,1196.25,N,Elder,F,18,C,BROWN,M,MW,Y
14566,824.28,N,Elder,F,18,B,INDIGO,M,MW,N
14567,642.3,N,Elder,M,19,A,INDIGO,N,NE,Y
14568,1303.79,N,Elder,M,19,B,PURPLE,M,MW,N
14569,1718.97,N,Elder,M,18,C,MAGENTA,S,SW,N
14570,828.94,N,Elder,M,19,B,PURPLE,N,NW,N
14571,251.39,N,Elder,F,12,A,INDIGO,M,MW,Y
14572,940.04,N,Elder,F,14,C,BROWN,M,ME,Y
14573,544.88,N,Elder,M,16,A,INDIGO,S,SE,Y
14574,639.79,Y,Young,M,16,A,INDIGO,N,NW,Y
14575,1185.64,Y,Young,F,15,D,MAGENTA,N,NW,Y
14576,844.98,N,Elder,F,14,B,INDIGO,N,NE,N
14577,803.79,N,Elder,F,13,C,MAGENTA,N,NW,N
14578,657.58,N,Elder,M,15,B,INDIGO,M,ME,N
14579,490.14,N,Elder,M,18,A,INDIGO,M,MW,N
14580,482.95,N,Elder,F,14,A,MAGENTA,S,SW,Y
14581,1100.36,N,Elder,F,13,C,PURPLE,M,MW,N
14582,787.87,N,Elder,F,18,B,INDIGO,M,MW,Y
14583,456.82,N,Elder,M,16,A,BROWN,N,NW,Y
14584,581.09,N,Elder,M,14,B,INDIGO,M,MW,Y
14585,658.91,N,Elder,M,14,B,INDIGO,N,NW,Y
14586,1305.6,N,Elder,M,18,B,INDIGO,N,NE,Y
14587,760.12,Y,Elder,M,18,B,MAGENTA,M,ME,N
14588,1051.29,Y,Elder,F,15,C,BROWN,M,ME,Y
14589,326.92,Y,Elder,F,15,A,INDIGO,M,ME,Y
14590,617.21,N,Elder,M,15,B,BROWN,S,SW,Y
14591,1072.88,Y,Elder,F,23,B,MAGENTA,M,MW,Y
14592,704.94,Y,Elder,M,16,B,MAGENTA,S,SE,Y
14593,597.79,N,Elder,M,19,A,BROWN,M,MW,Y
14594,1372.53,N,Elder,F,15,B,INDIGO,N,NE,Y
14595,1384.92,Y,Elder,M,16,C,MAGENTA,N,NW,Y
14596,721.79,N,Elder,M,17,A,MAGENTA,M,MW,N
14597,371.72,N,Elder,F,15,A,MAGENTA,N,NW,N
14598,478.1,N,Elder,F,16,A,MAGENTA,N,NE,N
14599,578.88,N,Elder,F,16,A,MAGENTA,M,ME,Y
14600,707.37,N,Elder,M,20,A,INDIGO,N,NE,N
14601,533.57,N,Elder,M,18,A,MAGENTA,M,MW,N
14602,890.78,Y,Elder,M,20,B,BROWN,M,MW,Y
14603,795.8,N,Elder,F,18,B,BROWN,S,SE,Y
14604,536.46,N,Elder,F,13,A,INDIGO,N,NW,N
14605,517.48,N,Elder,M,14,A,BROWN,M,MW,N
14606,428.25,N,Elder,M,16,A,MAGENTA,M,MW,N
14607,780.21,N,Elder,M,16,B,MAGENTA,M,MW,N
14608,1152.59,N,Elder,M,18,C,MAGENTA,M,MW,Y
14609,987.19,N,Elder,M,17,C,BROWN,N,NW,Y
14610,336.44,N,Elder,F,14,A,INDIGO,N,NW,Y
14611,1456.82,N,Elder,M,20,B,BROWN,S,SW,N
14612,273.45,N,Elder,F,12,A,INDIGO,S,SW,Y
14613,850.28,N,Elder,F,13,C,INDIGO,M,ME,N
14614,544.03,N,Elder,F,18,A,INDIGO,N,NW,Y
14615,997.05,N,Elder,F,17,C,BROWN,N,NE,N
14616,1201.72,N,Young,F,17,A,BROWN,S,SW,Y
14617,684.56,N,Elder,F,15,B,BROWN,S,SW,Y
14618,695.79,N,Elder,F,14,B,INDIGO,M,ME,N
14619,1399.45,N,Elder,M,16,C,BROWN,M,ME,N
14620,1059.4,N,Elder,M,15,B,INDIGO,N,NW,Y
14621,990.55,Y,Elder,M,17,C,INDIGO,N,NE,Y
14622,1299.64,N,Elder,F,16,B,MAGENTA,S,SW,N
14623,988.49,N,Elder,M,18,B,BROWN,M,ME,Y
14624,1005.1,N,Elder,F,15,C,BROWN,M,MW,N
14625,687.34,N,Elder,M,14,B,BROWN,M,ME,Y
14626,1135.41,N,Elder,F,15,B,INDIGO,N,NW,N
14627,1178.59,N,Elder,M,18,B,PURPLE,N,NE,N
14628,926.77,N,Elder,M,14,B,BROWN,N,NE,Y
14629,783.14,N,Elder,M,18,B,INDIGO,S,SW,Y
14630,902.22,N,Elder,M,14,C,PURPLE,S,SW,N
14631,728.91,N,Elder,M,17,A,MAGENTA,M,ME,N
14632,718.01,N,Elder,M,17,B,BROWN,M,ME,Y
14633,394.44,N,Elder,M,15,A,BROWN,M,ME,N
14634,1152.66,N,Elder,F,20,C,BROWN,S,SW,Y
14635,1874.9,N,Elder,M,21,B,INDIGO,S,SE,Y
14636,512.18,N,Elder,F,16,A,INDIGO,N,NE,N
14637,752.86,Y,Elder,M,14,B,BROWN,S,SE,Y
14638,467.4,N,Elder,M,15,A,BROWN,N,NW,Y
14639,522.65,N,Elder,M,18,A,BROWN,M,ME,Y
14640,692.41,N,Elder,F,15,B,INDIGO,M,ME,Y
14641,604.58,N,Elder,M,14,B,BROWN,N,NW,N
14642,1796.87,N,Elder,F,14,A,MAGENTA,M,MW,N
14643,530.56,N,Elder,M,14,A,MAGENTA,N,NW,Y
14644,303.12,N,Elder,M,14,A,BROWN,M,MW,Y
14645,757.84,Y,Elder,F,12,B,BROWN,S,SW,Y
14646,743.53,N,Elder,F,12,C,INDIGO,M,ME,Y
14647,823.6,N,Elder,F,17,B,BROWN,N,NE,Y
14648,1228.23,N,Elder,M,15,B,INDIGO,M,ME,Y
14649,1232.31,Y,Elder,M,18,C,MAGENTA,N,NE,Y
14650,559.82,N,Elder,M,11,A,MAGENTA,M,MW,Y
14651,384.52,N,Elder,M,16,A,INDIGO,M,ME,Y
14652,389.53,N,Elder,F,15,A,INDIGO,M,ME,N
14653,333.07,N,Elder,M,15,A,MAGENTA,S,SW,N
14654,494.89,N,Elder,M,18,A,BROWN,M,MW,N
14655,548.95,N,Elder,M,19,A,MAGENTA,M,MW,N
14656,827.24,N,Elder,M,13,A,INDIGO,N,NW,Y
14657,1359.85,N,Elder,M,16,C,INDIGO,S,SW,N
14658,869.94,N,Elder,M,17,B,BROWN,M,ME,Y
14659,661.25,N,Elder,M,16,B,PURPLE,M,MW,N
14660,983.99,N,Young,F,15,B,INDIGO,M,MW,N
14661,511.89,N,Elder,M,18,A,MAGENTA,N,NW,Y
14662,922.18,N,Elder,F,20,B,MAGENTA,N,NW,N
14663,1319.77,N,Elder,M,19,C,MAGENTA,M,MW,N
14664,993.97,N,Elder,M,22,B,BROWN,S,SW,N
14665,715.77,N,Elder,F,16,B,MAGENTA,N,NE,Y
14666,752.34,Y,Young,F,17,B,INDIGO,S,SE,Y
14667,1225.77,N,Elder,F,15,D,INDIGO,S,SE,Y
14668,1443.6,Y,Young,F,13,C,MAGENTA,S,SW,Y
14669,685.25,N,Elder,F,21,A,BROWN,M,MW,Y
14670,820.96,N,Elder,M,13,B,MAGENTA,M,MW,N
14671,788.81,N,Elder,M,20,A,INDIGO,N,NW,N
14672,971.11,N,Elder,F,16,C,BROWN,M,MW,Y
14673,678.89,N,Elder,M,16,B,INDIGO,M,MW,N
14674,1084.97,N,Elder,M,14,C,INDIGO,M,ME,Y
14675,934.45,N,Elder,F,16,C,MAGENTA,N,NW,N
14676,843.86,N,Elder,F,15,B,BROWN,S,SW,Y
14677,823.18,N,Elder,F,14,C,BROWN,N,NW,N
14678,826.87,N,Elder,M,18,B,BROWN,N,NW,Y
14679,1714.73,N,Elder,M,19,D,PURPLE,S,SW,N
14680,558.61,N,Elder,F,18,A,INDIGO,M,ME,N
14681,1710.23,N,Elder,M,18,C,INDIGO,S,SE,N
14682,533.25,N,Elder,M,18,A,BROWN,S,SW,Y
14683,1028.94,N,Elder,F,16,B,BROWN,M,MW,N
14684,1296.57,N,Elder,F,14,C,MAGENTA,S,SW,Y
14685,1164.77,N,Elder,F,14,C,MAGENTA,S,SE,Y
14686,1101.2,N,Elder,M,14,C,INDIGO,M,MW,Y
14687,622.17,N,Elder,F,18,A,BROWN,N,NE,N
14688,613.85,N,Elder,M,19,A,INDIGO,S,SW,Y
14689,1085.6,N,Elder,F,17,C,INDIGO,M,MW,N
14690,1381.15,Y,Elder,F,20,C,INDIGO,M,ME,Y
14691,507,N,Elder,F,13,B,BROWN,S,SE,N
14692,628.59,N,Elder,M,13,B,BROWN,N,NW,N
14693,695.59,N,Elder,M,14,B,BROWN,N,NW,N
14694,870.41,N,Elder,M,18,B,BROWN,S,SE,Y
14695,730.21,N,Elder,F,17,B,PURPLE,M,MW,N
14696,735.2,N,Elder,F,17,B,PURPLE,M,ME,N
14697,665.25,N,Elder,M,14,B,BROWN,M,MW,Y
14698,1063.1,N,Elder,M,17,C,INDIGO,S,SW,N
14699,1031.7,N,Elder,F,14,C,MAGENTA,N,NE,Y
14700,564.94,N,Elder,M,18,A,INDIGO,M,MW,Y
14701,1140.57,N,Elder,M,15,B,BROWN,S,SE,Y
14702,980.85,N,Elder,M,17,B,BROWN,S,SW,Y
14703,256.87,N,Elder,F,12,A,BROWN,M,MW,Y
14704,552.25,N,Elder,F,14,B,INDIGO,M,ME,Y
14705,560.29,N,Elder,F,14,B,BROWN,M,ME,N
14706,628.36,N,Elder,M,13,B,PURPLE,S,SW,N
14707,897.52,N,Elder,F,18,A,BROWN,M,ME,Y
14708,985.78,N,Elder,M,16,C,MAGENTA,M,MW,N
14709,351.47,N,Elder,M,13,A,INDIGO,N,NE,N
14710,451.57,N,Young,M,12,B,BROWN,N,NW,N
14711,880.24,N,Elder,M,20,B,INDIGO,N,NE,Y
14712,915.91,N,Elder,M,15,C,BROWN,N,NW,Y
14713,1460.44,N,Elder,M,19,C,BROWN,S,SE,N
14714,789.98,N,Elder,M,16,B,BROWN,M,MW,Y
14715,362.81,N,Elder,M,15,A,MAGENTA,M,ME,Y
14716,1218.4,N,Elder,M,20,C,INDIGO,S,SW,Y
14717,359.55,Y,Young,F,11,A,MAGENTA,N,NW,Y
14718,880.16,N,Elder,F,17,B,PURPLE,M,MW,N
14719,732.76,N,Elder,F,18,A,BROWN,S,SW,Y
14720,585.22,N,Elder,F,19,A,INDIGO,M,MW,Y
14721,1684.67,N,Elder,M,19,D,BROWN,N,NE,Y
14722,643.48,Y,Elder,F,15,B,BROWN,N,NE,Y
14723,1002.54,N,Elder,M,19,A,BROWN,M,MW,N
14724,966.07,N,Elder,M,13,B,INDIGO,S,SE,N
14725,851.32,N,Elder,F,18,B,MAGENTA,M,ME,N
14726,221.3,N,Elder,F,13,A,BROWN,M,MW,Y
14727,822.07,N,Young,M,12,C,MAGENTA,M,ME,N
14728,1220.22,Y,Elder,M,17,B,MAGENTA,M,MW,Y
14729,986.83,N,Elder,M,18,B,BROWN,M,MW,Y
14730,713.25,N,Young,M,15,B,BROWN,S,SW,Y
14731,836.09,N,Elder,M,18,B,BROWN,M,ME,Y
14732,391.83,N,Elder,F,16,A,BROWN,S,SW,N
14733,537.35,N,Elder,F,10,B,BROWN,S,SE,Y
14734,1291.52,N,Elder,F,18,C,MAGENTA,N,NW,N
14735,942.52,N,Elder,F,16,C,BROWN,M,MW,N
14736,615.41,N,Elder,M,14,B,BROWN,S,SW,Y
14737,559.16,N,Elder,F,9,B,PURPLE,S,SE,N
14738,902.96,N,Elder,F,16,B,BROWN,N,NE,N
14739,1848.74,N,Elder,F,18,B,BROWN,S,SW,Y
14740,1198.04,N,Elder,F,17,C,INDIGO,M,ME,N
14741,1050.41,N,Elder,M,18,C,INDIGO,N,NW,N
14742,465.48,N,Elder,M,17,A,BROWN,S,SW,Y
14743,999.48,N,Elder,F,16,C,MAGENTA,M,MW,N
14744,714.14,N,Elder,M,17,B,BROWN,N,NW,N
14745,679.95,N,Elder,F,11,C,INDIGO,S,SE,Y
14746,558.02,N,Elder,F,18,A,INDIGO,S,SW,Y
14747,394.26,Y,Elder,F,16,A,BROWN,N,NE,Y
14748,872.42,N,Elder,M,18,B,INDIGO,M,MW,Y
14749,914.91,N,Elder,M,20,B,PURPLE,N,NW,N
14750,1127.02,N,Elder,M,18,C,INDIGO,N,NE,N
14751,825.58,N,Elder,M,19,B,INDIGO,M,MW,Y
14752,692.62,N,Elder,M,15,A,PURPLE,S,SE,N
14753,1210.98,N,Young,M,13,C,MAGENTA,N,NE,N
14754,931.68,N,Elder,F,15,C,INDIGO,S,SW,N
14755,747.97,N,Elder,M,16,B,BROWN,M,MW,Y
14756,499.9,N,Elder,M,18,A,BROWN,M,MW,Y
14757,549.41,N,Elder,M,14,B,BROWN,M,MW,Y
14758,734.1,N,Elder,M,14,A,BROWN,M,ME,N
14759,532.15,Y,Elder,F,18,A,BROWN,N,NW,N
14760,501.54,N,Elder,M,13,B,INDIGO,N,NW,Y
14761,795.67,N,Elder,M,19,A,BROWN,N,NE,Y
14762,750.73,N,Elder,M,17,B,BROWN,M,ME,Y
14763,884.28,N,Elder,M,15,C,MAGENTA,N,NW,Y
14764,675.99,N,Elder,M,18,A,INDIGO,N,NE,Y
14765,1192.81,Y,Elder,F,15,C,INDIGO,M,ME,Y
14766,1259.98,N,Elder,F,17,D,PURPLE,S,SE,N
14767,745.37,N,Elder,F,17,B,BROWN,N,NE,N
14768,777.57,N,Elder,F,16,B,BROWN,M,MW,Y
14769,670.8,N,Elder,F,19,A,INDIGO,M,MW,Y
14770,423.93,N,Elder,M,16,A,BROWN,N,NW,Y
14771,168.74,N,Elder,M,11,A,PURPLE,N,NW,N
14772,618.79,N,Elder,M,17,A,MAGENTA,M,ME,N
14773,186.13,Y,Young,F,11,A,BROWN,N,NE,Y
14774,508.61,N,Young,F,13,B,INDIGO,M,MW,Y
14775,1091.74,N,Elder,M,16,C,BROWN,N,NE,N
14776,853.5,N,Elder,M,18,B,BROWN,M,ME,Y
14777,850.79,N,Elder,F,19,B,INDIGO,N,NW,Y
14778,1373.95,N,Elder,F,15,B,INDIGO,N,NW,N
14779,1018.97,N,Elder,M,13,C,BROWN,M,MW,N
14780,453.8,Y,Young,M,12,B,BROWN,N,NE,Y
14781,595.27,Y,Elder,M,14,B,MAGENTA,M,MW,Y
14782,576.04,N,Elder,F,12,B,BROWN,M,ME,N
14783,623.57,N,Elder,F,19,A,BROWN,M,MW,N
14784,666.21,N,Elder,M,16,B,BROWN,M,ME,Y
14785,1131.61,N,Elder,F,17,C,BROWN,N,NW,Y
14786,579.78,Y,Elder,M,14,B,BROWN,M,ME,Y
14787,1107.81,N,Elder,M,21,A,BROWN,N,NW,N
14788,604.31,Y,Elder,M,20,A,BROWN,M,MW,N
14789,1139.86,N,Elder,F,18,B,BROWN,S,SW,Y
14790,175.83,N,Elder,M,12,A,BROWN,S,SW,Y
14791,867.63,N,Elder,M,18,B,INDIGO,N,NW,N
14792,678.34,N,Elder,M,16,B,BROWN,N,NW,Y
14793,885.18,N,Elder,M,19,A,INDIGO,M,MW,Y
14794,709.3,N,Elder,M,15,B,MAGENTA,N,NE,N
14795,1319.79,Y,Elder,M,21,C,INDIGO,M,MW,Y
14796,607.83,N,Elder,M,14,B,INDIGO,S,SE,N
14797,1204.24,N,Elder,M,20,C,BROWN,M,ME,Y
14798,1492.61,N,Elder,F,16,C,BROWN,M,MW,N
14799,588.11,N,Elder,F,12,B,BROWN,S,SW,N
14800,823.39,N,Elder,F,14,C,MAGENTA,S,SW,N
14801,907.68,N,Elder,F,15,C,BROWN,S,SE,Y
14802,1253.67,N,Elder,M,16,C,BROWN,N,NE,Y
14803,843.91,N,Elder,M,17,B,PURPLE,S,SE,N
14804,937.92,N,Elder,M,16,C,MAGENTA,S,SW,Y
14805,803.02,N,Elder,M,18,B,INDIGO,N,NW,Y
14806,1316.43,N,Elder,M,14,D,MAGENTA,S,SE,N
14807,1327.65,N,Elder,F,17,C,INDIGO,M,ME,Y
14808,547.8,N,Elder,M,14,B,BROWN,S,SW,N
14809,529.69,N,Elder,F,18,A,INDIGO,M,ME,Y
14810,828.9,N,Elder,M,18,B,INDIGO,N,NE,Y
14811,1335.89,Y,Elder,M,18,D,MAGENTA,M,MW,Y
14812,352.22,N,Elder,F,14,A,BROWN,N,NE,N
14813,772.75,N,Elder,M,15,B,BROWN,N,NE,Y
14814,654.19,N,Elder,M,14,B,PURPLE,M,MW,N
14815,559.05,N,Elder,M,14,B,MAGENTA,M,MW,N
14816,634.18,Y,Elder,F,14,B,BROWN,M,MW,Y
14817,358,N,Young,F,14,A,INDIGO,M,ME,N
14818,355.32,N,Elder,M,15,A,INDIGO,N,NE,Y
14819,1447.26,N,Elder,F,20,B,MAGENTA,M,MW,Y
14820,716.32,N,Elder,M,17,B,INDIGO,M,MW,Y
14821,826.61,N,Elder,F,18,B,INDIGO,M,MW,N
14822,570.09,N,Elder,F,18,A,BROWN,M,MW,N
14823,430.69,N,Elder,M,17,A,INDIGO,N,NW,N
14824,1198.18,N,Elder,M,20,C,INDIGO,M,MW,N
14825,956.71,N,Elder,F,18,A,BROWN,N,NE,Y
14826,472.21,Y,Elder,M,11,B,INDIGO,S,SE,Y
14827,931.81,N,Elder,M,16,C,MAGENTA,N,NE,N
14828,803.62,N,Elder,M,15,B,MAGENTA,M,MW,N
14829,1272.07,N,Elder,M,15,A,MAGENTA,M,MW,N
14830,1425.49,N,Elder,F,13,C,BROWN,N,NW,Y
14831,771.01,N,Elder,M,18,B,INDIGO,M,MW,Y
14832,399.2,N,Elder,F,14,A,BROWN,N,NE,Y
14833,863.04,Y,Elder,F,16,B,BROWN,S,SE,Y
14834,509.3,N,Elder,M,18,A,BROWN,N,NW,Y
14835,560.69,N,Elder,F,16,A,BROWN,N,NW,N
14836,391.48,N,Elder,F,16,A,BROWN,N,NW,Y
14837,690.73,N,Elder,M,19,A,PURPLE,N,NW,N
14838,1114.2,N,Elder,M,19,B,INDIGO,M,ME,Y
14839,714.22,N,Elder,M,15,B,INDIGO,S,SE,Y
14840,784.78,N,Elder,F,17,B,MAGENTA,S,SE,Y
14841,231.06,N,Young,M,13,A,MAGENTA,N,NW,Y
14842,1309.99,Y,Elder,F,17,D,INDIGO,S,SW,N
14843,565.68,N,Young,M,13,B,INDIGO,S,SW,Y
14844,564.15,Y,Elder,M,13,B,BROWN,S,SW,Y
14845,487.93,N,Elder,M,16,A,MAGENTA,N,NW,N
14846,522.81,N,Elder,M,13,B,BROWN,N,NW,N
14847,1233.13,Y,Elder,M,20,C,INDIGO,M,ME,Y
14848,339.09,N,Elder,M,15,A,MAGENTA,N,NE,N
14849,1635.69,N,Elder,F,17,C,INDIGO,M,MW,N
14850,725.15,N,Elder,F,16,B,MAGENTA,M,ME,N
14851,1534.98,N,Elder,M,17,C,BROWN,N,NW,N
14852,372.05,N,Elder,F,14,A,INDIGO,S,SW,Y
14853,705.85,N,Elder,M,17,A,INDIGO,M,MW,Y
14854,180.06,N,Elder,F,12,A,MAGENTA,S,SW,Y
14855,927.04,Y,Elder,M,21,B,BROWN,N,NW,Y
14856,983.54,N,Elder,F,12,C,INDIGO,N,NE,Y
14857,647.65,N,Young,F,20,A,INDIGO,M,MW,Y
14858,1405.45,N,Young,F,12,B,INDIGO,M,MW,N
14859,650.62,N,Elder,F,15,B,INDIGO,M,ME,N
14860,642.49,N,Elder,F,18,A,INDIGO,M,ME,N
14861,581.99,N,Elder,M,18,A,INDIGO,S,SW,Y
14862,1549.98,N,Elder,M,26,C,BROWN,M,ME,Y
14863,622.35,N,Elder,M,15,B,MAGENTA,N,NW,N
14864,604.27,N,Elder,M,15,B,BROWN,M,ME,Y
14865,1228.26,Y,Elder,M,17,B,MAGENTA,M,MW,N
14866,1073.18,N,Elder,M,19,B,MAGENTA,M,MW,N
14867,1121.07,N,Elder,M,14,A,BROWN,M,MW,Y
14868,394.68,N,Elder,M,15,A,MAGENTA,M,ME,N
14869,1911.24,Y,Elder,M,21,D,MAGENTA,M,MW,Y
14870,601.82,N,Elder,M,15,A,PURPLE,M,ME,N
14871,618.1,Y,Elder,F,15,B,BROWN,S,SW,Y
14872,660.21,N,Elder,F,13,B,BROWN,S,SW,N
14873,890.23,N,Elder,M,18,B,BROWN,N,NW,Y
14874,1151.69,N,Elder,M,22,B,INDIGO,S,SW,Y
14875,456.65,N,Elder,M,16,A,INDIGO,S,SW,Y
14876,964.46,N,Elder,F,14,B,MAGENTA,S,SW,Y
14877,363.25,N,Elder,F,15,A,BROWN,M,MW,Y
14878,665.43,N,Elder,F,16,B,INDIGO,M,ME,N
14879,1358.53,N,Elder,M,19,C,MAGENTA,M,ME,N
14880,478.09,N,Elder,M,16,A,INDIGO,N,NE,Y
14881,881.23,N,Elder,M,17,B,BROWN,N,NW,Y
14882,868.45,N,Elder,M,15,B,BROWN,N,NE,Y
14883,625.35,N,Elder,M,18,A,BROWN,N,NW,Y
14884,700.94,Y,Young,M,18,A,BROWN,N,NW,Y
14885,816.41,N,Elder,M,22,A,MAGENTA,M,MW,N
14886,952.61,N,Elder,F,16,C,BROWN,N,NE,Y
14887,1173.14,N,Elder,F,15,C,MAGENTA,M,MW,N
14888,877.15,N,Elder,M,13,B,BROWN,M,ME,Y
14889,680.54,N,Elder,F,16,B,BROWN,M,ME,N
14890,1028.25,N,Elder,M,17,C,BROWN,N,NE,Y
14891,1094.91,N,Young,M,17,C,BROWN,N,NW,Y
14892,510.8,Y,Elder,F,13,B,INDIGO,S,SE,Y
14893,663.03,N,Elder,M,21,A,BROWN,S,SW,Y
14894,719.5,N,Elder,M,17,B,MAGENTA,M,MW,Y
14895,754.41,N,Young,M,17,B,MAGENTA,N,NE,N
14896,389.4,Y,Elder,F,14,A,BROWN,N,NW,Y
14897,386.32,N,Elder,M,16,A,INDIGO,M,ME,N
14898,726.3,N,Elder,M,22,A,INDIGO,S,SE,N
14899,470.32,N,Elder,F,17,A,BROWN,N,NW,Y
14900,1411.23,N,Elder,M,20,C,MAGENTA,S,SW,Y
14901,336.14,N,Elder,M,14,A,BROWN,S,SE,Y
14902,806.54,N,Elder,M,16,A,INDIGO,M,ME,N
14903,890.62,N,Elder,M,16,A,BROWN,N,NE,N
14904,885.01,N,Young,M,15,A,BROWN,M,ME,N
14905,731.72,N,Elder,F,15,B,INDIGO,S,SW,Y
14906,832.73,N,Elder,F,19,A,INDIGO,M,ME,Y
14907,548.29,N,Elder,M,17,A,INDIGO,M,ME,N
14908,1146.92,Y,Elder,F,14,D,BROWN,N,NW,Y
14909,580.76,N,Elder,F,14,B,MAGENTA,M,MW,N
14910,895.22,N,Elder,M,19,A,MAGENTA,N,NE,Y
14911,786.97,N,Elder,F,17,A,INDIGO,N,NW,Y
14912,1061.76,N,Elder,F,17,C,INDIGO,M,ME,Y
14913,838.91,N,Young,F,18,B,BROWN,N,NE,Y
14914,1297.39,N,Elder,M,18,C,PURPLE,S,SE,N
14915,708.05,N,Elder,F,17,B,PURPLE,S,SE,N
14916,1031.91,Y,Elder,F,17,C,INDIGO,M,ME,Y
14917,931.35,N,Elder,M,15,C,BROWN,M,MW,Y
14918,496.03,N,Elder,M,18,A,PURPLE,M,MW,N
14919,664.94,N,Elder,F,16,B,INDIGO,M,ME,Y
14920,459.08,Y,Elder,M,17,A,BROWN,S,SE,Y
14921,657.62,N,Elder,F,16,B,INDIGO,M,ME,Y
14922,1102.48,N,Elder,M,20,A,INDIGO,M,ME,N
14923,2209.63,Y,Elder,M,18,C,MAGENTA,M,ME,Y
14924,615.4,N,Elder,F,15,B,MAGENTA,N,NW,N
14925,862.13,N,Elder,F,18,B,INDIGO,M,MW,N
14926,743.65,N,Elder,F,17,B,MAGENTA,N,NW,N
14927,1219.81,N,Elder,F,12,A,INDIGO,S,SW,Y
14928,737.16,N,Elder,M,16,B,BROWN,M,MW,Y
14929,575.78,N,Elder,M,14,B,BROWN,N,NW,Y
14930,492.54,N,Elder,M,15,A,MAGENTA,N,NW,N
14931,505.37,N,Elder,M,13,B,MAGENTA,M,MW,Y
14932,771.29,N,Elder,M,18,B,MAGENTA,M,MW,N
14933,925.18,N,Elder,F,20,B,MAGENTA,M,MW,N
14934,750.25,N,Elder,M,17,B,BROWN,S,SW,Y
14935,547.59,N,Elder,F,17,A,MAGENTA,S,SE,N
14936,474.86,N,Elder,F,17,A,BROWN,M,ME,N
14937,512.64,N,Elder,F,18,A,BROWN,M,ME,Y
14938,599.15,N,Elder,F,15,B,PURPLE,N,NE,N
14939,680.54,N,Elder,M,14,B,PURPLE,S,SW,N
14940,813.07,Y,Elder,M,21,A,BROWN,S,SE,Y
14941,933.15,N,Elder,M,18,B,BROWN,M,MW,Y
14942,1095.17,N,Elder,F,14,D,MAGENTA,S,SE,N
14943,1167.56,N,Elder,F,19,B,BROWN,M,MW,Y
14944,908.56,N,Elder,F,14,B,MAGENTA,S,SE,N
14945,245.04,N,Elder,F,13,A,INDIGO,M,ME,Y
14946,1423.47,N,Elder,M,13,D,PURPLE,M,MW,N
14947,1060.73,N,Elder,M,18,C,INDIGO,N,NW,N
14948,783.57,N,Elder,F,15,A,BROWN,M,ME,Y
14949,472.09,N,Young,F,12,B,BROWN,N,NE,Y
14950,988.47,N,Elder,M,17,B,MAGENTA,S,SE,N
14951,1038.8,N,Elder,F,19,B,BROWN,N,NE,Y
14952,412.34,N,Elder,F,16,A,BROWN,S,SW,Y
14953,816.3,N,Elder,F,18,B,BROWN,S,SE,N
14954,618.87,N,Elder,M,13,B,INDIGO,N,NW,N
14955,1064.27,N,Elder,M,18,C,INDIGO,S,SW,Y
14956,1373.98,Y,Elder,M,16,D,BROWN,M,MW,Y
14957,946.27,N,Elder,M,21,B,BROWN,S,SE,N
14958,743.11,N,Elder,M,20,A,INDIGO,M,ME,Y
14959,292.76,N,Elder,F,14,A,MAGENTA,N,NE,N
14960,690.45,N,Elder,F,20,A,INDIGO,N,NW,N
14961,282.93,Y,Elder,F,14,A,BROWN,M,ME,Y
14962,1635.72,N,Young,M,17,D,INDIGO,N,NE,N
14963,679.95,N,Elder,F,14,B,BROWN,N,NW,Y
14964,587.57,N,Elder,F,14,B,MAGENTA,S,SW,N
14965,977.23,N,Elder,F,21,B,BROWN,S,SW,Y
14966,935.01,N,Elder,M,17,B,MAGENTA,S,SE,Y
14967,802.3,N,Elder,F,13,C,BROWN,S,SW,Y
14968,391.92,N,Elder,F,16,A,BROWN,M,ME,N
14969,484.36,N,Elder,F,14,A,INDIGO,N,NW,N
14970,1314.41,N,Young,F,19,B,INDIGO,N,NE,Y
14971,621.68,N,Elder,M,15,B,MAGENTA,S,SE,N
14972,440.59,N,Elder,F,15,A,BROWN,M,MW,Y
14973,320.36,N,Elder,F,14,A,BROWN,M,MW,Y
14974,652.05,N,Elder,M,17,A,BROWN,M,ME,Y
14975,943.17,N,Elder,F,16,B,BROWN,S,SW,Y
14976,631.96,N,Elder,F,18,A,BROWN,N,NE,Y
14977,723.1,N,Elder,M,16,A,INDIGO,M,ME,N
14978,1012.74,N,Elder,F,17,C,BROWN,N,NE,N
14979,1305.51,Y,Elder,F,18,A,BROWN,N,NW,Y
14980,861.48,N,Elder,F,14,C,INDIGO,S,SW,N
14981,985.36,N,Elder,M,19,B,MAGENTA,S,SW,N
14982,756.12,N,Elder,F,22,A,MAGENTA,M,ME,N
14983,1327.47,N,Elder,M,16,B,BROWN,M,ME,Y
14984,1022.69,N,Elder,M,15,B,BROWN,M,MW,Y
14985,933.8,N,Elder,F,15,B,INDIGO,M,ME,Y
14986,1388.82,N,Elder,M,21,B,MAGENTA,N,NW,Y
14987,725.75,N,Elder,M,17,B,MAGENTA,S,SW,Y
14988,478.06,N,Elder,F,13,A,BROWN,M,ME,Y
14989,652.92,N,Elder,M,15,B,BROWN,S,SE,Y
14990,672.11,Y,Elder,F,13,B,BROWN,M,ME,Y
14991,1104.25,N,Elder,F,19,C,INDIGO,S,SE,Y
14992,772.95,Y,Elder,M,13,C,INDIGO,S,SW,N
14993,979.03,N,Elder,M,16,C,MAGENTA,M,ME,N
14994,1215.53,N,Elder,M,19,C,INDIGO,M,MW,Y
14995,1117.63,N,Elder,M,20,B,MAGENTA,N,NE,Y
14996,351.67,Y,Young,M,13,A,INDIGO,S,SW,Y
14997,581.02,N,Elder,F,19,A,BROWN,N,NW,Y
14998,1215.08,Y,Elder,M,16,B,INDIGO,S,SW,Y
14999,1191.63,Y,Elder,M,18,C,INDIGO,M,ME,Y
15000,1278.33,N,Elder,M,19,B,BROWN,M,MW,N
15001,844.31,N,Elder,M,16,B,BROWN,M,MW,Y
15002,953.55,N,Elder,M,19,B,MAGENTA,N,NW,N
15003,1836.73,N,Elder,F,15,C,BROWN,S,SW,N
15004,608.75,N,Elder,F,15,B,MAGENTA,N,NE,N
15005,753.22,N,Elder,M,17,A,MAGENTA,S,SE,Y
15006,951.06,N,Elder,M,20,B,INDIGO,S,SE,Y
15007,767.62,N,Elder,M,17,B,PURPLE,S,SW,N
15008,904.33,N,Elder,M,16,A,MAGENTA,N,NE,Y
15009,766.86,N,Elder,M,18,B,MAGENTA,N,NW,Y
15010,1077.5,N,Elder,M,17,C,PURPLE,M,MW,N
15011,329.76,N,Elder,F,15,A,INDIGO,N,NW,N
15012,1194.38,N,Elder,M,20,C,BROWN,S,SE,N
15013,850.75,N,Elder,F,16,B,BROWN,M,MW,N
15014,611.96,N,Elder,M,15,B,MAGENTA,S,SW,N
15015,616.56,N,Elder,M,15,B,INDIGO,M,ME,Y
15016,656.25,N,Young,F,15,A,MAGENTA,N,NW,Y
15017,699.27,Y,Elder,F,16,B,INDIGO,N,NW,Y
15018,1246.09,N,Elder,F,15,D,MAGENTA,N,NE,N
15019,742.39,N,Elder,M,16,A,BROWN,N,NE,N
15020,1329.49,N,Elder,M,15,B,INDIGO,N,NE,Y
15021,914.03,N,Elder,F,20,B,INDIGO,N,NE,Y
15022,670.07,N,Elder,M,21,A,MAGENTA,M,MW,N
15023,739.81,N,Elder,M,14,B,BROWN,M,ME,Y
15024,752.76,N,Elder,M,16,B,INDIGO,M,ME,Y
15025,822.02,N,Elder,M,18,B,INDIGO,M,MW,Y
15026,1080.04,N,Elder,M,20,B,BROWN,N,NW,N
15027,299.14,N,Elder,F,13,A,INDIGO,N,NW,N
15028,996.41,N,Elder,M,17,C,PURPLE,N,NE,N
15029,894.09,N,Elder,M,11,C,INDIGO,N,NW,N
15030,784.72,N,Elder,F,18,B,PURPLE,N,NW,N
15031,442.07,N,Elder,M,14,A,INDIGO,S,SE,Y
15032,387.37,N,Elder,F,12,A,INDIGO,M,ME,N
15033,860.13,N,Elder,M,17,A,INDIGO,M,MW,N
15034,2409.9,N,Elder,F,19,D,BROWN,M,MW,Y
15035,834.05,N,Elder,F,16,B,BROWN,S,SW,N
15036,718.32,Y,Elder,M,14,A,MAGENTA,S,SW,Y
15037,584.35,N,Elder,M,17,A,BROWN,N,NW,Y
15038,1029.36,N,Elder,F,17,B,MAGENTA,N,NE,N
15039,804.34,N,Elder,M,15,B,MAGENTA,M,MW,N
15040,1313.86,N,Elder,M,18,C,MAGENTA,M,MW,N
15041,962.38,N,Elder,M,15,C,INDIGO,S,SE,N
15042,780.79,N,Elder,F,18,B,MAGENTA,M,MW,Y
15043,396.81,N,Elder,M,15,A,MAGENTA,S,SE,Y
15044,771.4,N,Elder,F,18,B,INDIGO,N,NW,N
15045,1080.71,N,Elder,M,16,C,PURPLE,S,SW,N
15046,1354.73,N,Young,M,21,C,INDIGO,N,NE,N
15047,478.8,N,Elder,F,16,A,INDIGO,N,NW,N
15048,1104.94,N,Elder,M,19,B,BROWN,N,NW,Y
15049,695.87,N,Elder,M,16,B,BROWN,N,NE,Y
15050,875.04,N,Young,M,13,B,MAGENTA,M,MW,Y
15051,759.78,Y,Young,M,17,A,MAGENTA,N,NW,N
15052,348,N,Elder,F,9,B,BROWN,M,ME,Y
15053,542.13,N,Elder,M,18,A,PURPLE,S,SW,N
15054,1082.51,N,Elder,M,19,B,PURPLE,N,NW,N
15055,658.91,N,Elder,M,15,B,INDIGO,M,MW,N
15056,516.23,N,Elder,M,16,A,INDIGO,M,MW,N
15057,1017.01,N,Elder,M,17,C,BROWN,N,NE,N
15058,960.25,N,Elder,F,16,C,MAGENTA,M,ME,N
15059,459.17,N,Elder,M,17,A,INDIGO,N,NW,Y
15060,1053.58,N,Elder,M,20,A,BROWN,M,MW,N
15061,1102.02,N,Elder,M,15,B,BROWN,M,MW,Y
15062,1067.02,Y,Young,F,11,C,INDIGO,S,SW,Y
15063,524.73,N,Elder,F,17,A,MAGENTA,S,SE,N
15064,437.52,N,Elder,M,16,A,INDIGO,N,NW,Y
15065,654.03,N,Elder,M,15,A,BROWN,N,NW,Y
15066,705.81,N,Elder,F,20,A,INDIGO,N,NW,N
15067,732.02,N,Elder,F,17,B,MAGENTA,M,ME,N
15068,664.04,N,Elder,F,16,B,BROWN,M,MW,N
15069,1421.89,N,Elder,F,16,C,MAGENTA,M,MW,Y
15070,876.18,N,Elder,M,20,B,BROWN,M,ME,Y
15071,866.54,Y,Young,F,14,C,PURPLE,M,ME,N
15072,685.68,N,Elder,M,18,A,INDIGO,N,NE,Y
15073,596.64,N,Elder,F,15,B,INDIGO,N,NW,N
15074,824.62,N,Elder,F,12,C,MAGENTA,N,NE,N
15075,1219.65,N,Elder,M,16,D,MAGENTA,N,NW,Y
15076,719.16,N,Elder,F,16,B,BROWN,N,NE,Y
15077,824.69,N,Elder,M,17,B,INDIGO,M,ME,N
15078,290.32,N,Elder,M,14,A,BROWN,N,NW,Y
15079,483.38,N,Elder,F,17,A,MAGENTA,N,NW,N
15080,452.33,N,Young,M,13,A,INDIGO,S,SW,Y
15081,497.48,N,Elder,F,18,A,INDIGO,N,NW,N
15082,901.79,N,Elder,M,20,B,BROWN,S,SW,N
15083,958.06,Y,Elder,M,21,B,INDIGO,M,ME,Y
15084,567.32,N,Elder,F,14,B,INDIGO,S,SE,N
15085,731.6,N,Elder,M,17,A,BROWN,M,MW,Y
15086,606.8,N,Elder,F,15,B,INDIGO,N,NE,Y
15087,1146.47,N,Elder,M,15,C,MAGENTA,S,SW,N
15088,723.14,N,Elder,F,15,B,MAGENTA,M,MW,Y
15089,1657.44,N,Elder,M,24,D,BROWN,N,NW,Y
15090,788.06,N,Elder,M,18,B,INDIGO,M,MW,Y
15091,630.43,N,Elder,F,14,B,BROWN,N,NW,Y
15092,546.42,N,Elder,M,14,B,BROWN,S,SE,Y
15093,408.92,N,Elder,F,14,A,BROWN,N,NE,Y
15094,599.83,N,Young,F,14,B,MAGENTA,M,MW,N
15095,671.88,N,Elder,M,16,B,INDIGO,S,SE,Y
15096,549.96,N,Young,M,12,A,INDIGO,S,SW,N
15097,771.59,N,Elder,M,17,B,PURPLE,M,MW,N
15098,328.76,N,Young,F,9,B,BROWN,M,ME,Y
15099,836.6,N,Elder,M,19,B,PURPLE,N,NW,N
15100,607.35,N,Elder,M,20,A,BROWN,N,NW,N
15101,1380.58,N,Elder,M,19,D,BROWN,S,SE,N
15102,779.91,N,Elder,F,17,B,MAGENTA,N,NW,N
15103,725.1,N,Elder,F,17,B,BROWN,S,SE,N
15104,1327.23,N,Elder,M,15,D,MAGENTA,N,NW,N
15105,724.28,Y,Elder,F,12,C,BROWN,N,NE,Y
15106,461.59,N,Elder,F,12,B,MAGENTA,N,NE,Y
15107,1213.35,N,Elder,F,15,C,MAGENTA,S,SW,N
15108,1899.12,N,Young,M,16,C,INDIGO,N,NW,N
15109,972.82,N,Elder,M,15,B,BROWN,M,MW,Y
15110,262.1,N,Elder,F,13,A,BROWN,N,NE,N
15111,436.88,N,Elder,F,15,A,INDIGO,M,MW,N
15112,356.53,N,Elder,F,14,A,MAGENTA,S,SW,Y
15113,1258.51,N,Elder,M,18,C,BROWN,N,NW,Y
15114,1192.35,N,Elder,M,17,C,BROWN,S,SW,Y
15115,1410.81,N,Elder,M,15,D,MAGENTA,N,NW,N
15116,565.65,N,Elder,M,15,A,INDIGO,M,ME,Y
15117,572.43,N,Elder,F,14,B,BROWN,N,NW,Y
15118,1002.75,N,Elder,F,13,B,INDIGO,M,MW,Y
15119,1137.3,N,Elder,M,18,C,BROWN,N,NW,Y
15120,784.38,N,Elder,M,17,B,MAGENTA,N,NW,Y
15121,662.14,N,Elder,M,14,B,BROWN,S,SE,Y
15122,1006.5,N,Elder,F,15,A,MAGENTA,S,SE,N
15123,851.99,N,Elder,M,15,B,MAGENTA,M,ME,N
15124,341.1,N,Elder,F,13,A,INDIGO,M,ME,N
15125,610.11,N,Elder,F,14,A,MAGENTA,M,ME,Y
15126,848.88,Y,Elder,M,14,C,INDIGO,N,NW,Y
15127,1816.75,Y,Elder,F,14,C,PURPLE,M,ME,N
15128,1074.47,N,Elder,M,17,C,BROWN,M,MW,N
15129,984.37,N,Elder,F,17,C,BROWN,M,MW,N
15130,433.22,N,Elder,M,15,A,BROWN,N,NE,N
15131,1224.99,N,Elder,M,21,C,BROWN,S,SW,Y
15132,677.44,N,Elder,M,16,B,INDIGO,N,NW,Y
15133,1347.58,N,Elder,M,17,C,INDIGO,M,MW,N
15134,1080.6,N,Elder,F,18,B,PURPLE,S,SW,N
15135,225.59,N,Elder,M,13,A,MAGENTA,S,SE,N
15136,498.87,N,Elder,M,18,A,MAGENTA,M,MW,N
15137,823.47,N,Elder,M,19,B,MAGENTA,S,SW,N
15138,1163.44,N,Elder,M,17,C,BROWN,S,SE,Y
15139,338.58,N,Elder,M,15,A,INDIGO,N,NE,N
15140,708.89,N,Elder,M,15,B,INDIGO,S,SW,N
15141,1971.23,N,Elder,F,16,C,MAGENTA,S,SW,N
15142,878.93,N,Elder,M,18,B,INDIGO,S,SW,Y
15143,601.42,N,Elder,F,15,B,BROWN,M,MW,Y
15144,867.53,N,Elder,F,14,C,BROWN,S,SE,Y
15145,1150.39,Y,Elder,F,15,D,BROWN,S,SE,Y
15146,802.59,N,Elder,M,16,B,MAGENTA,N,NW,N
15147,776.99,N,Elder,F,12,C,BROWN,S,SW,Y
15148,668.46,N,Elder,M,19,A,INDIGO,S,SW,N
15149,444.12,N,Elder,F,12,B,BROWN,M,MW,N
15150,1135.45,Y,Elder,F,17,C,INDIGO,N,NE,Y
15151,1433.78,N,Elder,M,18,B,INDIGO,N,NE,Y
15152,771.09,N,Elder,M,18,B,PURPLE,M,ME,N
15153,847.19,N,Elder,M,18,B,MAGENTA,N,NW,N
15154,556.54,N,Elder,M,14,B,INDIGO,N,NW,Y
15155,1679.82,N,Elder,F,19,C,INDIGO,N,NE,N
15156,915.46,N,Elder,F,15,C,BROWN,N,NE,Y
15157,769.65,N,Elder,M,18,B,INDIGO,N,NW,Y
15158,1035.26,N,Elder,F,14,C,BROWN,N,NW,Y
15159,499.74,N,Young,M,18,A,INDIGO,M,MW,Y
15160,1350.34,N,Elder,F,18,C,BROWN,N,NE,Y
15161,559.45,N,Elder,M,19,A,MAGENTA,N,NE,N
15162,1341.76,N,Elder,F,18,C,INDIGO,S,SE,N
15163,1090.38,N,Elder,M,18,B,PURPLE,M,ME,N
15164,510.68,N,Elder,M,18,A,INDIGO,M,MW,Y
15165,1013.29,Y,Elder,M,16,C,BROWN,S,SE,Y
15166,509.1,N,Elder,F,16,A,MAGENTA,M,ME,Y
15167,747.41,N,Elder,M,16,B,BROWN,N,NE,Y
15168,1219.45,N,Elder,M,20,C,MAGENTA,N,NW,N
15169,1261.82,N,Elder,F,17,D,BROWN,M,MW,Y
15170,439.36,N,Elder,F,12,B,BROWN,N,NW,N
15171,669.6,Y,Elder,F,16,B,INDIGO,N,NW,Y
15172,881.15,N,Elder,M,19,B,INDIGO,N,NW,Y
15173,972.87,Y,Young,M,16,B,BROWN,M,ME,Y
15174,762.32,N,Elder,M,18,A,BROWN,M,ME,N
15175,1134.95,Y,Elder,M,14,C,BROWN,N,NW,Y
15176,486.37,Y,Elder,F,17,A,INDIGO,N,NE,Y
15177,738.76,Y,Elder,M,17,B,BROWN,M,ME,Y
15178,168.06,N,Young,M,11,A,BROWN,S,SE,Y
15179,548.02,N,Elder,M,19,A,BROWN,M,MW,N
15180,881.97,N,Elder,M,19,B,BROWN,S,SW,Y
15181,1112.87,N,Elder,M,22,B,BROWN,N,NW,Y
15182,800.31,N,Young,F,13,C,INDIGO,N,NW,N
15183,684.55,N,Elder,M,16,B,PURPLE,M,MW,N
15184,617.34,N,Elder,M,19,A,BROWN,M,ME,Y
15185,816.2,N,Elder,M,15,B,BROWN,M,ME,Y
15186,1307.4,Y,Elder,F,17,D,BROWN,N,NW,Y
15187,767.57,N,Elder,F,15,B,MAGENTA,M,ME,N
15188,1117.72,N,Elder,M,15,C,BROWN,S,SW,Y
15189,935.69,N,Elder,M,21,B,INDIGO,S,SW,N
15190,666.34,N,Elder,M,16,B,MAGENTA,N,NE,N
15191,503.89,Y,Elder,M,18,A,BROWN,M,ME,Y
15192,1458.14,N,Elder,M,16,D,INDIGO,N,NW,Y
15193,930.01,N,Elder,M,14,C,MAGENTA,N,NE,N
15194,1191.9,N,Elder,M,22,B,INDIGO,S,SW,Y
15195,1017.81,N,Elder,M,16,B,BROWN,N,NE,Y
15196,1268.28,Y,Elder,M,17,D,INDIGO,M,MW,Y
15197,750.96,N,Elder,F,17,B,MAGENTA,N,NE,Y
15198,451.61,N,Elder,M,14,A,BROWN,S,SE,Y
15199,892.62,N,Elder,F,15,C,BROWN,M,ME,Y
15200,1293.95,Y,Elder,M,24,B,INDIGO,N,NE,Y
15201,1149.6,N,Elder,F,17,B,MAGENTA,N,NW,N
15202,1049.23,N,Elder,M,17,C,BROWN,N,NE,Y
15203,844.59,N,Elder,F,16,B,INDIGO,M,ME,Y
15204,583.55,N,Elder,F,12,B,MAGENTA,N,NW,N
15205,740.53,N,Elder,M,17,B,MAGENTA,M,ME,N
15206,1018.04,Y,Young,M,14,C,INDIGO,N,NE,Y
15207,846.8,N,Elder,M,19,B,BROWN,M,ME,Y
15208,618.07,N,Elder,M,20,A,BROWN,N,NW,Y
15209,451.99,N,Elder,F,12,B,BROWN,S,SE,Y
15210,873.6,N,Elder,F,13,C,INDIGO,M,MW,Y
15211,392.1,N,Elder,F,11,B,BROWN,N,NW,N
15212,689.99,N,Elder,M,21,A,BROWN,N,NW,N
15213,786.51,N,Elder,F,16,B,MAGENTA,N,NW,Y
15214,616.15,N,Elder,M,15,A,BROWN,N,NE,N
15215,558.64,Y,Young,F,14,B,MAGENTA,S,SW,Y
15216,974.36,N,Elder,F,16,C,BROWN,N,NW,Y
15217,998.37,Y,Elder,F,20,B,INDIGO,M,ME,Y
15218,591.35,N,Elder,M,14,B,MAGENTA,M,ME,Y
15219,1135.52,N,Elder,F,20,B,INDIGO,N,NW,Y
15220,681.23,N,Elder,M,15,A,INDIGO,M,ME,N
15221,1071.96,N,Elder,F,15,A,INDIGO,N,NE,Y
15222,905.24,N,Elder,M,20,B,BROWN,M,ME,Y
15223,331.44,N,Elder,M,15,A,BROWN,N,NW,Y
15224,613.52,N,Elder,F,16,A,BROWN,S,SE,Y
15225,509.43,N,Elder,M,16,A,MAGENTA,N,NE,N
15226,229.86,N,Elder,F,13,A,INDIGO,N,NE,Y
15227,839.85,Y,Elder,F,17,B,BROWN,S,SE,N
15228,564.83,N,Elder,F,17,A,BROWN,S,SE,Y
15229,881.46,N,Elder,F,22,A,BROWN,N,NW,Y
15230,849.64,N,Elder,M,19,B,PURPLE,M,ME,N
15231,679.67,N,Elder,F,20,A,BROWN,S,SE,Y
15232,1168.6,N,Elder,M,18,A,BROWN,M,MW,Y
15233,849.15,N,Elder,F,18,B,INDIGO,M,MW,N
15234,1047.3,N,Elder,M,17,C,BROWN,N,NE,N
15235,918.66,N,Elder,M,15,C,MAGENTA,S,SW,N
15236,953.4,N,Elder,M,16,B,MAGENTA,M,MW,N
15237,1348.21,Y,Elder,M,16,B,INDIGO,M,MW,Y
15238,976.81,N,Elder,F,11,C,BROWN,N,NW,Y
15239,210.17,N,Elder,F,11,A,INDIGO,N,NW,Y
15240,740.19,Y,Young,M,13,B,BROWN,N,NW,Y
15241,390.32,Y,Young,M,16,A,BROWN,M,MW,Y
15242,779.3,N,Elder,M,18,B,INDIGO,S,SE,N
15243,1149.8,N,Elder,F,14,C,INDIGO,S,SE,Y
15244,717.52,N,Elder,F,10,B,BROWN,N,NE,Y
15245,899.95,N,Elder,M,17,B,PURPLE,N,NW,N
15246,573.94,Y,Young,M,14,B,BROWN,S,SE,N
15247,989.96,N,Elder,F,17,C,MAGENTA,S,SW,N
15248,506.35,N,Elder,M,13,B,INDIGO,N,NE,N
15249,714.49,N,Elder,M,17,B,PURPLE,S,SW,N
15250,917.25,N,Elder,F,13,A,INDIGO,N,NE,Y
15251,1339.49,N,Elder,M,18,C,INDIGO,M,ME,N
15252,690.26,N,Elder,F,16,B,BROWN,N,NW,Y
15253,622.91,N,Elder,M,15,B,INDIGO,S,SW,N
15254,493.74,N,Elder,F,15,A,BROWN,S,SE,N
15255,750.22,N,Elder,M,16,B,INDIGO,M,MW,Y
15256,1186.97,N,Elder,F,16,B,BROWN,S,SW,Y
15257,1106.78,N,Elder,M,18,C,PURPLE,S,SW,N
15258,750.31,N,Elder,M,16,B,INDIGO,M,ME,N
15259,785.58,N,Elder,F,12,B,MAGENTA,N,NW,Y
15260,694.33,N,Young,F,14,B,INDIGO,M,ME,Y
15261,1657.48,N,Elder,M,15,C,MAGENTA,N,NE,Y
15262,823.76,N,Elder,F,18,B,INDIGO,N,NW,Y
15263,1662.34,N,Elder,M,14,B,MAGENTA,N,NE,N
15264,610.23,Y,Elder,M,15,A,BROWN,M,MW,Y
15265,949.6,N,Elder,M,16,C,BROWN,M,ME,N
15266,1201.43,N,Elder,F,16,A,BROWN,N,NW,Y
15267,977.85,N,Elder,F,16,C,INDIGO,N,NW,N
15268,840.19,N,Elder,M,14,C,MAGENTA,M,MW,Y
15269,360.01,N,Elder,M,15,A,BROWN,N,NW,N
15270,828.87,N,Young,M,14,C,BROWN,M,ME,Y
15271,599.39,N,Elder,M,19,A,BROWN,N,NE,Y
15272,405.49,N,Elder,M,16,A,MAGENTA,S,SE,N
15273,485.47,N,Elder,F,17,A,INDIGO,S,SE,Y
15274,919.41,Y,Elder,F,16,A,BROWN,N,NE,Y
15275,569.51,N,Elder,M,17,A,INDIGO,M,ME,N
15276,862.23,N,Elder,F,14,B,BROWN,M,MW,Y
15277,938.21,N,Elder,F,13,B,INDIGO,N,NW,Y
15278,1035.61,N,Elder,M,21,B,BROWN,S,SE,Y
15279,1109.5,N,Elder,M,19,A,MAGENTA,S,SW,N
15280,343.43,N,Elder,F,14,A,BROWN,N,NE,N
15281,677.33,N,Elder,F,16,B,INDIGO,S,SE,Y
15282,497.26,N,Elder,M,17,A,MAGENTA,M,ME,N
15283,712.84,N,Elder,M,17,A,BROWN,N,NE,Y
15284,685.45,N,Elder,M,15,B,BROWN,S,SE,Y
15285,822.12,N,Young,M,15,B,MAGENTA,M,ME,N
15286,1057,N,Elder,F,16,B,MAGENTA,M,MW,N
15287,489.31,N,Elder,F,17,A,MAGENTA,N,NE,N
15288,951.71,Y,Elder,F,16,B,INDIGO,S,SE,Y
15289,763.02,N,Elder,F,17,B,BROWN,M,MW,N
15290,1376.85,Y,Young,F,14,D,INDIGO,S,SW,Y
15291,415.32,Y,Elder,F,15,A,INDIGO,S,SE,Y
15292,274.57,N,Elder,M,14,A,INDIGO,M,ME,Y
15293,763.46,N,Young,F,21,A,INDIGO,S,SW,Y
15294,1106.63,N,Elder,M,17,C,INDIGO,S,SW,N
15295,812.82,N,Elder,M,17,A,BROWN,M,MW,N
15296,654.58,N,Elder,F,12,A,BROWN,N,NW,Y
15297,1514.85,N,Elder,M,24,C,MAGENTA,S,SE,Y
15298,674.08,N,Elder,M,16,B,BROWN,N,NW,Y
15299,441.69,N,Elder,M,16,A,MAGENTA,N,NE,N
15300,832.64,N,Elder,M,15,B,INDIGO,M,ME,Y
15301,1110.7,N,Elder,M,12,A,INDIGO,M,ME,Y
15302,1238.02,N,Elder,M,18,C,BROWN,M,MW,N
15303,1096.95,N,Elder,F,18,C,BROWN,M,MW,N
15304,464.24,Y,Elder,M,15,A,BROWN,N,NW,Y
15305,1292.49,N,Elder,F,17,D,MAGENTA,M,ME,Y
15306,1087.01,Y,Elder,F,18,C,MAGENTA,S,SE,Y
15307,654.07,N,Young,M,9,B,BROWN,N,NW,N
15308,1367.52,N,Elder,F,14,B,PURPLE,M,MW,N
15309,1174.84,N,Elder,F,17,C,BROWN,M,MW,N
15310,662.52,N,Elder,M,18,A,MAGENTA,M,MW,Y
15311,1169.06,N,Elder,M,17,B,INDIGO,S,SW,N
15312,478.91,N,Elder,M,17,A,INDIGO,N,NW,Y
15313,362.74,N,Elder,M,15,A,INDIGO,M,MW,N
15314,1104.42,N,Elder,M,16,B,MAGENTA,N,NE,N
15315,430.56,N,Elder,M,16,A,BROWN,S,SE,Y
15316,600.07,N,Elder,M,19,A,INDIGO,S,SE,Y
15317,696.47,N,Elder,F,17,A,INDIGO,N,NE,N
15318,1143.91,Y,Elder,F,20,B,BROWN,N,NE,N
15319,1689.15,N,Elder,F,17,A,PURPLE,M,ME,N
15320,1134.09,N,Elder,F,18,A,BROWN,M,ME,N
15321,668.75,N,Elder,F,16,B,BROWN,N,NE,N
15322,863.6,Y,Elder,F,13,B,BROWN,M,MW,Y
15323,386,N,Elder,F,16,A,INDIGO,S,SE,N
15324,1660.03,N,Elder,M,23,B,INDIGO,N,NW,N
15325,564.63,N,Elder,M,14,B,BROWN,M,ME,N
15326,1143.95,N,Elder,M,19,B,MAGENTA,S,SE,N
15327,1370.02,N,Elder,M,18,C,BROWN,M,MW,N
15328,627,N,Elder,M,18,A,BROWN,M,ME,N
15329,857.71,N,Elder,M,18,B,MAGENTA,S,SW,N
15330,1478.65,N,Elder,F,17,C,BROWN,N,NE,Y
15331,1420.87,N,Elder,M,20,B,BROWN,M,ME,Y
15332,850.94,N,Elder,F,14,C,BROWN,N,NW,Y
15333,1081.9,N,Elder,F,15,C,PURPLE,N,NE,N
15334,1098.42,N,Elder,M,16,B,INDIGO,S,SE,Y
15335,602.36,N,Elder,M,20,A,INDIGO,N,NW,Y
15336,943.05,N,Elder,M,16,C,INDIGO,M,MW,N
15337,1803.47,N,Elder,M,21,C,BROWN,M,MW,Y
15338,1452.62,Y,Elder,M,17,C,INDIGO,S,SW,N
15339,605.15,N,Elder,F,15,B,BROWN,N,NW,N
15340,952.96,Y,Elder,F,16,C,INDIGO,N,NW,Y
15341,701,N,Elder,F,15,B,INDIGO,M,ME,Y
15342,699.41,N,Elder,M,21,A,INDIGO,N,NW,N
15343,277.26,N,Elder,F,13,A,BROWN,N,NW,Y
15344,1054.08,Y,Elder,F,19,B,INDIGO,N,NW,Y
15345,677.7,Y,Elder,F,18,A,MAGENTA,N,NW,N
15346,1714.65,Y,Elder,M,16,D,BROWN,M,MW,Y
15347,1265.57,N,Young,M,17,A,INDIGO,S,SE,Y
15348,693.88,N,Elder,F,17,A,MAGENTA,N,NW,N
15349,562.84,Y,Elder,M,15,A,MAGENTA,M,ME,Y
15350,803.32,N,Elder,M,21,A,MAGENTA,N,NE,N
15351,796.39,N,Elder,F,21,A,BROWN,N,NE,N
15352,997.77,Y,Elder,M,18,B,BROWN,N,NW,Y
15353,336.75,Y,Elder,M,14,A,INDIGO,N,NE,N
15354,375.62,N,Elder,M,14,A,PURPLE,S,SW,N
15355,754.37,N,Elder,M,12,C,INDIGO,M,ME,Y
15356,251.08,Y,Elder,M,13,A,MAGENTA,N,NE,Y
15357,1170.03,N,Elder,F,20,C,MAGENTA,N,NW,N
15358,905.02,N,Elder,M,16,A,MAGENTA,M,ME,N
15359,353.22,Y,Young,M,15,A,BROWN,N,NE,Y
15360,958.07,N,Elder,M,16,C,BROWN,S,SW,Y
15361,497.86,N,Elder,F,17,A,BROWN,M,MW,N
15362,1316.08,Y,Elder,F,16,C,BROWN,N,NW,Y
15363,1151.82,N,Elder,M,15,C,BROWN,M,MW,N
15364,477.2,N,Elder,M,17,A,INDIGO,N,NW,Y
15365,1165.56,N,Elder,M,17,C,INDIGO,M,ME,N
15366,1139.73,N,Young,F,19,C,BROWN,S,SE,Y
15367,950.3,N,Elder,M,19,B,MAGENTA,N,NW,N
15368,931.8,N,Elder,M,16,B,BROWN,N,NW,N
15369,675.44,N,Elder,M,14,B,MAGENTA,S,SW,Y
15370,587.03,N,Elder,F,12,B,INDIGO,S,SE,Y
15371,1301.21,N,Young,F,14,D,INDIGO,N,NW,N
15372,942.75,Y,Elder,M,16,B,INDIGO,N,NW,N
15373,1186.48,Y,Elder,F,19,C,BROWN,S,SW,Y
15374,228.26,N,Elder,F,13,A,BROWN,S,SW,Y
15375,969.79,N,Elder,M,16,B,PURPLE,N,NW,N
15376,714.44,N,Elder,M,17,B,INDIGO,N,NE,Y
15377,348.94,N,Young,F,14,A,BROWN,N,NE,N
15378,440.13,N,Elder,M,12,B,MAGENTA,N,NW,N
15379,880.15,N,Elder,F,16,A,BROWN,N,NE,N
15380,1590.86,N,Elder,M,17,B,BROWN,S,SE,Y
15381,570.59,N,Elder,M,19,A,INDIGO,M,MW,N
15382,973.26,N,Elder,F,19,B,PURPLE,M,MW,N
15383,1240.21,N,Elder,M,19,B,MAGENTA,S,SW,N
15384,687.75,N,Elder,M,18,A,BROWN,M,MW,Y
15385,1537.81,N,Elder,F,20,D,PURPLE,N,NW,N
15386,173.66,N,Elder,F,12,A,PURPLE,S,SW,N
15387,627.98,N,Elder,M,15,B,MAGENTA,N,NW,N
15388,746.54,N,Elder,M,17,B,INDIGO,N,NE,N
15389,1664.3,N,Elder,M,17,D,INDIGO,S,SE,Y
15390,1515.56,N,Elder,F,15,B,BROWN,S,SW,N
15391,858.98,N,Elder,F,13,A,MAGENTA,N,NW,Y
15392,1049.58,N,Elder,M,18,C,INDIGO,M,ME,N
15393,787.57,N,Elder,F,18,B,BROWN,M,ME,Y
15394,409.41,N,Elder,F,15,A,BROWN,S,SE,Y
15395,675.55,N,Elder,M,18,A,BROWN,S,SE,Y
15396,1367.76,N,Elder,F,15,C,BROWN,M,ME,Y
15397,998.85,Y,Elder,F,20,B,INDIGO,S,SW,Y
15398,984.78,N,Elder,M,21,B,MAGENTA,M,ME,Y
15399,519.93,N,Elder,M,18,A,INDIGO,S,SW,N
15400,664.81,N,Elder,M,16,B,MAGENTA,N,NW,N
15401,527.83,N,Elder,M,17,A,BROWN,M,ME,Y
15402,1091.1,N,Elder,F,18,C,BROWN,M,ME,Y
15403,563.5,Y,Young,M,13,B,BROWN,N,NW,Y
15404,880.89,N,Elder,M,18,A,MAGENTA,M,ME,N
15405,933.08,N,Elder,F,16,B,INDIGO,M,MW,N
15406,264.11,N,Elder,F,13,A,MAGENTA,N,NW,N
15407,441.48,N,Elder,F,14,A,BROWN,S,SE,N
15408,1104,N,Young,M,18,C,BROWN,N,NE,Y
15409,770.56,N,Elder,M,16,B,BROWN,M,MW,N
15410,1255.18,N,Young,F,16,B,BROWN,S,SW,Y
15411,1078.91,N,Elder,F,15,A,INDIGO,M,MW,N
15412,821.6,N,Elder,M,15,B,INDIGO,N,NE,Y
15413,1230.85,N,Elder,F,15,D,MAGENTA,M,ME,Y
15414,1504.13,N,Elder,M,18,B,MAGENTA,N,NW,N
15415,1060.63,N,Elder,F,17,B,PURPLE,S,SW,N
15416,647.66,N,Elder,M,20,A,INDIGO,S,SE,N
15417,460.44,N,Elder,F,17,A,BROWN,N,NE,Y
15418,640.11,N,Elder,F,13,B,BROWN,N,NE,Y
15419,221.16,Y,Elder,F,13,A,BROWN,N,NE,N
15420,550.6,N,Elder,F,18,A,BROWN,M,ME,Y
15421,945.54,Y,Young,M,20,B,MAGENTA,M,ME,Y
15422,1203.86,N,Elder,M,16,D,MAGENTA,N,NW,N
15423,1875.09,N,Elder,F,15,A,MAGENTA,M,ME,N
15424,938.38,N,Elder,M,16,C,MAGENTA,N,NW,N
15425,1098.66,N,Elder,M,16,C,BROWN,M,MW,Y
15426,607.15,N,Elder,M,20,A,INDIGO,N,NW,N
15427,1032.15,N,Elder,M,21,B,BROWN,N,NE,Y
15428,1284.7,N,Elder,M,12,A,BROWN,N,NE,Y
15429,720.81,N,Elder,M,15,B,BROWN,N,NW,Y
15430,774.81,N,Elder,M,20,A,BROWN,M,MW,Y
15431,1030.97,N,Elder,F,16,B,BROWN,N,NW,Y
15432,787.6,N,Elder,M,17,B,INDIGO,N,NW,N
15433,1040.14,Y,Elder,M,12,D,MAGENTA,N,NE,Y
15434,371.73,N,Elder,M,15,A,INDIGO,M,MW,Y
15435,531.46,N,Elder,M,17,A,BROWN,N,NE,Y
15436,679.65,N,Elder,F,16,B,MAGENTA,M,MW,N
15437,601.42,N,Elder,M,14,B,INDIGO,N,NW,N
15438,939.91,N,Elder,F,16,B,BROWN,M,MW,Y
15439,735.33,Y,Young,M,12,B,BROWN,N,NE,Y
15440,859.78,Y,Elder,F,14,B,PURPLE,N,NW,N
15441,1119.73,N,Elder,M,19,B,MAGENTA,N,NW,N
15442,557.51,N,Elder,F,14,B,INDIGO,M,ME,Y
15443,920.49,N,Elder,M,13,C,BROWN,N,NW,Y
15444,697.59,N,Elder,F,16,B,BROWN,M,ME,N
15445,1339.11,N,Elder,F,13,C,BROWN,M,MW,Y
15446,869.36,N,Elder,M,15,C,BROWN,N,NE,Y
15447,1310.83,N,Elder,F,20,C,MAGENTA,M,ME,N
15448,829.39,N,Elder,M,17,B,PURPLE,N,NE,N
15449,524.09,N,Elder,M,13,B,MAGENTA,N,NW,N
15450,351.1,N,Elder,F,15,A,MAGENTA,S,SW,N
15451,1543.76,N,Elder,M,14,B,PURPLE,N,NE,N
15452,1149.33,Y,Elder,M,19,C,MAGENTA,S,SW,N
15453,978.96,N,Elder,M,14,C,INDIGO,N,NE,Y
15454,283.08,N,Elder,F,13,A,INDIGO,S,SE,Y
15455,1245.29,N,Elder,M,21,C,BROWN,M,ME,N
15456,941.6,N,Elder,M,16,C,INDIGO,N,NE,N
15457,976.76,N,Elder,M,21,B,INDIGO,M,ME,N
15458,792.73,N,Elder,F,18,B,INDIGO,S,SE,Y
15459,655.18,N,Elder,F,20,A,MAGENTA,S,SW,N
15460,1105.92,N,Elder,M,16,A,BROWN,M,MW,Y
15461,1460.54,N,Elder,F,12,A,INDIGO,N,NE,N
15462,730.52,N,Elder,M,16,B,INDIGO,M,ME,Y
15463,802.15,N,Elder,F,16,B,PURPLE,N,NW,N
15464,544.13,N,Elder,M,17,A,INDIGO,S,SW,N
15465,923.81,N,Elder,F,20,B,BROWN,M,ME,Y
15466,979.44,N,Elder,M,16,C,INDIGO,N,NE,N
15467,439.14,N,Elder,F,16,A,BROWN,S,SW,Y
15468,1051.5,N,Elder,M,16,C,INDIGO,S,SE,N
15469,582.47,N,Elder,M,18,A,MAGENTA,M,MW,N
15470,783.74,Y,Elder,M,18,B,MAGENTA,M,ME,N
15471,805.19,N,Elder,M,21,A,INDIGO,M,MW,Y
15472,1651.34,Y,Elder,M,17,D,BROWN,N,NE,Y
15473,696.53,N,Elder,F,15,B,INDIGO,M,ME,Y
15474,321.02,N,Elder,F,14,A,BROWN,N,NW,N
15475,1086.96,Y,Elder,F,15,C,BROWN,N,NE,Y
15476,974.68,N,Elder,M,15,C,BROWN,S,SE,N
15477,1021.14,N,Elder,M,17,C,MAGENTA,N,NW,Y
15478,942.46,N,Elder,M,20,B,MAGENTA,M,ME,Y
15479,1483.79,N,Elder,M,18,C,BROWN,S,SE,N
15480,1329.97,N,Elder,M,17,D,MAGENTA,N,NW,N
15481,552.85,N,Elder,M,16,A,BROWN,N,NE,Y
15482,704.53,N,Young,M,14,B,BROWN,N,NW,N
15483,925.72,N,Elder,F,13,C,INDIGO,M,MW,N
15484,518.22,N,Elder,F,16,A,PURPLE,M,MW,N
15485,623.07,N,Elder,F,15,B,BROWN,S,SE,Y
15486,1052.03,N,Elder,M,16,B,BROWN,M,MW,Y
15487,600.02,Y,Young,F,13,B,MAGENTA,S,SE,Y
15488,912.5,N,Elder,F,19,A,MAGENTA,N,NW,N
15489,799.83,N,Elder,M,15,B,MAGENTA,N,NW,N
15490,1304.87,N,Elder,M,17,D,PURPLE,N,NE,N
15491,329.27,N,Elder,F,15,A,INDIGO,S,SW,Y
15492,502.18,N,Elder,F,18,A,BROWN,N,NE,Y
15493,458.23,N,Elder,M,17,A,MAGENTA,M,MW,Y
15494,1241.27,N,Elder,M,16,D,BROWN,M,ME,N
15495,975.32,Y,Elder,M,16,C,BROWN,M,MW,Y
15496,610.47,N,Elder,F,20,A,BROWN,S,SW,Y
15497,456.87,N,Elder,F,12,B,INDIGO,M,MW,Y
15498,641.12,N,Elder,F,17,A,MAGENTA,N,NE,N
15499,578.84,N,Elder,F,14,A,MAGENTA,M,MW,N
15500,1126.25,Y,Elder,M,17,C,BROWN,S,SW,Y
15501,537.57,N,Elder,M,13,B,BROWN,M,ME,Y
15502,846.77,N,Elder,M,15,A,MAGENTA,N,NE,N
15503,270.03,N,Elder,M,13,A,MAGENTA,S,SW,N
15504,759.39,N,Elder,M,17,B,INDIGO,N,NE,N
15505,428.11,N,Elder,M,16,A,BROWN,N,NW,Y
15506,500.84,N,Elder,M,13,B,INDIGO,S,SW,Y
15507,880.58,N,Elder,F,17,B,MAGENTA,N,NW,N
15508,1476.59,N,Young,M,19,D,MAGENTA,N,NW,N
15509,1019.5,N,Elder,M,17,B,INDIGO,N,NE,N
15510,1085.21,N,Elder,M,16,B,MAGENTA,N,NE,Y
15511,554.49,N,Elder,F,14,B,BROWN,M,MW,Y
15512,1033.5,N,Elder,F,14,C,INDIGO,M,ME,Y
15513,412.12,N,Elder,F,11,B,INDIGO,M,MW,N
15514,527.4,N,Elder,M,13,B,INDIGO,M,MW,Y
15515,868.02,N,Elder,M,14,B,BROWN,M,ME,Y
15516,971.99,Y,Young,M,15,C,INDIGO,N,NW,Y
15517,1410.2,N,Elder,F,18,D,INDIGO,N,NW,N
15518,2078,N,Elder,M,18,D,BROWN,S,SE,Y
15519,970.75,N,Elder,F,14,B,BROWN,S,SW,Y
15520,956.82,N,Elder,F,15,C,MAGENTA,N,NE,N
15521,150.79,N,Elder,M,11,A,INDIGO,N,NE,N
15522,349.2,N,Elder,M,15,A,MAGENTA,M,ME,N
15523,963.85,N,Elder,F,12,A,BROWN,S,SW,Y
15524,345.52,N,Elder,M,12,A,PURPLE,M,MW,N
15525,1472.17,N,Young,M,17,B,INDIGO,M,MW,Y
15526,916.72,N,Elder,M,15,C,BROWN,S,SW,N
15527,844.29,N,Elder,F,19,B,INDIGO,S,SE,Y
15528,1088.03,N,Elder,F,16,B,PURPLE,N,NW,N
15529,668.32,N,Elder,M,12,B,BROWN,M,ME,Y
15530,1049.48,N,Elder,M,22,B,BROWN,N,NW,Y
15531,849.17,N,Elder,M,17,B,BROWN,M,MW,Y
15532,778.83,N,Elder,F,17,B,MAGENTA,N,NE,Y
15533,1135.52,N,Elder,F,16,B,BROWN,M,MW,Y
15534,1685.61,N,Elder,M,17,A,INDIGO,N,NW,N
15535,710.68,N,Elder,M,15,B,MAGENTA,M,MW,Y
15536,562.63,N,Elder,F,14,B,BROWN,N,NW,Y
15537,1297,N,Elder,F,14,A,MAGENTA,M,MW,N
15538,888.96,N,Elder,M,14,C,INDIGO,M,ME,Y
15539,790.45,N,Elder,F,18,B,INDIGO,S,SW,N
15540,772.19,N,Elder,F,13,C,INDIGO,M,MW,N
15541,1102.74,N,Young,F,19,C,BROWN,M,ME,Y
15542,809.35,N,Elder,F,17,B,BROWN,M,MW,Y
15543,1291.69,N,Elder,F,18,B,BROWN,M,MW,Y
15544,530.21,N,Elder,M,18,A,BROWN,M,ME,N
15545,1486.22,Y,Elder,M,19,C,BROWN,N,NW,Y
15546,617.21,N,Elder,M,15,B,PURPLE,N,NW,N
15547,415.22,N,Elder,M,16,A,BROWN,N,NW,Y
15548,734.01,N,Elder,M,14,B,INDIGO,N,NE,N
15549,242.41,N,Elder,F,13,A,BROWN,S,SE,Y
15550,112.9,N,Elder,M,11,A,INDIGO,N,NE,Y
15551,1331.94,Y,Elder,M,17,C,BROWN,M,MW,Y
15552,444.02,N,Elder,M,17,A,BROWN,S,SW,Y
15553,1057.41,N,Elder,M,18,C,BROWN,N,NE,Y
15554,1061.24,Y,Elder,F,17,C,MAGENTA,S,SE,N
15555,1496.51,N,Young,F,16,C,MAGENTA,M,ME,N
15556,793.83,N,Elder,F,13,C,BROWN,M,ME,Y
15557,505.62,N,Young,M,13,B,INDIGO,N,NW,N
15558,593.16,N,Elder,M,17,A,INDIGO,S,SW,Y
15559,633.19,N,Elder,F,18,A,BROWN,S,SW,Y
15560,425.92,Y,Elder,M,14,A,BROWN,M,MW,Y
15561,971.51,N,Elder,F,15,C,INDIGO,S,SE,Y
15562,707.76,N,Elder,F,15,B,MAGENTA,N,NE,Y
15563,583.07,N,Young,M,14,B,BROWN,M,MW,Y
15564,1279.08,N,Elder,F,17,D,BROWN,M,MW,Y
15565,777.34,N,Elder,F,17,B,INDIGO,M,MW,Y
15566,429.37,N,Elder,F,11,B,INDIGO,M,MW,N
15567,231.18,N,Elder,F,13,A,BROWN,S,SE,Y
15568,1167.44,Y,Elder,F,13,B,BROWN,M,ME,Y
15569,1239.84,N,Elder,F,18,B,BROWN,S,SE,N
15570,430.2,N,Elder,F,15,A,MAGENTA,M,ME,N
15571,621.52,N,Elder,M,15,B,BROWN,N,NW,Y
15572,660.65,N,Elder,M,21,A,INDIGO,S,SE,N
15573,749.83,N,Elder,M,19,A,MAGENTA,M,MW,Y
15574,384.11,N,Elder,F,16,A,PURPLE,M,MW,N
15575,733.54,Y,Elder,M,12,C,MAGENTA,N,NW,Y
15576,784.55,N,Elder,M,17,B,INDIGO,S,SW,Y
15577,1050.37,N,Elder,M,17,B,BROWN,M,ME,Y
15578,789.12,N,Elder,M,15,B,BROWN,N,NE,Y
15579,963.65,N,Elder,M,18,B,MAGENTA,N,NW,N
15580,881.7,N,Elder,M,18,B,INDIGO,M,ME,Y
15581,957.82,N,Elder,M,14,A,INDIGO,N,NW,Y
15582,703.51,N,Elder,F,13,B,BROWN,S,SE,Y
15583,696.79,N,Elder,M,15,B,BROWN,S,SW,Y
15584,804.51,N,Elder,F,14,B,BROWN,M,MW,Y
15585,965.05,N,Elder,M,21,A,BROWN,N,NW,Y
15586,863.14,N,Elder,M,18,A,INDIGO,S,SE,N
15587,779.03,N,Elder,M,14,B,MAGENTA,M,ME,N
15588,923.38,N,Elder,F,15,A,INDIGO,N,NW,Y
15589,744.98,N,Elder,M,15,B,BROWN,M,MW,Y
15590,1051.91,N,Elder,F,16,C,MAGENTA,N,NW,Y
15591,898.32,N,Elder,M,15,C,MAGENTA,N,NW,N
15592,468.37,N,Elder,M,16,A,PURPLE,S,SW,N
15593,1035.32,Y,Elder,M,18,B,INDIGO,N,NE,Y
15594,891.9,N,Elder,F,19,B,INDIGO,M,MW,Y
15595,1306.25,N,Elder,F,16,B,INDIGO,M,MW,Y
15596,932.16,N,Elder,F,16,C,PURPLE,M,ME,N
15597,449.43,N,Elder,F,17,A,PURPLE,N,NE,N
15598,1112.47,N,Elder,F,15,B,BROWN,M,ME,Y
15599,1465.29,N,Elder,M,19,D,BROWN,M,ME,Y
15600,1143.6,N,Elder,F,17,B,MAGENTA,M,ME,Y
15601,426.79,N,Elder,F,14,A,MAGENTA,N,NW,Y
15602,1051.86,N,Elder,M,15,C,BROWN,M,MW,N
15603,1152.38,N,Elder,F,20,C,BROWN,M,ME,N
15604,958,N,Elder,M,21,B,BROWN,S,SE,Y
15605,1275.55,Y,Elder,F,19,C,BROWN,M,MW,Y
15606,673.38,N,Elder,F,15,B,BROWN,M,ME,N
15607,362.85,N,Elder,F,10,B,MAGENTA,M,MW,N
15608,1345.05,Y,Elder,M,21,C,INDIGO,M,MW,Y
15609,797.21,N,Elder,F,16,B,BROWN,S,SE,N
15610,1312.13,N,Young,M,13,B,BROWN,S,SW,N
15611,670.74,N,Elder,M,14,B,INDIGO,M,MW,Y
15612,1084.75,N,Elder,M,18,C,BROWN,M,ME,Y
15613,748.77,N,Elder,M,16,B,MAGENTA,N,NW,Y
15614,826.66,N,Elder,F,17,B,MAGENTA,N,NE,Y
15615,1174.83,N,Elder,M,19,B,INDIGO,N,NE,N
15616,771.37,Y,Elder,M,17,B,BROWN,M,ME,Y
15617,1272.27,N,Elder,M,19,B,PURPLE,M,ME,N
15618,1247.67,N,Elder,M,17,B,BROWN,M,MW,Y
15619,710.81,N,Elder,M,16,B,INDIGO,S,SE,N
15620,550.9,Y,Elder,F,14,B,INDIGO,S,SE,N
15621,2481.66,N,Elder,F,18,C,MAGENTA,S,SW,N
15622,865.95,N,Elder,M,13,C,INDIGO,M,MW,N
15623,715.32,N,Elder,M,17,B,PURPLE,M,MW,N
15624,1321.3,Y,Elder,M,20,C,PURPLE,N,NW,N
15625,435.08,N,Elder,F,16,A,MAGENTA,N,NE,N
15626,385.91,N,Elder,F,16,A,MAGENTA,S,SW,N
15627,686.02,N,Elder,F,14,B,MAGENTA,N,NW,N
15628,394.56,N,Young,F,11,B,MAGENTA,N,NW,Y
15629,421.66,N,Elder,M,15,A,INDIGO,S,SE,N
15630,1260.09,N,Elder,F,17,C,BROWN,N,NW,Y
15631,1054.67,N,Elder,F,13,D,BROWN,N,NE,Y
15632,739.14,N,Elder,M,16,A,MAGENTA,S,SW,Y
15633,767.07,Y,Elder,M,13,C,BROWN,M,ME,Y
15634,967.66,N,Elder,F,16,B,INDIGO,N,NW,Y
15635,726.56,N,Elder,F,9,C,MAGENTA,S,SW,Y
15636,595.57,N,Elder,M,14,B,MAGENTA,N,NE,N
15637,1303.27,Y,Elder,F,14,C,BROWN,N,NW,Y
15638,1099.36,N,Elder,M,16,A,INDIGO,M,MW,N
15639,1655.32,N,Elder,F,19,C,INDIGO,S,SW,Y
15640,504.6,Y,Elder,M,11,B,MAGENTA,S,SW,Y
15641,967.71,N,Elder,M,18,B,INDIGO,N,NW,Y
15642,1049.61,N,Elder,M,18,B,INDIGO,N,NW,N
15643,1349.12,Y,Elder,M,17,C,INDIGO,M,MW,Y
15644,1030.32,N,Elder,F,17,C,INDIGO,N,NW,Y
15645,451.32,N,Elder,F,11,B,INDIGO,M,MW,Y
15646,890.43,N,Elder,M,20,B,BROWN,M,MW,Y
15647,1117.55,Y,Young,F,13,B,BROWN,S,SE,N
15648,614.85,N,Elder,F,20,A,PURPLE,M,MW,N
15649,1556.59,N,Elder,F,16,A,BROWN,S,SE,N
15650,660.35,N,Elder,M,15,B,BROWN,S,SE,Y
15651,403.89,N,Elder,F,15,A,BROWN,N,NW,N
15652,881.69,Y,Elder,M,15,C,BROWN,M,MW,Y
15653,650.75,N,Elder,F,11,B,BROWN,S,SW,Y
15654,990.37,N,Elder,M,17,C,BROWN,N,NE,Y
15655,681.66,N,Elder,F,14,B,BROWN,S,SW,N
15656,282.87,N,Elder,M,14,A,PURPLE,N,NE,N
15657,491.05,Y,Elder,M,15,A,INDIGO,M,MW,Y
15658,1255.64,N,Elder,M,14,C,INDIGO,N,NE,N
15659,797.42,N,Elder,F,14,B,INDIGO,S,SE,Y
15660,261.24,Y,Young,F,13,A,BROWN,N,NW,Y
15661,1168.08,N,Elder,F,16,C,MAGENTA,M,ME,N
15662,930.69,N,Elder,F,21,B,BROWN,N,NW,N
15663,1065.25,Y,Elder,M,15,B,INDIGO,N,NW,N
15664,740.64,N,Elder,M,14,B,BROWN,S,SE,N
15665,393.48,N,Elder,M,14,A,MAGENTA,M,MW,N
15666,561.59,N,Elder,M,19,A,INDIGO,N,NE,Y
15667,817.96,N,Elder,M,18,B,PURPLE,M,MW,N
15668,916.17,N,Elder,M,15,C,BROWN,N,NW,Y
15669,901.63,N,Elder,M,18,B,BROWN,N,NE,N
15670,381.49,N,Elder,F,16,A,INDIGO,N,NE,Y
15671,1371.46,N,Elder,M,19,D,INDIGO,S,SE,N
15672,1237.68,N,Elder,M,20,B,BROWN,S,SE,Y
15673,597.2,N,Elder,M,19,A,MAGENTA,M,ME,N
15674,1571.48,N,Elder,M,18,D,BROWN,N,NE,Y
15675,824.54,N,Elder,M,17,B,MAGENTA,N,NW,Y
15676,451.5,N,Elder,M,15,A,INDIGO,N,NW,Y
15677,880.51,N,Elder,F,20,B,INDIGO,S,SE,N
15678,252.17,N,Elder,M,13,A,INDIGO,N,NW,Y
15679,705.43,N,Elder,M,14,B,INDIGO,N,NW,N
15680,270.52,N,Elder,M,14,A,BROWN,N,NW,Y
15681,341.8,N,Elder,F,15,A,PURPLE,M,MW,N
15682,569.01,N,Elder,F,14,B,MAGENTA,N,NW,N
15683,962.69,N,Elder,F,17,B,INDIGO,N,NW,Y
15684,765.37,N,Elder,F,17,B,BROWN,N,NW,N
15685,774.12,N,Elder,M,16,B,MAGENTA,M,MW,Y
15686,506.14,N,Elder,F,16,A,INDIGO,N,NW,Y
15687,941.2,N,Elder,F,16,C,INDIGO,N,NW,Y
15688,1786.96,N,Young,F,18,C,BROWN,M,MW,Y
15689,1047.92,N,Elder,F,15,C,MAGENTA,S,SE,N
15690,471.18,N,Elder,M,16,A,INDIGO,N,NE,N
15691,955.36,Y,Elder,M,12,B,BROWN,S,SE,Y
15692,903.05,N,Elder,M,18,B,PURPLE,N,NE,N
15693,692.76,N,Elder,F,16,B,MAGENTA,S,SW,N
15694,933.52,N,Elder,M,16,C,INDIGO,S,SW,N
15695,795.09,N,Elder,F,17,B,BROWN,S,SE,Y
15696,517.38,N,Elder,F,15,A,INDIGO,M,ME,Y
15697,1003.9,Y,Elder,M,17,C,INDIGO,N,NE,Y
15698,372.56,N,Elder,F,15,A,BROWN,M,ME,Y
15699,1230.03,N,Elder,F,15,C,INDIGO,S,SE,N
15700,1076.83,N,Elder,M,19,B,INDIGO,S,SW,N
15701,818.34,N,Elder,F,15,B,INDIGO,M,MW,Y
15702,825.01,N,Elder,M,18,A,BROWN,N,NE,Y
15703,826.64,N,Elder,F,17,B,INDIGO,N,NW,N
15704,946.02,N,Elder,M,19,B,INDIGO,M,MW,N
15705,426.01,N,Elder,M,16,A,BROWN,N,NE,Y
15706,950.02,N,Young,F,20,B,BROWN,M,ME,Y
15707,1010.76,Y,Elder,F,17,C,BROWN,N,NW,Y
15708,576.14,N,Elder,F,19,A,MAGENTA,M,ME,N
15709,1042.38,N,Elder,M,18,C,BROWN,M,MW,Y
15710,779.05,N,Elder,M,19,A,BROWN,S,SE,Y
15711,522.69,N,Elder,M,14,A,MAGENTA,M,ME,Y
15712,1207.24,Y,Elder,F,19,A,MAGENTA,N,NW,Y
15713,806.97,N,Elder,F,18,B,INDIGO,N,NE,Y
15714,579.96,Y,Elder,F,14,B,BROWN,N,NE,Y
15715,1649.93,N,Elder,M,19,A,INDIGO,N,NE,N
15716,946.66,N,Elder,M,20,B,MAGENTA,N,NE,N
15717,339.38,N,Elder,M,15,A,INDIGO,S,SE,N
15718,572.86,N,Elder,M,18,A,MAGENTA,M,MW,N
15719,904.95,N,Elder,M,20,B,BROWN,S,SW,Y
15720,440.51,N,Elder,F,17,A,MAGENTA,N,NE,N
15721,1037.66,N,Elder,M,15,C,BROWN,M,MW,N
15722,696.04,N,Elder,M,17,A,BROWN,M,MW,N
15723,960.18,N,Elder,M,20,B,INDIGO,S,SW,Y
15724,609.01,N,Elder,M,15,B,BROWN,S,SE,Y
15725,1195.33,N,Elder,F,14,B,INDIGO,N,NE,Y
15726,1046.71,N,Elder,F,19,B,BROWN,N,NW,Y
15727,1223.61,N,Elder,F,18,C,PURPLE,S,SW,N
15728,987.88,Y,Young,M,16,C,BROWN,N,NE,Y
15729,1082.44,N,Elder,F,18,C,PURPLE,N,NW,N
15730,467.47,N,Elder,F,15,A,MAGENTA,N,NW,N
15731,724.47,N,Young,M,22,A,BROWN,M,MW,Y
15732,759.57,N,Elder,F,15,B,INDIGO,S,SE,N
15733,1000.36,N,Elder,M,16,C,BROWN,N,NE,Y
15734,735.74,N,Elder,M,17,B,INDIGO,M,MW,Y
15735,628.29,N,Elder,M,20,A,INDIGO,M,MW,Y
15736,308.16,N,Elder,F,14,A,MAGENTA,M,ME,Y
15737,183.07,N,Young,M,12,A,INDIGO,S,SE,N
15738,697.38,Y,Elder,M,16,B,INDIGO,N,NE,Y
15739,851.83,N,Elder,F,14,C,MAGENTA,N,NE,N
15740,762.7,N,Elder,F,14,B,BROWN,S,SW,N
15741,296.38,N,Elder,F,14,A,BROWN,N,NE,Y
15742,1025.37,N,Elder,M,14,C,BROWN,M,ME,N
15743,320.09,Y,Elder,M,13,A,INDIGO,S,SE,Y
15744,489.12,N,Elder,F,14,A,PURPLE,N,NE,N
15745,1332.46,N,Elder,M,20,C,BROWN,N,NE,Y
15746,1201.24,N,Elder,M,17,C,BROWN,M,MW,Y
15747,636.66,N,Elder,F,15,B,BROWN,N,NW,N
15748,1182.83,N,Elder,F,15,B,BROWN,N,NW,Y
15749,892.74,N,Elder,M,19,B,PURPLE,S,SE,N
15750,921.8,N,Elder,F,21,A,BROWN,M,MW,Y
15751,1218.22,N,Elder,M,20,B,INDIGO,S,SW,Y
15752,1312.95,N,Elder,M,16,C,INDIGO,M,MW,N
15753,404.85,N,Elder,M,16,A,INDIGO,N,NW,N
15754,642.06,N,Elder,M,13,A,BROWN,M,MW,Y
15755,1946.68,N,Elder,M,16,A,BROWN,M,ME,N
15756,842.27,N,Elder,M,16,B,BROWN,M,MW,Y
15757,1854.89,Y,Elder,M,16,D,MAGENTA,S,SE,Y
15758,820.5,N,Elder,M,15,B,BROWN,S,SE,Y
15759,732.68,N,Elder,M,16,B,BROWN,N,NW,Y
15760,336.45,N,Elder,F,14,A,BROWN,N,NW,Y
15761,806.48,N,Elder,M,13,B,BROWN,M,MW,Y
15762,1145.01,N,Elder,M,17,B,BROWN,M,MW,Y
15763,1407.92,N,Elder,M,19,D,INDIGO,S,SW,N
15764,1579.3,N,Young,M,16,C,INDIGO,M,ME,Y
15765,1108.43,N,Elder,F,19,C,PURPLE,N,NW,N
15766,1311.33,N,Elder,M,20,B,INDIGO,N,NE,Y
15767,359.58,N,Elder,F,15,A,INDIGO,N,NE,N
15768,1306.05,N,Elder,M,18,B,BROWN,M,MW,Y
15769,834.02,N,Elder,M,17,B,PURPLE,N,NW,N
15770,1836.2,N,Elder,M,16,C,BROWN,S,SW,Y
15771,1025.56,N,Elder,F,16,C,INDIGO,S,SE,Y
15772,1326.97,N,Elder,F,17,C,INDIGO,S,SW,Y
15773,441.22,Y,Elder,M,17,A,MAGENTA,N,NW,Y
15774,455.83,Y,Elder,M,12,B,BROWN,M,MW,Y
15775,1103.44,Y,Elder,F,12,D,BROWN,N,NW,Y
15776,766.8,N,Elder,F,16,B,BROWN,N,NW,Y
15777,1157.13,N,Elder,F,20,C,PURPLE,N,NW,N
15778,750.66,N,Elder,M,19,A,BROWN,M,MW,Y
15779,774.44,N,Elder,M,13,C,BROWN,N,NW,Y
15780,1814.03,N,Elder,F,18,C,BROWN,N,NW,Y
15781,584.22,N,Elder,F,16,A,PURPLE,N,NW,N
15782,1021.61,N,Elder,M,20,B,BROWN,N,NW,N
15783,551.03,N,Elder,F,16,A,BROWN,N,NW,Y
15784,563.3,N,Elder,F,12,A,BROWN,M,ME,Y
15785,1105.28,N,Elder,M,17,B,INDIGO,M,MW,N
15786,687.71,N,Elder,M,16,B,BROWN,S,SE,Y
15787,335.66,N,Elder,F,15,A,INDIGO,S,SW,Y
15788,1195.42,N,Elder,F,18,C,INDIGO,S,SW,N
15789,615.37,N,Elder,F,13,B,INDIGO,N,NE,N
15790,712.37,N,Elder,F,16,B,MAGENTA,M,MW,N
15791,1212.83,N,Elder,M,18,C,BROWN,M,ME,Y
15792,916.44,N,Elder,F,15,C,BROWN,M,MW,Y
15793,621.57,N,Elder,M,19,A,BROWN,N,NW,Y
15794,680.86,N,Elder,F,16,B,BROWN,S,SE,N
15795,1430.97,N,Elder,M,15,D,INDIGO,M,ME,N
15796,417.92,N,Elder,M,16,A,MAGENTA,N,NE,N
15797,1025.43,N,Elder,F,16,C,MAGENTA,S,SW,Y
15798,733.77,N,Elder,F,16,B,BROWN,S,SW,N
15799,1215.95,N,Young,M,21,C,BROWN,S,SW,Y
15800,1359.59,N,Elder,M,16,A,BROWN,N,NW,Y
15801,1321.68,N,Elder,M,17,B,MAGENTA,N,NW,Y
15802,809.1,N,Elder,M,18,B,INDIGO,N,NW,N
15803,943.67,N,Young,F,15,C,BROWN,N,NW,Y
15804,290.65,Y,Elder,F,14,A,BROWN,M,ME,Y
15805,384.43,N,Elder,M,16,A,BROWN,N,NW,Y
15806,495.92,Y,Elder,M,18,A,INDIGO,S,SW,Y
15807,1168.27,N,Elder,M,17,B,BROWN,M,ME,Y
15808,1249.48,N,Elder,F,15,D,MAGENTA,N,NE,Y
15809,733.87,N,Elder,F,17,B,BROWN,N,NE,Y
15810,1120.23,N,Elder,M,20,B,MAGENTA,N,NW,N
15811,833.57,N,Elder,M,24,A,BROWN,N,NW,N
15812,546.06,N,Elder,F,12,B,BROWN,N,NE,Y
15813,763.91,Y,Elder,F,17,B,INDIGO,N,NE,Y
15814,1211.71,N,Elder,F,21,C,PURPLE,M,ME,N
15815,794.64,N,Elder,F,16,A,BROWN,S,SE,N
15816,1490.01,N,Elder,F,16,D,INDIGO,N,NE,N
15817,732.71,N,Elder,M,17,B,BROWN,M,MW,N
15818,835.08,Y,Elder,M,13,B,BROWN,S,SW,Y
15819,620.34,N,Elder,F,12,B,BROWN,N,NE,N
15820,534.46,N,Elder,F,18,A,BROWN,N,NE,Y
15821,967.88,Y,Elder,M,19,B,MAGENTA,S,SW,Y
15822,1183.37,N,Elder,F,20,B,MAGENTA,N,NW,N
15823,321.1,N,Elder,M,14,A,MAGENTA,M,ME,Y
15824,955.17,N,Elder,M,15,C,BROWN,M,MW,Y
15825,1056.34,N,Elder,M,21,A,INDIGO,S,SE,N
15826,567.98,N,Elder,F,19,A,MAGENTA,M,ME,N
15827,1372.51,N,Elder,M,19,C,BROWN,S,SW,N
15828,1353.1,N,Elder,M,17,C,BROWN,N,NW,Y
15829,886.62,Y,Elder,M,13,C,BROWN,M,ME,Y
15830,646.11,N,Elder,M,20,A,BROWN,N,NE,Y
15831,284.8,N,Elder,M,13,A,BROWN,N,NE,Y
15832,442.46,N,Elder,F,16,A,BROWN,M,MW,Y
15833,1073.53,N,Elder,F,18,C,MAGENTA,N,NE,N
15834,122.49,N,Elder,M,11,A,MAGENTA,N,NE,Y
15835,929.71,Y,Elder,M,16,C,MAGENTA,N,NE,Y
15836,1143.09,N,Elder,M,17,B,BROWN,N,NW,Y
15837,701.43,N,Elder,M,15,B,PURPLE,M,MW,N
15838,1107.42,N,Young,F,16,B,INDIGO,N,NW,N
15839,406,N,Young,M,12,A,PURPLE,M,MW,N
15840,422.64,N,Elder,M,14,A,BROWN,M,ME,N
15841,622.61,N,Elder,M,14,A,BROWN,M,ME,N
15842,583.37,N,Elder,M,17,A,INDIGO,N,NW,N
15843,745.83,N,Elder,M,17,B,BROWN,N,NE,Y
15844,728.77,N,Elder,F,17,B,BROWN,N,NW,Y
15845,973.86,N,Young,M,17,B,INDIGO,M,MW,N
15846,174.69,Y,Young,M,12,A,BROWN,S,SW,N
15847,722.2,N,Elder,F,12,C,INDIGO,N,NE,Y
15848,897.49,N,Elder,F,21,A,INDIGO,M,MW,Y
15849,677.59,N,Elder,F,10,B,MAGENTA,S,SE,N
15850,1015.48,N,Elder,F,17,C,INDIGO,S,SW,Y
15851,986.6,N,Elder,F,16,C,MAGENTA,N,NW,Y
15852,954.41,N,Elder,M,18,B,BROWN,M,MW,Y
15853,606.92,Y,Elder,F,15,B,BROWN,S,SW,Y
15854,1691.29,N,Elder,M,20,D,BROWN,N,NW,N
15855,976.45,N,Elder,M,15,C,BROWN,M,MW,Y
15856,739.63,N,Elder,M,15,B,INDIGO,S,SE,N
15857,765.09,Y,Elder,F,17,B,INDIGO,S,SW,N
15858,481.29,N,Elder,M,17,A,BROWN,S,SE,Y
15859,536.01,N,Elder,F,13,B,MAGENTA,N,NE,Y
15860,646.44,N,Elder,F,20,A,MAGENTA,M,MW,Y
15861,474.18,N,Young,F,16,A,BROWN,N,NW,N
15862,738.79,N,Elder,F,15,B,INDIGO,N,NW,Y
15863,1080.39,N,Elder,F,16,C,MAGENTA,N,NE,N
15864,660.48,N,Elder,F,15,B,INDIGO,N,NW,N
15865,843.72,N,Elder,F,23,A,PURPLE,M,ME,N
15866,468.84,N,Elder,M,16,A,INDIGO,S,SW,Y
15867,248.47,N,Elder,F,12,A,BROWN,M,MW,Y
15868,676.11,N,Elder,F,16,B,MAGENTA,M,MW,N
15869,679.84,N,Elder,F,15,B,PURPLE,S,SW,N
15870,807.42,N,Elder,M,20,A,MAGENTA,N,NW,Y
15871,891.68,N,Elder,M,18,A,MAGENTA,M,MW,N
15872,1088.87,N,Young,M,16,C,BROWN,M,ME,Y
15873,1107.08,N,Elder,M,18,C,BROWN,M,MW,Y
15874,625.42,N,Elder,F,15,B,BROWN,N,NW,Y
15875,572.14,N,Elder,M,14,B,BROWN,M,ME,N
15876,909.81,N,Elder,M,16,B,BROWN,N,NE,N
15877,713.17,N,Elder,M,17,B,BROWN,M,MW,Y
15878,1050.02,N,Elder,M,19,B,INDIGO,N,NE,N
15879,523.35,N,Elder,M,18,A,BROWN,S,SE,Y
15880,1102.49,N,Elder,M,14,D,BROWN,M,ME,Y
15881,1152.29,N,Elder,M,15,D,INDIGO,N,NE,Y
15882,573.14,N,Elder,F,13,B,INDIGO,M,ME,N
15883,1136.88,N,Elder,M,19,B,INDIGO,S,SE,Y
15884,968.81,N,Elder,M,18,B,BROWN,S,SE,N
15885,895.57,N,Elder,F,16,B,BROWN,S,SE,Y
15886,853.28,N,Elder,M,19,B,INDIGO,N,NE,Y
15887,432.05,N,Elder,F,11,A,BROWN,S,SE,Y
15888,666.45,N,Elder,M,16,B,BROWN,N,NE,Y
15889,329.86,N,Young,M,14,A,BROWN,N,NW,N
15890,1395.72,N,Elder,F,20,C,BROWN,N,NW,N
15891,769.46,N,Elder,M,12,B,MAGENTA,S,SW,Y
15892,950.89,N,Elder,F,16,C,INDIGO,N,NE,Y
15893,772.01,N,Elder,F,18,A,BROWN,N,NE,Y
15894,981.81,N,Elder,M,16,C,INDIGO,N,NE,Y
15895,801.23,N,Elder,F,18,B,BROWN,M,ME,N
15896,1001.03,N,Elder,M,15,A,BROWN,N,NW,Y
15897,855,N,Elder,M,18,B,BROWN,N,NW,N
15898,390.52,N,Elder,M,15,A,MAGENTA,N,NW,N
15899,1373.39,N,Elder,F,15,B,INDIGO,M,MW,N
15900,636.26,N,Elder,F,16,A,BROWN,S,SE,N
15901,736.86,N,Young,F,17,B,BROWN,S,SW,Y
15902,878.37,N,Elder,F,15,C,INDIGO,S,SW,Y
15903,1739.08,N,Elder,F,15,C,INDIGO,M,ME,N
15904,1001.51,Y,Elder,M,16,C,BROWN,S,SE,Y
15905,982.52,N,Elder,M,17,B,BROWN,N,NE,Y
15906,576.87,N,Elder,M,18,A,BROWN,S,SW,N
15907,1047.73,N,Elder,M,19,B,BROWN,N,NW,Y
15908,1468.74,N,Elder,M,18,D,MAGENTA,S,SE,Y
15909,1061.78,N,Elder,M,13,B,INDIGO,N,NW,Y
15910,658.28,N,Elder,F,16,B,BROWN,N,NW,Y
15911,552.76,N,Elder,F,14,B,MAGENTA,S,SE,N
15912,954.1,N,Elder,F,13,C,MAGENTA,N,NW,N
15913,440.86,N,Young,F,16,A,BROWN,M,ME,N
15914,1465.27,N,Elder,M,21,C,INDIGO,N,NE,Y
15915,648.05,N,Elder,M,20,A,INDIGO,N,NE,N
15916,1517.42,N,Elder,M,19,B,BROWN,M,MW,N
15917,1347.29,N,Young,F,21,A,BROWN,S,SE,N
15918,1291.6,N,Elder,M,17,D,MAGENTA,N,NE,N
15919,859.65,Y,Elder,M,17,B,INDIGO,N,NW,Y
15920,934.24,N,Elder,M,16,C,INDIGO,N,NE,Y
15921,731.7,N,Elder,F,17,B,MAGENTA,N,NW,N
15922,899.26,N,Elder,M,19,B,INDIGO,M,ME,N
15923,891.44,N,Elder,M,18,B,MAGENTA,M,MW,N
15924,609.48,N,Elder,M,13,B,MAGENTA,N,NE,Y
15925,762.82,N,Elder,F,12,C,INDIGO,M,MW,Y
15926,616.34,Y,Young,M,14,B,INDIGO,M,ME,Y
15927,769.28,N,Elder,F,17,B,MAGENTA,S,SW,N
15928,636.09,Y,Elder,M,17,A,BROWN,N,NE,Y
15929,826,N,Elder,M,19,B,INDIGO,N,NE,Y
15930,675.46,Y,Elder,M,18,A,BROWN,N,NW,N
15931,708.51,N,Elder,M,17,B,BROWN,M,MW,Y
15932,1349.3,Y,Elder,M,22,B,BROWN,N,NW,Y
15933,234.33,N,Elder,F,13,A,INDIGO,N,NW,N
15934,1113.98,N,Elder,M,16,C,PURPLE,M,ME,N
15935,300.22,N,Elder,M,14,A,INDIGO,N,NW,Y
15936,899.47,N,Elder,M,12,C,INDIGO,M,MW,N
15937,567.32,N,Elder,M,14,B,INDIGO,N,NE,Y
15938,285.85,N,Elder,F,14,A,BROWN,N,NE,Y
15939,443.37,N,Elder,M,12,B,BROWN,M,MW,Y
15940,1058,N,Elder,M,18,C,MAGENTA,M,MW,N
15941,943.78,N,Elder,F,15,C,BROWN,M,MW,Y
15942,441.68,N,Elder,F,12,B,BROWN,N,NW,N
15943,741.04,N,Elder,M,17,B,BROWN,M,MW,Y
15944,1121.15,N,Elder,M,18,C,BROWN,N,NW,N
15945,402.91,N,Elder,F,14,A,MAGENTA,N,NW,N
15946,441.33,N,Elder,F,16,A,BROWN,M,ME,Y
15947,1024,N,Elder,M,14,C,INDIGO,M,ME,Y
15948,435.14,N,Elder,M,16,A,PURPLE,S,SW,N
15949,945.72,Y,Young,M,14,C,BROWN,S,SW,Y
15950,525.91,N,Elder,M,18,A,BROWN,S,SE,Y
15951,685.78,N,Elder,M,15,A,MAGENTA,M,MW,N
15952,849.38,N,Young,M,17,B,INDIGO,M,MW,N
15953,564.29,N,Elder,M,18,A,MAGENTA,M,MW,Y
15954,867.79,N,Elder,F,19,B,MAGENTA,M,MW,N
15955,491.27,N,Elder,M,16,A,INDIGO,S,SE,N
15956,611.26,Y,Elder,F,17,A,MAGENTA,M,MW,Y
15957,1219,N,Elder,M,16,B,INDIGO,M,ME,Y
15958,973.79,N,Elder,F,16,C,BROWN,N,NE,N
15959,917.64,N,Elder,F,14,C,BROWN,S,SW,Y
15960,845.49,N,Elder,M,22,A,BROWN,M,ME,Y
15961,576.7,N,Elder,F,17,A,INDIGO,M,MW,N
15962,234.2,N,Elder,M,12,A,BROWN,S,SW,Y
15963,1118.59,N,Elder,M,20,A,INDIGO,N,NE,Y
15964,352.46,N,Elder,F,15,A,BROWN,M,MW,Y
15965,413.05,N,Elder,F,11,B,PURPLE,N,NW,N
15966,794.98,N,Elder,M,12,B,BROWN,N,NW,Y
15967,1158.7,N,Elder,M,22,B,BROWN,M,ME,Y
15968,798.09,N,Elder,M,16,B,PURPLE,S,SW,N
15969,1048.65,N,Elder,M,16,B,INDIGO,N,NW,N
15970,309.83,Y,Young,M,13,A,INDIGO,N,NW,Y
15971,795.12,N,Elder,F,18,B,MAGENTA,M,ME,N
15972,789.92,N,Elder,M,17,B,BROWN,M,MW,Y
15973,1273.98,N,Elder,M,17,B,INDIGO,N,NW,Y
15974,499.61,N,Elder,F,16,A,INDIGO,M,MW,Y
15975,988.5,N,Elder,M,16,C,MAGENTA,M,MW,N
15976,581.11,N,Elder,M,16,A,MAGENTA,N,NW,N
15977,279.64,N,Elder,M,14,A,MAGENTA,M,MW,N
15978,313.67,N,Elder,M,14,A,INDIGO,M,ME,Y
15979,1134.3,N,Elder,M,20,B,INDIGO,N,NW,N
15980,253.42,N,Elder,M,13,A,INDIGO,M,MW,Y
15981,418.23,N,Elder,M,14,A,BROWN,S,SW,Y
15982,748.21,Y,Elder,M,15,A,BROWN,N,NW,Y
15983,737.82,N,Elder,F,17,B,BROWN,N,NE,N
15984,448.12,N,Young,M,12,B,BROWN,S,SW,Y
15985,1218.57,N,Elder,M,19,C,INDIGO,M,MW,Y
15986,2125.06,N,Elder,M,20,D,MAGENTA,M,MW,N
15987,936.79,N,Elder,M,16,B,INDIGO,M,ME,Y
15988,987.77,N,Elder,F,17,C,BROWN,N,NE,Y
15989,694.67,N,Elder,M,16,B,BROWN,N,NE,N
15990,772.32,N,Elder,M,18,B,MAGENTA,N,NW,N
15991,529.64,N,Elder,F,17,A,BROWN,N,NE,Y
15992,1286.1,N,Elder,M,16,B,BROWN,S,SE,Y
15993,778.17,N,Elder,F,13,C,MAGENTA,M,MW,N
15994,883.44,N,Elder,F,17,B,MAGENTA,N,NW,N
15995,228.28,N,Elder,M,13,A,MAGENTA,M,MW,N
15996,864.14,N,Elder,M,19,B,BROWN,N,NE,Y
15997,664.88,N,Elder,M,14,B,PURPLE,S,SW,N
15998,798.88,N,Elder,F,16,B,PURPLE,S,SE,N
15999,1103.65,N,Elder,M,17,C,PURPLE,S,SW,N
16000,398.75,N,Elder,M,16,A,BROWN,S,SW,Y
16001,659.8,N,Elder,F,16,B,INDIGO,N,NE,N
16002,568.69,N,Elder,M,14,B,PURPLE,M,ME,N
16003,370.78,N,Elder,M,13,A,BROWN,N,NW,Y
16004,577.76,N,Elder,M,12,B,INDIGO,M,MW,N
16005,846.82,N,Young,M,19,B,INDIGO,M,ME,Y
16006,945.46,N,Elder,M,20,B,BROWN,S,SW,N
16007,377.18,N,Elder,F,15,A,INDIGO,N,NE,Y
16008,1063.62,N,Elder,M,23,B,INDIGO,M,MW,Y
16009,908.79,N,Elder,M,19,B,BROWN,N,NW,Y
16010,175.25,N,Elder,M,12,A,INDIGO,S,SW,N
16011,448.81,N,Elder,F,17,A,INDIGO,M,ME,Y
16012,1040.96,N,Elder,M,18,C,BROWN,M,MW,Y
16013,592.56,N,Elder,F,13,B,BROWN,S,SW,Y
16014,654.89,N,Elder,M,21,A,INDIGO,S,SE,N
16015,1016.16,N,Elder,M,21,B,INDIGO,N,NE,Y
16016,550.37,N,Elder,M,19,A,MAGENTA,M,MW,Y
16017,582.53,N,Elder,F,15,A,BROWN,M,MW,Y
16018,1450.15,N,Elder,M,19,C,BROWN,N,NW,Y
16019,909.96,N,Young,F,17,B,BROWN,M,MW,Y
16020,1115.12,N,Elder,F,21,B,INDIGO,M,MW,Y
16021,1273.98,N,Elder,F,16,C,MAGENTA,M,ME,N
16022,495.05,N,Elder,M,18,A,INDIGO,S,SE,N
16023,588.62,N,Elder,M,14,A,MAGENTA,N,NW,N
16024,564.74,N,Elder,F,19,A,BROWN,M,MW,Y
16025,1444.9,N,Elder,M,17,D,INDIGO,M,MW,N
16026,1141.25,N,Elder,F,19,C,BROWN,S,SW,Y
16027,960.19,N,Elder,F,14,C,BROWN,N,NW,N
16028,1265.91,Y,Elder,F,16,D,INDIGO,S,SE,Y
16029,1125.57,N,Elder,M,18,C,INDIGO,M,MW,N
16030,827.1,N,Elder,F,18,B,MAGENTA,M,MW,Y
16031,1054.29,N,Elder,F,14,B,INDIGO,N,NW,Y
16032,1061.39,Y,Young,M,20,B,BROWN,N,NW,Y
16033,447.31,N,Elder,M,15,A,INDIGO,N,NE,Y
16034,559.83,N,Elder,F,18,A,PURPLE,S,SE,N
16035,1072.36,N,Elder,F,18,B,BROWN,N,NW,Y
16036,1146.52,N,Elder,M,15,D,INDIGO,N,NW,N
16037,742.32,N,Elder,M,15,B,MAGENTA,M,ME,N
16038,973.39,Y,Elder,M,21,B,INDIGO,N,NW,Y
16039,501.79,N,Elder,F,13,B,INDIGO,S,SE,Y
16040,677.59,N,Elder,F,11,C,MAGENTA,M,MW,N
16041,968.57,N,Elder,M,20,B,BROWN,N,NE,Y
16042,929.4,N,Elder,M,14,C,INDIGO,N,NE,Y
16043,884.4,N,Elder,F,14,B,BROWN,M,ME,Y
16044,655.45,N,Elder,M,18,A,INDIGO,S,SW,N
16045,297.54,N,Elder,M,14,A,BROWN,N,NE,N
16046,1117.93,N,Elder,M,14,A,BROWN,N,NE,Y
16047,1605.02,N,Elder,M,20,D,MAGENTA,M,ME,N
16048,1221.49,N,Elder,F,18,C,BROWN,M,ME,Y
16049,603.29,N,Elder,M,19,A,INDIGO,S,SE,N
16050,887.47,N,Elder,F,19,B,BROWN,M,MW,Y
16051,778.83,N,Elder,M,18,B,INDIGO,S,SW,Y
16052,404.46,N,Elder,F,14,A,BROWN,N,NE,Y
16053,304.65,N,Elder,M,14,A,BROWN,S,SE,Y
16054,796.32,Y,Elder,F,17,B,MAGENTA,S,SE,Y
16055,656.12,N,Elder,M,15,B,INDIGO,M,MW,Y
16056,774.78,N,Elder,M,18,B,BROWN,M,MW,Y
16057,1098.59,N,Elder,F,13,C,INDIGO,N,NE,N
16058,451.59,N,Elder,F,12,B,INDIGO,M,MW,Y
16059,661.12,N,Elder,M,15,B,INDIGO,N,NE,N
16060,1237.32,N,Elder,M,19,C,INDIGO,S,SW,Y
16061,476.16,N,Elder,M,16,A,MAGENTA,M,ME,N
16062,571.41,N,Elder,F,12,B,BROWN,S,SW,Y
16063,627.47,N,Elder,M,14,B,BROWN,M,MW,N
16064,847.91,N,Elder,M,17,A,MAGENTA,M,ME,Y
16065,733.55,N,Elder,M,16,A,BROWN,N,NE,Y
16066,1090.84,N,Elder,F,15,C,MAGENTA,M,MW,N
16067,432.76,Y,Elder,M,16,A,INDIGO,S,SE,Y
16068,883.73,N,Elder,F,15,C,BROWN,N,NW,Y
16069,832.69,N,Elder,F,14,C,MAGENTA,S,SE,N
16070,1320.49,Y,Young,M,17,D,MAGENTA,M,MW,Y
16071,464.37,N,Elder,M,15,A,MAGENTA,M,ME,Y
16072,726.04,N,Elder,F,12,C,INDIGO,S,SW,Y
16073,405,N,Elder,M,15,A,BROWN,M,MW,Y
16074,341.48,N,Elder,F,10,B,MAGENTA,M,MW,N
16075,1234.43,N,Elder,M,14,D,BROWN,M,ME,Y
16076,420.15,N,Elder,M,12,A,INDIGO,S,SE,Y
16077,1250.61,N,Young,F,20,C,MAGENTA,S,SW,N
16078,922.32,N,Elder,M,12,C,MAGENTA,M,MW,N
16079,729.09,N,Elder,M,16,B,INDIGO,M,MW,Y
16080,1801.98,N,Elder,F,13,C,MAGENTA,N,NE,N
16081,781.34,N,Elder,F,17,B,INDIGO,N,NW,Y
16082,1237.71,Y,Elder,M,15,D,INDIGO,S,SE,N
16083,1670.68,N,Elder,F,18,D,BROWN,S,SW,Y
16084,1012.46,N,Elder,F,17,C,BROWN,M,ME,Y
16085,1134.74,N,Elder,M,19,C,INDIGO,N,NW,Y
16086,132.7,N,Elder,F,11,A,BROWN,M,ME,N
16087,1044.02,Y,Elder,M,18,C,BROWN,S,SW,Y
16088,1150.77,N,Elder,M,17,C,INDIGO,M,MW,N
16089,1230.84,N,Elder,F,15,D,BROWN,M,MW,Y
16090,1335.84,Y,Elder,F,19,C,BROWN,N,NE,Y
16091,1717.45,N,Elder,F,20,D,BROWN,N,NE,Y
16092,507,N,Elder,M,13,B,MAGENTA,M,ME,N
16093,954.09,N,Young,F,17,B,BROWN,N,NE,Y
16094,882.1,N,Elder,M,19,B,PURPLE,N,NW,N
16095,543.99,Y,Elder,F,16,A,BROWN,N,NE,Y
16096,739.58,N,Elder,M,17,B,BROWN,N,NW,Y
16097,1068.75,Y,Elder,F,18,C,BROWN,N,NW,Y
16098,973.4,N,Elder,M,14,C,MAGENTA,N,NW,Y
16099,640.03,N,Elder,F,15,B,INDIGO,M,ME,N
16100,863.01,N,Elder,F,20,A,INDIGO,M,MW,Y
16101,638.49,Y,Elder,M,20,A,BROWN,M,ME,Y
16102,309.53,N,Elder,F,14,A,INDIGO,M,ME,Y
16103,1082.39,N,Elder,F,17,B,BROWN,N,NW,Y
16104,647.87,N,Elder,F,18,A,BROWN,N,NW,Y
16105,391.92,N,Elder,M,16,A,INDIGO,N,NE,N
16106,1111.98,N,Elder,F,16,B,INDIGO,N,NE,Y
16107,836.77,N,Elder,M,22,A,MAGENTA,N,NE,N
16108,812.26,N,Elder,M,19,A,BROWN,N,NW,N
16109,342.78,N,Elder,F,15,A,INDIGO,N,NE,N
16110,583.58,Y,Elder,F,19,A,INDIGO,M,ME,Y
16111,584.97,N,Elder,F,19,A,INDIGO,M,MW,Y
16112,800.23,N,Elder,M,18,B,INDIGO,N,NW,N
16113,605.98,N,Elder,F,14,B,INDIGO,M,ME,N
16114,978.69,N,Elder,F,18,A,MAGENTA,M,MW,N
16115,1258.01,N,Elder,M,17,B,INDIGO,M,ME,Y
16116,553.16,N,Elder,M,14,A,MAGENTA,N,NW,N
16117,2009.26,N,Elder,F,18,B,BROWN,S,SE,N
16118,959,Y,Young,M,18,B,INDIGO,M,ME,Y
16119,923.64,Y,Elder,F,15,C,INDIGO,M,MW,Y
16120,1201.4,N,Elder,M,18,C,BROWN,N,NW,Y
16121,859.68,N,Elder,M,20,A,INDIGO,N,NW,N
16122,659.56,N,Elder,M,18,A,MAGENTA,M,MW,N
16123,552.82,N,Elder,M,19,A,MAGENTA,N,NW,N
16124,778.09,N,Elder,F,19,A,BROWN,N,NE,Y
16125,688.07,N,Elder,F,16,B,MAGENTA,N,NE,N
16126,481.69,N,Elder,M,17,A,BROWN,S,SW,N
16127,1227.07,N,Elder,M,17,B,BROWN,M,ME,Y
16128,887.96,N,Elder,M,16,B,INDIGO,S,SW,N
16129,628.52,N,Young,F,16,A,BROWN,S,SW,N
16130,452.36,N,Elder,F,14,A,INDIGO,M,MW,N
16131,1191.97,N,Elder,M,15,C,INDIGO,N,NE,N
16132,1224.95,N,Elder,F,14,B,BROWN,N,NW,Y
16133,666.54,N,Elder,M,16,B,BROWN,N,NE,Y
16134,560.8,N,Elder,M,14,B,INDIGO,S,SE,N
16135,586.37,N,Elder,M,11,B,INDIGO,N,NE,N
16136,604.97,N,Elder,M,15,B,INDIGO,S,SW,Y
16137,711.5,N,Elder,M,16,B,INDIGO,M,ME,N
16138,472.1,N,Elder,M,12,B,BROWN,N,NE,Y
16139,1200.31,N,Elder,M,20,C,MAGENTA,N,NE,N
16140,941.69,N,Elder,M,14,C,BROWN,S,SW,N
16141,1115.53,N,Elder,F,15,C,BROWN,N,NE,Y
16142,662.47,N,Elder,M,16,B,BROWN,M,MW,N
16143,1251.91,N,Elder,M,21,C,BROWN,M,MW,Y
16144,853.84,Y,Young,F,15,B,BROWN,S,SW,Y
16145,866.79,Y,Elder,F,18,A,INDIGO,N,NW,Y
16146,1312.63,Y,Young,F,17,D,BROWN,S,SW,N
16147,1878.54,N,Elder,M,20,D,BROWN,S,SE,Y
16148,1359.82,Y,Elder,M,18,C,BROWN,N,NE,Y
16149,1425.95,N,Elder,F,16,B,INDIGO,N,NE,N
16150,519.91,Y,Elder,M,16,A,BROWN,N,NE,Y
16151,962.67,N,Elder,M,16,C,BROWN,N,NW,Y
16152,1190.06,N,Elder,F,18,A,INDIGO,S,SE,N
16153,1110.3,N,Elder,M,17,C,INDIGO,M,MW,N
16154,599.58,N,Elder,M,17,A,INDIGO,M,MW,N
16155,586.68,N,Elder,M,17,A,BROWN,M,MW,Y
16156,1131.41,N,Elder,F,19,C,BROWN,N,NE,N
16157,1518.91,N,Elder,M,21,C,INDIGO,N,NW,N
16158,1175.97,N,Elder,M,19,B,MAGENTA,N,NE,N
16159,986.75,N,Elder,M,22,B,MAGENTA,N,NE,N
16160,813.05,N,Elder,M,18,B,PURPLE,N,NW,N
16161,260.77,Y,Elder,M,12,A,INDIGO,M,MW,N
16162,879.2,N,Elder,F,11,A,MAGENTA,M,MW,N
16163,748.88,N,Elder,M,11,A,MAGENTA,M,ME,N
16164,1565.16,Y,Elder,F,19,C,BROWN,M,MW,Y
16165,1097.46,N,Elder,M,24,B,BROWN,M,ME,Y
16166,906.48,N,Elder,M,15,B,INDIGO,S,SE,Y
16167,1641.94,N,Elder,M,15,D,INDIGO,M,ME,N
16168,634.63,N,Elder,M,12,B,INDIGO,N,NW,Y
16169,1366.59,Y,Elder,M,15,D,INDIGO,S,SW,Y
16170,608.05,Y,Elder,F,14,B,BROWN,S,SE,Y
16171,1079.06,N,Elder,M,18,C,MAGENTA,M,ME,N
16172,1267.02,Y,Elder,M,10,C,INDIGO,S,SE,Y
16173,803.67,N,Young,F,12,C,PURPLE,N,NW,N
16174,1420.57,N,Elder,M,19,C,INDIGO,N,NW,N
16175,1075.52,Y,Young,F,16,C,BROWN,M,ME,Y
16176,845.3,N,Elder,M,20,A,INDIGO,M,ME,Y
16177,545.09,N,Young,M,17,A,INDIGO,M,ME,N
16178,1374.57,N,Elder,M,19,D,BROWN,S,SW,Y
16179,977.49,N,Elder,M,15,C,PURPLE,N,NW,N
16180,585.77,Y,Young,F,12,B,BROWN,S,SE,Y
16181,996.03,Y,Elder,M,17,C,INDIGO,S,SE,Y
16182,463.28,N,Young,F,14,A,BROWN,M,MW,N
16183,930.19,N,Elder,F,21,B,BROWN,M,MW,Y
16184,978.66,Y,Elder,M,21,B,INDIGO,N,NW,Y
16185,680.12,Y,Elder,F,20,A,INDIGO,S,SW,Y
16186,1040.93,N,Elder,M,17,C,MAGENTA,M,MW,N
16187,1315.71,N,Elder,M,19,C,MAGENTA,N,NE,N
16188,1125.84,N,Elder,F,12,C,MAGENTA,M,ME,Y
16189,915.77,Y,Elder,M,18,A,INDIGO,M,MW,Y
16190,711.4,N,Elder,F,12,C,INDIGO,M,ME,N
16191,714.86,N,Elder,M,15,A,BROWN,N,NW,Y
16192,1076.78,N,Elder,M,11,C,BROWN,N,NW,N
16193,678.09,N,Elder,M,13,B,INDIGO,M,ME,Y
16194,1051.93,N,Elder,F,17,C,INDIGO,N,NE,Y
16195,1187.78,N,Elder,F,18,C,MAGENTA,S,SW,Y
16196,874.67,N,Elder,M,17,A,BROWN,S,SE,Y
16197,899.31,N,Elder,M,20,B,BROWN,N,NW,Y
16198,609.27,N,Elder,M,14,B,MAGENTA,M,MW,N
16199,1138.13,N,Elder,F,17,B,INDIGO,N,NW,Y
16200,605.93,N,Elder,M,17,A,BROWN,S,SW,Y
16201,273.27,N,Elder,F,14,A,BROWN,M,ME,Y
16202,941.19,N,Elder,M,16,C,MAGENTA,S,SE,N
16203,638.47,Y,Young,M,17,A,MAGENTA,M,MW,N
16204,791.9,N,Elder,M,17,B,BROWN,N,NW,Y
16205,827.59,Y,Elder,F,13,C,BROWN,N,NE,Y
16206,804.8,N,Elder,F,17,B,BROWN,S,SE,Y
16207,561.66,N,Elder,F,14,B,PURPLE,S,SE,N
16208,839.58,N,Elder,F,19,B,BROWN,M,ME,Y
16209,754.1,N,Elder,F,16,B,INDIGO,N,NW,N
16210,892.13,N,Elder,F,19,B,MAGENTA,S,SW,N
16211,1291.7,N,Elder,F,15,D,MAGENTA,M,MW,N
16212,2038.08,N,Elder,M,20,D,BROWN,M,MW,Y
16213,873.26,Y,Elder,F,12,B,BROWN,N,NE,Y
16214,423.09,N,Young,F,15,A,PURPLE,N,NW,N
16215,505.78,N,Elder,M,13,B,BROWN,N,NW,Y
16216,1043.26,N,Elder,M,18,C,INDIGO,M,MW,N
16217,553.79,N,Elder,M,19,A,BROWN,M,MW,Y
16218,610.06,N,Young,M,14,B,MAGENTA,S,SW,N
16219,579.12,N,Elder,F,12,A,INDIGO,M,ME,N
16220,505.7,N,Elder,F,13,B,INDIGO,N,NW,Y
16221,1016.33,Y,Elder,M,17,C,BROWN,N,NE,Y
16222,496.37,N,Elder,M,16,A,INDIGO,M,MW,Y
16223,821.42,N,Elder,F,19,B,BROWN,M,ME,Y
16224,721.34,N,Elder,M,16,B,MAGENTA,M,MW,N
16225,860.93,N,Elder,M,17,A,BROWN,M,ME,Y
16226,726.57,N,Elder,M,16,B,INDIGO,S,SE,Y
16227,738.33,Y,Young,M,19,A,BROWN,N,NW,Y
16228,769.33,N,Elder,M,13,C,MAGENTA,M,ME,N
16229,1288.21,Y,Elder,M,17,D,INDIGO,M,MW,Y
16230,1395.66,N,Elder,M,20,C,MAGENTA,N,NW,N
16231,784.7,N,Elder,M,13,B,INDIGO,M,MW,N
16232,659.11,N,Elder,F,16,B,BROWN,N,NW,Y
16233,754.61,N,Elder,F,17,B,BROWN,S,SE,Y
16234,1472.39,N,Elder,M,19,D,MAGENTA,N,NE,N
16235,401.49,N,Elder,M,16,A,MAGENTA,M,MW,N
16236,1369.74,N,Elder,F,19,D,INDIGO,N,NW,N
16237,1002.15,N,Elder,M,16,C,INDIGO,N,NW,Y
16238,292.87,N,Young,M,14,A,BROWN,M,MW,N
16239,618.26,N,Elder,M,14,B,BROWN,M,MW,Y
16240,435.39,N,Elder,M,16,A,MAGENTA,S,SW,N
16241,942.06,Y,Elder,M,21,B,BROWN,M,MW,Y
16242,1151.87,N,Elder,F,19,C,BROWN,M,ME,N
16243,471.02,Y,Elder,F,15,A,BROWN,N,NE,Y
16244,1313.66,N,Young,M,16,B,BROWN,N,NW,Y
16245,1489.66,N,Elder,F,13,C,INDIGO,S,SW,N
16246,335.64,N,Elder,F,13,A,INDIGO,N,NW,N
16247,516.57,N,Elder,M,18,A,BROWN,M,MW,Y
16248,933.28,N,Elder,F,19,B,INDIGO,M,MW,N
16249,393.6,N,Elder,F,16,A,MAGENTA,M,ME,N
16250,1129.14,N,Elder,F,14,B,MAGENTA,N,NE,Y
16251,798.39,N,Elder,F,12,C,MAGENTA,M,MW,N
16252,929.52,N,Elder,F,15,C,BROWN,N,NW,Y
16253,881.18,N,Young,M,17,B,INDIGO,N,NW,Y
16254,1076.84,N,Elder,F,16,B,MAGENTA,S,SW,N
16255,1579.85,N,Elder,F,21,D,MAGENTA,N,NE,N
16256,686.1,N,Elder,M,14,B,BROWN,N,NW,Y
16257,421.1,N,Elder,F,16,A,BROWN,S,SW,Y
16258,713.34,N,Elder,F,20,A,BROWN,M,MW,Y
16259,1215.82,N,Elder,M,19,C,INDIGO,N,NW,Y
16260,652.65,N,Elder,M,17,A,INDIGO,N,NE,Y
16261,702.11,N,Elder,M,16,B,MAGENTA,N,NE,Y
16262,1073.89,N,Elder,M,22,B,INDIGO,N,NW,Y
16263,433.94,N,Elder,M,16,A,INDIGO,N,NW,N
16264,1381.57,N,Elder,F,17,C,BROWN,N,NW,N
16265,1046.04,N,Elder,F,16,B,MAGENTA,N,NW,Y
16266,1013.64,N,Elder,F,16,C,BROWN,N,NW,N
16267,1136.41,N,Elder,M,19,A,PURPLE,S,SE,N
16268,667.4,N,Young,F,13,B,MAGENTA,N,NE,N
16269,1286.61,N,Elder,F,18,C,INDIGO,S,SE,N
16270,405.72,N,Elder,M,16,A,INDIGO,N,NE,Y
16271,1479.65,N,Elder,M,18,D,INDIGO,N,NE,Y
16272,695.43,N,Elder,M,16,B,MAGENTA,S,SW,N
16273,1022.95,Y,Elder,M,14,C,INDIGO,N,NE,Y
16274,1470.2,N,Elder,M,20,B,MAGENTA,M,ME,N
16275,353.28,N,Elder,F,15,A,MAGENTA,N,NW,N
16276,681.62,N,Elder,M,16,B,BROWN,M,MW,Y
16277,889.35,N,Elder,F,14,A,INDIGO,N,NW,N
16278,1930.43,N,Elder,F,17,A,BROWN,M,ME,Y
16279,1576.49,N,Elder,M,20,C,MAGENTA,M,MW,N
16280,712.24,N,Elder,M,17,B,INDIGO,N,NE,Y
16281,868.47,N,Elder,M,18,B,INDIGO,N,NW,N
16282,978.47,N,Elder,M,20,B,BROWN,N,NE,Y
16283,1347.61,N,Elder,M,18,D,MAGENTA,M,ME,Y
16284,404.77,N,Elder,M,13,A,INDIGO,S,SW,Y
16285,1486.53,N,Elder,M,19,A,INDIGO,S,SW,N
16286,1678.69,N,Elder,M,16,B,INDIGO,N,NW,N
16287,571.34,N,Elder,M,14,B,BROWN,N,NW,Y
16288,846.98,N,Elder,M,19,B,BROWN,N,NE,Y
16289,588.51,N,Elder,F,17,A,BROWN,N,NW,Y
16290,853.65,N,Elder,F,18,B,MAGENTA,N,NW,Y
16291,347.68,N,Elder,F,15,A,BROWN,S,SW,Y
16292,422.19,N,Elder,M,16,A,INDIGO,N,NW,N
16293,532.69,N,Young,F,13,B,BROWN,S,SE,Y
16294,849.06,N,Elder,F,17,B,MAGENTA,N,NW,N
16295,1237.42,N,Elder,M,18,C,MAGENTA,N,NW,N
16296,746,N,Elder,M,16,B,MAGENTA,S,SE,Y
16297,776.51,N,Elder,F,18,B,INDIGO,M,MW,N
16298,993.41,N,Elder,M,22,B,BROWN,N,NW,Y
16299,676.03,N,Elder,F,13,B,INDIGO,M,MW,N
16300,654.1,N,Elder,M,16,B,MAGENTA,M,MW,N
16301,1074.28,N,Elder,M,18,C,MAGENTA,N,NW,N
16302,698.84,N,Elder,M,16,B,BROWN,M,MW,Y
16303,934.15,N,Young,M,14,A,BROWN,N,NW,N
16304,660.87,N,Elder,M,16,B,BROWN,N,NW,Y
16305,531.84,N,Elder,M,18,A,PURPLE,S,SE,N
16306,943.67,N,Elder,M,16,C,MAGENTA,N,NE,N
16307,1178.56,N,Elder,M,16,B,MAGENTA,M,MW,N
16308,582.53,N,Elder,M,19,A,MAGENTA,M,MW,Y
16309,481.99,N,Elder,F,16,A,INDIGO,M,MW,Y
16310,1226.11,N,Elder,M,17,C,MAGENTA,N,NE,N
16311,1475.85,N,Elder,F,20,B,BROWN,N,NE,Y
16312,827.14,Y,Elder,M,21,A,BROWN,N,NW,Y
16313,341,N,Young,M,14,A,BROWN,N,NW,Y
16314,1802.25,Y,Young,M,22,D,BROWN,N,NE,Y
16315,1403.25,N,Elder,M,16,D,BROWN,M,ME,Y
16316,657.58,N,Elder,F,21,A,BROWN,S,SW,Y
16317,1125.22,N,Elder,M,19,C,INDIGO,S,SE,N
16318,454.65,N,Elder,M,17,A,BROWN,N,NW,Y
16319,259.19,N,Elder,M,13,A,INDIGO,M,ME,N
16320,226.6,N,Elder,F,13,A,INDIGO,S,SW,Y
16321,598.63,Y,Young,M,13,B,BROWN,N,NW,Y
16322,1820.3,Y,Elder,M,16,D,INDIGO,S,SW,Y
16323,418.98,N,Elder,M,16,A,INDIGO,M,MW,N
16324,1344.27,N,Elder,M,17,B,MAGENTA,M,MW,N
16325,876.35,N,Elder,M,19,B,BROWN,N,NW,Y
16326,1095.46,N,Elder,M,15,B,BROWN,M,MW,Y
16327,840.7,N,Elder,M,19,B,INDIGO,N,NW,Y
16328,835.58,N,Elder,F,17,B,BROWN,M,MW,Y
16329,556.93,N,Elder,M,19,A,MAGENTA,N,NW,N
16330,891.92,N,Elder,M,20,B,INDIGO,M,ME,N
16331,1024.23,N,Elder,F,11,B,BROWN,S,SW,N
16332,714.59,Y,Elder,M,17,B,BROWN,M,ME,Y
16333,439.63,N,Elder,M,15,A,BROWN,N,NW,Y
16334,910.31,N,Elder,F,16,B,MAGENTA,N,NE,Y
16335,519.74,N,Elder,M,18,A,BROWN,N,NW,Y
16336,931.48,N,Elder,M,16,C,BROWN,M,ME,Y
16337,927.49,N,Elder,M,20,B,MAGENTA,N,NE,N
16338,706.84,N,Elder,M,14,B,BROWN,N,NW,N
16339,1117.02,N,Elder,M,15,C,INDIGO,M,MW,Y
16340,1307.08,N,Elder,M,15,C,BROWN,S,SE,N
16341,1207.04,Y,Elder,F,14,D,BROWN,S,SW,Y
16342,754.14,Y,Elder,M,16,B,BROWN,N,NE,Y
16343,585.51,N,Elder,F,13,B,BROWN,M,ME,N
16344,404.75,N,Elder,F,16,A,BROWN,M,ME,Y
16345,728.95,Y,Elder,F,17,B,MAGENTA,M,ME,Y
16346,395.95,Y,Young,F,16,A,BROWN,N,NE,Y
16347,572.95,Y,Elder,F,16,A,BROWN,N,NW,Y
16348,830.97,N,Elder,M,18,B,BROWN,N,NW,Y
16349,670.79,Y,Elder,M,20,A,BROWN,M,MW,Y
16350,506.07,N,Elder,M,15,A,MAGENTA,M,MW,N
16351,1134.26,N,Elder,M,24,B,INDIGO,N,NW,Y
16352,795.25,N,Elder,F,18,B,BROWN,S,SW,Y
16353,1145.39,N,Elder,M,15,C,BROWN,N,NW,N
16354,826.19,N,Elder,F,19,B,BROWN,M,ME,Y
16355,1177.76,N,Elder,M,20,C,BROWN,M,ME,N
16356,1287.08,N,Elder,M,18,A,BROWN,S,SE,Y
16357,450.09,N,Elder,M,17,A,MAGENTA,S,SE,Y
16358,703.06,N,Elder,M,15,B,BROWN,M,MW,N
16359,879.61,N,Elder,F,20,B,BROWN,M,ME,N
16360,1368.67,N,Elder,M,16,C,MAGENTA,N,NE,N
16361,1038.25,N,Elder,F,18,C,BROWN,M,ME,Y
16362,401.43,N,Elder,M,11,B,INDIGO,M,ME,Y
16363,273.08,N,Elder,M,13,A,INDIGO,M,ME,N
16364,1135.83,N,Elder,F,19,C,INDIGO,S,SE,N
16365,450.14,N,Elder,F,16,A,BROWN,S,SE,Y
16366,797.78,N,Elder,M,20,A,INDIGO,S,SE,Y
16367,394.56,Y,Young,M,16,A,BROWN,N,NE,N
16368,1098.64,Y,Elder,M,19,C,MAGENTA,M,ME,Y
16369,827.3,N,Elder,M,13,C,BROWN,M,MW,Y
16370,1102.34,Y,Young,M,13,D,INDIGO,N,NE,N
16371,853.38,N,Young,F,14,C,BROWN,N,NE,Y
16372,1234.63,N,Elder,F,16,C,BROWN,N,NW,N
16373,672.89,N,Young,M,15,B,BROWN,N,NE,N
16374,761.1,N,Elder,F,10,C,INDIGO,M,ME,N
16375,447.29,N,Elder,F,11,B,BROWN,N,NW,Y
16376,470.62,N,Elder,M,17,A,INDIGO,N,NE,Y
16377,608.18,N,Elder,M,17,A,MAGENTA,N,NE,Y
16378,817.6,N,Elder,M,12,C,PURPLE,S,SW,N
16379,939.61,N,Elder,F,16,C,INDIGO,M,MW,Y
16380,937.69,N,Elder,F,19,B,INDIGO,M,MW,N
16381,638.21,N,Elder,F,15,B,BROWN,N,NW,Y
16382,393.44,Y,Young,F,14,A,BROWN,N,NE,N
16383,886.27,N,Elder,F,15,C,INDIGO,M,ME,Y
16384,901.87,N,Elder,M,19,B,INDIGO,N,NW,Y
16385,1168.8,N,Elder,M,17,C,BROWN,S,SE,Y
16386,289.26,N,Elder,F,14,A,INDIGO,M,ME,N
16387,989.72,N,Elder,F,20,B,PURPLE,S,SW,N
16388,329.47,N,Elder,M,15,A,INDIGO,N,NE,N
16389,669.92,Y,Young,M,16,B,MAGENTA,S,SW,Y
16390,724.89,N,Elder,F,12,C,BROWN,S,SW,Y
16391,516.29,N,Elder,F,16,A,PURPLE,M,ME,N
16392,1139.64,N,Elder,M,19,C,INDIGO,M,ME,N
16393,948.32,N,Elder,M,22,A,BROWN,M,MW,Y
16394,523.76,N,Elder,F,13,B,INDIGO,M,ME,Y
16395,926.5,N,Elder,M,17,A,BROWN,N,NE,N
16396,547.78,N,Elder,M,14,B,INDIGO,M,ME,Y
16397,733.68,N,Elder,F,17,B,BROWN,M,MW,Y
16398,1105.66,N,Elder,F,12,D,INDIGO,M,MW,N
16399,1414.12,N,Elder,M,21,C,MAGENTA,N,NE,Y
16400,765.4,N,Elder,M,13,B,BROWN,N,NW,Y
16401,864.09,N,Elder,M,19,B,BROWN,N,NW,Y
16402,354.1,N,Elder,M,14,A,PURPLE,N,NW,N
16403,817.54,N,Elder,F,15,B,BROWN,N,NE,N
16404,1157.17,N,Elder,M,15,D,INDIGO,N,NW,Y
16405,234.88,N,Elder,M,13,A,BROWN,N,NW,Y
16406,762.13,N,Young,F,15,B,MAGENTA,N,NW,Y
16407,1529.05,N,Elder,M,18,C,MAGENTA,S,SW,N
16408,565.96,N,Young,M,19,A,MAGENTA,N,NW,N
16409,874.12,N,Elder,M,18,B,BROWN,M,MW,N
16410,617.74,N,Elder,M,17,A,MAGENTA,N,NE,Y
16411,387.38,N,Elder,M,15,A,INDIGO,N,NE,N
16412,694.74,N,Elder,M,15,B,INDIGO,N,NE,N
16413,963.2,N,Elder,M,15,C,BROWN,M,ME,Y
16414,713.71,N,Elder,M,16,B,INDIGO,N,NW,Y
16415,1272.84,N,Elder,M,22,B,INDIGO,S,SW,N
16416,1474.14,N,Elder,M,16,D,PURPLE,S,SW,N
16417,883.41,N,Elder,F,12,C,INDIGO,S,SE,Y
16418,524.28,Y,Young,M,13,B,BROWN,S,SE,Y
16419,1178.37,N,Elder,F,18,C,MAGENTA,S,SE,N
16420,460.41,N,Young,M,17,A,INDIGO,N,NE,N
16421,560.42,N,Elder,M,18,A,MAGENTA,N,NE,N
16422,577.99,N,Young,F,13,A,INDIGO,N,NE,N
16423,457.01,N,Elder,F,17,A,BROWN,M,MW,Y
16424,514.5,Y,Young,M,13,B,INDIGO,M,MW,Y
16425,526.29,N,Elder,M,17,A,BROWN,N,NW,N
16426,492.6,N,Elder,F,15,A,BROWN,M,MW,Y
16427,901.98,N,Elder,M,20,B,BROWN,S,SW,Y
16428,724.51,N,Elder,M,16,B,INDIGO,S,SW,N
16429,511.65,N,Elder,F,18,A,MAGENTA,M,MW,N
16430,655.58,N,Elder,F,14,B,INDIGO,M,ME,Y
16431,1584.33,N,Elder,M,20,B,BROWN,S,SW,Y
16432,995.63,N,Elder,M,15,C,INDIGO,N,NE,Y
16433,380.7,N,Elder,F,13,A,BROWN,N,NW,N
16434,324.46,N,Elder,F,14,A,BROWN,M,MW,Y
16435,929.06,N,Young,M,17,B,BROWN,M,MW,Y
16436,602.81,N,Elder,F,18,A,BROWN,M,ME,N
16437,530.75,N,Elder,F,13,B,BROWN,S,SW,N
16438,1026.31,Y,Elder,M,17,C,BROWN,M,ME,Y
16439,1097.1,N,Elder,M,14,B,INDIGO,N,NW,Y
16440,1048.78,N,Elder,M,18,C,BROWN,S,SW,N
16441,831.1,N,Elder,F,19,B,INDIGO,N,NW,N
16442,400.82,N,Elder,F,15,A,MAGENTA,M,ME,Y
16443,566.56,N,Elder,M,14,A,BROWN,S,SW,Y
16444,1055.99,N,Elder,M,15,C,BROWN,M,MW,Y
16445,974.1,N,Elder,M,20,B,MAGENTA,N,NW,N
16446,954.22,N,Elder,M,19,A,INDIGO,M,MW,N
16447,1163.75,N,Elder,M,18,B,BROWN,S,SW,N
16448,409.93,N,Elder,M,16,A,MAGENTA,N,NW,N
16449,781.08,N,Elder,M,19,A,INDIGO,N,NE,Y
16450,1058.72,N,Elder,M,17,B,MAGENTA,S,SW,Y
16451,993.65,N,Elder,M,17,C,INDIGO,S,SE,N
16452,615.44,N,Elder,M,15,B,BROWN,N,NW,Y
16453,608.99,N,Elder,M,18,A,MAGENTA,S,SE,Y
16454,608.23,N,Elder,F,15,B,MAGENTA,M,MW,N
16455,877.64,N,Elder,M,20,B,MAGENTA,N,NW,N
16456,943.73,N,Elder,M,16,C,INDIGO,S,SW,N
16457,1284.29,N,Elder,M,22,B,INDIGO,N,NE,N
16458,962.08,N,Elder,F,16,C,MAGENTA,M,MW,N
16459,698.16,N,Elder,F,16,B,BROWN,M,MW,N
16460,823.79,N,Elder,F,19,B,BROWN,M,MW,N
16461,735.83,N,Elder,M,22,A,BROWN,M,ME,Y
16462,1072.77,Y,Elder,F,13,D,INDIGO,M,ME,Y
16463,548.41,N,Elder,M,17,A,BROWN,M,MW,N
16464,1045.83,N,Elder,F,22,A,INDIGO,N,NE,N
16465,1150.95,N,Elder,F,20,C,BROWN,M,ME,Y
16466,960.38,N,Elder,M,20,B,BROWN,N,NW,Y
16467,458.22,N,Elder,M,15,A,BROWN,N,NE,Y
16468,610.05,N,Elder,F,13,B,INDIGO,N,NW,Y
16469,608.78,N,Elder,M,13,A,INDIGO,N,NW,Y
16470,552.79,Y,Elder,M,13,B,BROWN,S,SW,Y
16471,611.04,N,Elder,M,20,A,PURPLE,M,MW,N
16472,1159.99,N,Elder,M,17,A,BROWN,M,MW,Y
16473,276.93,N,Elder,F,14,A,INDIGO,S,SW,Y
16474,1520.51,N,Elder,F,20,C,MAGENTA,N,NE,Y
16475,862.2,Y,Elder,F,15,B,INDIGO,M,MW,Y
16476,630.54,N,Elder,M,16,A,INDIGO,N,NW,N
16477,810.7,N,Elder,M,16,A,INDIGO,S,SE,N
16478,700.49,N,Elder,F,15,B,MAGENTA,N,NE,Y
16479,509.23,N,Elder,M,18,A,BROWN,S,SW,Y
16480,448.39,N,Young,F,12,B,BROWN,N,NE,Y
16481,841.4,N,Elder,F,14,C,PURPLE,N,NW,N
16482,564.53,N,Elder,M,19,A,MAGENTA,N,NW,N
16483,1135.71,N,Elder,M,17,B,BROWN,S,SE,Y
16484,686.62,N,Elder,F,14,B,PURPLE,N,NE,N
16485,814.82,N,Elder,M,20,A,INDIGO,S,SW,N
16486,576.5,N,Elder,M,19,A,INDIGO,M,MW,N
16487,306.89,N,Young,F,13,A,INDIGO,S,SE,N
16488,665.19,Y,Elder,F,16,B,MAGENTA,N,NE,N
16489,397.26,N,Elder,M,16,A,INDIGO,N,NW,N
16490,563.78,N,Elder,M,14,B,BROWN,M,ME,Y
16491,965.4,N,Elder,F,14,C,INDIGO,M,MW,Y
16492,1027.94,Y,Elder,F,17,C,MAGENTA,S,SW,N
16493,1094.52,N,Elder,M,19,B,INDIGO,M,ME,N
16494,412.24,Y,Elder,F,11,B,INDIGO,M,MW,Y
16495,438.89,N,Elder,F,12,B,INDIGO,N,NE,Y
16496,723.01,N,Young,F,16,B,MAGENTA,N,NE,N
16497,1327.94,Y,Elder,M,21,B,MAGENTA,N,NW,Y
16498,1643.29,N,Elder,F,14,D,INDIGO,N,NW,N
16499,388.44,N,Elder,F,14,A,INDIGO,N,NW,Y
16500,608.12,N,Elder,F,14,A,INDIGO,N,NW,N
16501,765.87,N,Elder,F,13,C,INDIGO,N,NW,N
16502,958.99,N,Elder,F,17,B,BROWN,M,ME,Y
16503,337.57,N,Elder,M,14,A,INDIGO,M,MW,N
16504,1562.09,N,Elder,M,16,D,BROWN,M,MW,Y
16505,630.71,N,Elder,M,15,B,BROWN,S,SE,Y
16506,938.73,N,Elder,M,18,B,MAGENTA,M,MW,N
16507,718.08,N,Young,M,14,B,BROWN,M,MW,N
16508,742.48,N,Elder,F,16,B,PURPLE,N,NE,N
16509,837.46,N,Elder,F,16,A,INDIGO,M,MW,Y
16510,1169.65,N,Elder,M,22,B,MAGENTA,M,MW,N
16511,1142.54,N,Elder,M,19,C,BROWN,N,NE,Y
16512,750.74,N,Elder,F,17,B,MAGENTA,M,ME,N
16513,609.07,N,Elder,F,15,B,MAGENTA,N,NW,N
16514,477.12,N,Elder,F,10,B,BROWN,N,NW,N
16515,1224.94,N,Elder,F,14,B,INDIGO,M,ME,Y
16516,1052.56,N,Elder,F,18,C,BROWN,M,MW,N
16517,607.15,N,Elder,F,15,B,MAGENTA,M,ME,N
16518,936.62,N,Elder,F,16,C,BROWN,M,ME,N
16519,1203.66,N,Elder,M,18,C,PURPLE,N,NW,N
16520,1107.03,N,Elder,M,21,B,BROWN,N,NE,Y
16521,206,Y,Elder,M,12,A,BROWN,M,MW,Y
16522,588.73,N,Elder,M,14,B,BROWN,N,NW,N
16523,924.9,N,Elder,F,14,C,PURPLE,N,NE,N
16524,876.33,N,Elder,M,19,B,PURPLE,N,NE,N
16525,834.93,N,Young,M,13,C,INDIGO,N,NW,N
16526,275.08,N,Elder,F,14,A,BROWN,N,NW,Y
16527,939.73,N,Elder,M,17,B,BROWN,N,NW,N
16528,900.02,N,Elder,F,19,A,INDIGO,M,MW,Y
16529,715.07,N,Elder,M,19,A,INDIGO,M,ME,Y
16530,614.96,Y,Elder,M,19,A,BROWN,M,MW,Y
16531,1343.53,N,Elder,F,16,C,BROWN,N,NW,Y
16532,834.61,Y,Young,F,15,B,MAGENTA,N,NE,N
16533,953.39,N,Elder,M,13,C,MAGENTA,S,SW,Y
16534,367.04,N,Elder,F,15,A,MAGENTA,M,MW,Y
16535,447.86,N,Elder,F,12,B,BROWN,M,MW,Y
16536,1405.32,N,Elder,M,18,C,BROWN,S,SE,N
16537,755.88,N,Elder,M,17,B,PURPLE,S,SE,N
16538,862.71,N,Elder,F,14,B,INDIGO,S,SW,N
16539,1091.8,Y,Elder,M,17,C,BROWN,M,MW,Y
16540,1202.74,N,Elder,F,18,C,INDIGO,M,MW,N
16541,747.56,N,Elder,M,16,B,MAGENTA,S,SE,Y
16542,1364.89,N,Elder,F,17,C,PURPLE,N,NE,N
16543,331.31,N,Elder,M,14,A,INDIGO,N,NE,Y
16544,768.27,N,Elder,F,18,B,INDIGO,N,NW,Y
16545,1038.92,N,Elder,F,17,C,BROWN,S,SW,Y
16546,1721.06,Y,Elder,M,17,D,INDIGO,S,SE,Y
16547,578.47,N,Elder,M,17,A,MAGENTA,N,NE,N
16548,1324.54,Y,Young,M,16,B,INDIGO,N,NE,Y
16549,698.76,N,Elder,F,18,A,MAGENTA,N,NW,N
16550,648.17,N,Elder,F,15,B,MAGENTA,N,NE,Y
16551,710.7,N,Elder,M,17,B,INDIGO,N,NE,N
16552,1007.18,N,Elder,F,17,C,BROWN,S,SW,N
16553,304.87,N,Elder,F,14,A,BROWN,M,MW,Y
16554,1325.5,Y,Elder,M,20,B,BROWN,N,NW,Y
16555,283.99,N,Elder,M,13,A,MAGENTA,N,NW,N
16556,1181.04,N,Elder,M,23,B,PURPLE,M,ME,N
16557,728.95,N,Elder,F,18,A,INDIGO,N,NW,Y
16558,565.06,N,Elder,F,12,B,INDIGO,M,ME,N
16559,776.08,N,Elder,M,17,B,BROWN,N,NE,Y
16560,1017.79,N,Elder,F,16,A,BROWN,M,MW,Y
16561,745.44,N,Elder,F,16,B,MAGENTA,N,NE,Y
16562,480.57,N,Elder,M,17,A,INDIGO,M,ME,N
16563,897.04,N,Elder,F,20,B,INDIGO,S,SE,N
16564,1352.62,N,Elder,M,18,C,PURPLE,M,ME,N
16565,861.01,N,Elder,M,17,B,INDIGO,S,SE,N
16566,891.59,N,Elder,F,20,B,MAGENTA,N,NW,N
16567,1118.33,N,Elder,F,16,C,BROWN,S,SW,Y
16568,830.31,N,Young,M,13,B,INDIGO,M,MW,N
16569,2109.57,Y,Elder,F,19,C,MAGENTA,S,SE,Y
16570,1938.87,N,Elder,F,23,C,MAGENTA,M,ME,N
16571,1113.55,N,Elder,M,22,B,INDIGO,N,NW,Y
16572,1041.18,N,Elder,F,17,C,INDIGO,S,SW,Y
16573,660.33,N,Elder,F,15,B,INDIGO,N,NE,N
16574,379.91,N,Elder,F,15,A,MAGENTA,N,NE,N
16575,284.7,N,Elder,F,12,A,BROWN,S,SE,Y
16576,877.14,N,Elder,M,14,B,INDIGO,N,NW,N
16577,1003.08,N,Elder,F,17,B,BROWN,N,NE,N
16578,509.12,N,Elder,M,17,A,INDIGO,N,NW,Y
16579,855.15,N,Elder,M,16,B,INDIGO,S,SW,Y
16580,629.87,N,Elder,M,15,B,INDIGO,M,ME,N
16581,693.29,N,Young,F,13,B,BROWN,N,NW,Y
16582,436.93,Y,Elder,F,17,A,PURPLE,M,MW,N
16583,482.09,Y,Elder,M,14,A,BROWN,N,NE,Y
16584,831.57,N,Elder,M,23,A,BROWN,M,ME,Y
16585,622.5,N,Elder,F,14,B,MAGENTA,N,NE,N
16586,1058.86,N,Elder,M,13,D,INDIGO,M,MW,N
16587,1597.71,N,Elder,M,20,C,INDIGO,M,MW,Y
16588,1290.22,N,Elder,F,14,C,BROWN,N,NE,Y
16589,743.94,N,Elder,M,14,A,INDIGO,M,ME,Y
16590,607.15,N,Elder,M,16,A,MAGENTA,N,NW,N
16591,720.71,N,Elder,M,12,C,BROWN,M,ME,Y
16592,827.33,N,Young,M,12,C,INDIGO,N,NE,Y
16593,735.45,N,Elder,M,16,B,MAGENTA,S,SW,N
16594,687.94,Y,Young,M,18,A,MAGENTA,M,ME,N
16595,1735.32,N,Young,M,18,C,MAGENTA,N,NE,N
16596,685.92,N,Elder,M,18,A,INDIGO,N,NE,N
16597,734.27,N,Elder,M,17,B,BROWN,S,SE,N
16598,688.09,N,Young,M,12,B,MAGENTA,M,MW,N
16599,595.43,N,Elder,F,15,A,BROWN,M,ME,Y
16600,764.38,Y,Elder,F,13,C,BROWN,N,NE,N
16601,1597.33,N,Elder,M,18,D,BROWN,N,NW,Y
16602,781.14,Y,Elder,M,18,B,BROWN,N,NW,Y
16603,896.9,N,Elder,F,14,C,INDIGO,N,NW,N
16604,873.4,N,Elder,F,17,B,BROWN,N,NE,Y
16605,940.57,N,Elder,M,20,B,BROWN,N,NW,Y
16606,490.82,N,Elder,F,12,B,MAGENTA,S,SW,N
16607,745.52,Y,Elder,M,17,B,BROWN,S,SE,Y
16608,1416.5,N,Elder,M,19,B,INDIGO,S,SE,Y
16609,833.93,N,Elder,M,17,B,INDIGO,N,NW,Y
16610,664.96,Y,Elder,F,15,B,INDIGO,N,NE,Y
16611,977.71,N,Elder,F,10,B,BROWN,S,SE,N
16612,935.66,N,Elder,F,14,C,INDIGO,M,MW,Y
16613,243.91,N,Elder,F,13,A,BROWN,N,NE,Y
16614,887.78,N,Elder,M,15,C,INDIGO,N,NE,Y
16615,909.54,N,Elder,M,15,C,INDIGO,M,MW,N
16616,621.44,N,Elder,F,15,B,BROWN,N,NW,N
16617,1470.12,Y,Elder,M,21,C,BROWN,M,ME,Y
16618,427.62,Y,Elder,M,14,A,INDIGO,M,ME,Y
16619,996.76,N,Elder,F,22,B,INDIGO,N,NE,Y
16620,497.12,Y,Elder,F,13,B,INDIGO,N,NE,Y
16621,853.27,N,Elder,M,18,B,BROWN,N,NE,Y
16622,675.37,N,Elder,M,15,B,BROWN,N,NE,N
16623,780.37,Y,Elder,F,14,B,INDIGO,N,NW,Y
16624,461.72,N,Elder,F,15,A,BROWN,N,NW,Y
16625,742.02,Y,Young,F,16,B,INDIGO,N,NW,N
16626,550.7,N,Elder,M,14,B,INDIGO,N,NW,N
16627,552.52,Y,Elder,F,18,A,INDIGO,N,NW,Y
16628,891.03,Y,Elder,M,15,C,INDIGO,N,NW,Y
16629,1113.35,N,Elder,F,18,C,BROWN,S,SW,Y
16630,706.88,N,Elder,F,15,B,MAGENTA,S,SW,N
16631,913.59,N,Elder,M,17,B,MAGENTA,N,NE,N
16632,1358.05,N,Elder,M,19,C,MAGENTA,M,ME,N
16633,1307.06,N,Elder,M,17,D,MAGENTA,N,NW,N
16634,341.1,N,Elder,F,15,A,BROWN,N,NW,Y
16635,904.54,N,Elder,F,11,B,BROWN,N,NW,N
16636,742.38,N,Elder,M,14,B,BROWN,M,MW,N
16637,709.89,Y,Elder,M,18,A,INDIGO,S,SE,N
16638,420.07,N,Elder,F,16,A,INDIGO,N,NW,Y
16639,626.83,N,Elder,M,15,B,MAGENTA,N,NW,N
16640,395.57,N,Elder,M,16,A,MAGENTA,M,MW,N
16641,330.39,N,Elder,F,15,A,INDIGO,N,NE,N
16642,1019.77,N,Elder,M,23,A,MAGENTA,N,NW,N
16643,1778.42,N,Elder,F,16,C,MAGENTA,S,SW,N
16644,558.11,Y,Elder,F,13,B,BROWN,N,NW,Y
16645,761.46,N,Elder,M,16,B,BROWN,N,NE,Y
16646,326.27,N,Elder,F,13,A,PURPLE,M,ME,N
16647,956.48,N,Elder,M,16,C,BROWN,S,SW,Y
16648,1391.16,N,Elder,F,15,B,PURPLE,S,SE,N
16649,833.57,N,Elder,M,18,B,BROWN,N,NE,Y
16650,512.41,N,Elder,M,18,A,PURPLE,N,NW,N
16651,379.2,N,Elder,F,16,A,INDIGO,M,MW,Y
16652,294.84,N,Elder,M,14,A,MAGENTA,N,NE,N
16653,656.92,N,Elder,M,16,B,BROWN,N,NE,Y
16654,613.4,N,Elder,M,15,B,BROWN,N,NW,Y
16655,813.15,N,Elder,F,18,B,BROWN,M,MW,Y
16656,680.77,N,Elder,F,16,B,INDIGO,S,SE,Y
16657,668.76,Y,Young,F,11,C,INDIGO,S,SW,Y
16658,901.6,N,Elder,M,15,C,INDIGO,N,NE,N
16659,361.77,N,Elder,F,14,A,BROWN,N,NE,Y
16660,509.88,N,Elder,M,18,A,INDIGO,M,ME,N
16661,674.65,N,Elder,F,16,B,MAGENTA,N,NW,Y
16662,600.04,N,Elder,M,14,B,MAGENTA,M,MW,Y
16663,655.11,N,Elder,M,13,B,BROWN,M,MW,Y
16664,684.28,N,Elder,M,16,B,BROWN,M,MW,Y
16665,614.64,N,Young,F,17,A,BROWN,N,NW,N
16666,1000.37,N,Elder,F,15,B,BROWN,N,NW,Y
16667,1076.86,N,Elder,M,18,C,PURPLE,S,SE,N
16668,1237.45,N,Elder,F,19,C,MAGENTA,N,NE,N
16669,309.39,N,Elder,M,13,A,INDIGO,S,SW,N
16670,764.74,Y,Elder,M,16,B,BROWN,N,NE,Y
16671,575.68,Y,Elder,M,19,A,BROWN,N,NE,Y
16672,1593.6,N,Elder,F,13,D,BROWN,S,SE,Y
16673,665.33,N,Elder,F,16,B,BROWN,M,ME,Y
16674,545.11,N,Elder,F,17,A,MAGENTA,N,NW,N
16675,573.25,N,Elder,F,14,B,BROWN,M,MW,Y
16676,786.13,N,Elder,M,18,B,MAGENTA,M,ME,Y
16677,540.5,N,Elder,M,16,A,INDIGO,M,ME,Y
16678,1131.7,N,Elder,M,19,C,INDIGO,M,MW,Y
16679,698.3,Y,Elder,M,16,B,BROWN,S,SW,N
16680,569.7,N,Young,F,14,A,BROWN,N,NW,Y
16681,1100.69,N,Elder,M,14,B,INDIGO,M,MW,Y
16682,864.41,N,Elder,F,13,C,BROWN,N,NW,Y
16683,819.79,N,Elder,M,19,B,INDIGO,M,ME,Y
16684,636.61,N,Young,M,14,B,BROWN,N,NW,Y
16685,926.45,N,Elder,M,18,A,BROWN,N,NE,Y
16686,726.84,N,Young,M,17,B,INDIGO,N,NE,Y
16687,625.58,N,Elder,M,15,B,BROWN,N,NE,Y
16688,574.96,N,Elder,M,14,B,MAGENTA,M,MW,N
16689,883.72,N,Elder,F,14,B,INDIGO,S,SE,N
16690,1214.4,Y,Elder,M,20,B,INDIGO,S,SE,Y
16691,372.54,N,Young,M,15,A,INDIGO,N,NE,N
16692,628.15,N,Elder,F,20,A,INDIGO,M,MW,N
16693,1179.64,N,Elder,M,17,C,BROWN,M,ME,Y
16694,1351.15,N,Elder,M,16,D,MAGENTA,N,NE,N
16695,368.55,N,Elder,M,14,A,PURPLE,N,NE,N
16696,537.61,Y,Young,F,18,A,INDIGO,M,MW,Y
16697,1109.32,N,Elder,M,19,C,INDIGO,S,SE,Y
16698,1235.25,N,Elder,F,14,D,BROWN,M,MW,N
16699,430.78,N,Elder,F,11,B,BROWN,N,NW,N
16700,398.65,N,Elder,M,16,A,INDIGO,S,SE,N
16701,1539.83,N,Elder,M,20,B,MAGENTA,N,NW,N
16702,629.75,N,Elder,M,15,B,BROWN,N,NE,Y
16703,1266.53,N,Elder,M,23,B,BROWN,S,SW,Y
16704,1569.04,N,Elder,M,17,B,BROWN,M,ME,Y
16705,616.64,N,Elder,F,18,A,BROWN,N,NE,Y
16706,1258.52,Y,Elder,M,20,B,BROWN,M,ME,Y
16707,902.3,N,Elder,F,14,C,BROWN,N,NE,Y
16708,336.3,N,Elder,F,15,A,BROWN,S,SW,N
16709,580.05,N,Elder,M,19,A,BROWN,S,SW,Y
16710,1257.71,N,Elder,M,16,D,PURPLE,S,SW,N
16711,355.25,N,Elder,M,15,A,INDIGO,M,ME,N
16712,707.99,N,Elder,M,15,B,BROWN,S,SW,Y
16713,919.46,N,Elder,M,17,B,MAGENTA,S,SE,Y
16714,728.84,N,Elder,M,17,B,INDIGO,M,MW,Y
16715,661.74,N,Elder,F,16,B,MAGENTA,M,ME,N
16716,1311.92,N,Elder,M,17,B,BROWN,N,NE,Y
16717,934.97,Y,Young,F,15,B,PURPLE,M,MW,N
16718,518.78,N,Elder,M,18,A,MAGENTA,M,MW,N
16719,987.01,N,Elder,M,17,C,PURPLE,N,NE,N
16720,520.78,N,Elder,M,15,A,BROWN,N,NW,N
16721,954.27,Y,Young,M,16,B,INDIGO,M,ME,Y
16722,1017.66,N,Elder,M,20,B,INDIGO,M,ME,Y
16723,1720.17,N,Elder,F,19,A,MAGENTA,N,NE,Y
16724,648.25,N,Elder,M,17,A,BROWN,M,MW,Y
16725,677.4,N,Elder,F,21,A,INDIGO,M,MW,Y
16726,1147.65,N,Elder,M,17,C,BROWN,M,MW,Y
16727,456.27,N,Elder,F,16,A,BROWN,N,NW,Y
16728,368.15,N,Elder,F,14,A,INDIGO,S,SW,N
16729,553.41,N,Elder,M,19,A,BROWN,M,MW,Y
16730,1275.5,N,Elder,M,19,C,MAGENTA,N,NW,Y
16731,926.24,Y,Young,M,20,B,INDIGO,S,SW,Y
16732,1318.36,N,Elder,M,18,C,PURPLE,N,NE,N
16733,886.29,N,Elder,F,18,B,INDIGO,N,NW,Y
16734,629.1,Y,Elder,F,15,B,BROWN,M,MW,Y
16735,1451.18,Y,Elder,F,14,D,BROWN,S,SE,Y
16736,1093.15,N,Elder,M,19,C,MAGENTA,S,SW,N
16737,930.05,N,Elder,M,16,C,INDIGO,M,ME,N
16738,959.72,N,Elder,F,16,C,BROWN,S,SE,Y
16739,564.55,N,Young,F,18,A,INDIGO,N,NW,N
16740,913.14,N,Elder,M,17,B,MAGENTA,M,MW,N
16741,1150.91,Y,Young,F,18,C,INDIGO,N,NE,Y
16742,980.97,N,Elder,M,16,B,INDIGO,N,NE,N
16743,1096.34,N,Elder,M,12,A,INDIGO,N,NW,N
16744,1278.89,Y,Elder,M,17,C,MAGENTA,M,ME,Y
16745,1272.52,N,Elder,F,15,C,INDIGO,M,MW,Y
16746,717.13,Y,Elder,F,16,B,BROWN,N,NE,Y
16747,992.6,N,Elder,M,24,A,BROWN,M,ME,Y
16748,559.49,N,Elder,F,14,B,BROWN,N,NW,Y
16749,777.86,N,Elder,M,23,A,BROWN,M,ME,N
16750,498.38,N,Elder,F,17,A,INDIGO,S,SW,Y
16751,534.75,N,Elder,F,17,A,BROWN,N,NW,Y
16752,1107.96,N,Elder,M,18,A,MAGENTA,N,NE,N
16753,1423.94,N,Elder,M,17,B,BROWN,M,MW,N
16754,1014.65,N,Elder,M,16,A,BROWN,N,NW,Y
16755,444.79,N,Elder,M,16,A,INDIGO,M,MW,N
16756,1073.5,N,Elder,F,21,B,MAGENTA,N,NE,N
16757,1369.72,N,Elder,M,14,B,INDIGO,N,NW,N
16758,439.86,N,Elder,F,17,A,INDIGO,N,NW,Y
16759,344.79,N,Elder,M,15,A,MAGENTA,S,SE,N
16760,419.47,N,Elder,M,16,A,INDIGO,S,SE,Y
16761,575.85,N,Elder,M,19,A,MAGENTA,N,NW,Y
16762,896.89,N,Elder,M,15,B,BROWN,N,NW,Y
16763,886.58,N,Elder,M,17,B,INDIGO,N,NW,Y
16764,479.86,N,Elder,F,17,A,INDIGO,S,SW,N
16765,747.33,N,Elder,F,11,C,INDIGO,N,NE,Y
16766,721.63,N,Elder,M,14,B,INDIGO,M,MW,Y
16767,808.57,Y,Elder,M,13,C,BROWN,N,NW,Y
16768,1016.83,Y,Young,M,17,C,INDIGO,S,SW,N
16769,726.73,N,Elder,M,17,B,INDIGO,N,NW,N
16770,778.7,N,Elder,F,13,C,BROWN,M,MW,Y
16771,1094.54,N,Elder,M,19,C,BROWN,S,SW,Y
16772,794.08,N,Elder,M,17,B,BROWN,N,NW,Y
16773,488.95,Y,Elder,M,17,A,INDIGO,M,ME,Y
16774,551.2,Y,Elder,M,14,B,BROWN,N,NW,Y
16775,1582.83,N,Elder,F,20,A,MAGENTA,N,NW,Y
16776,880.96,Y,Elder,M,18,B,BROWN,N,NE,Y
16777,1360.28,N,Elder,F,20,C,BROWN,M,ME,Y
16778,625.63,N,Elder,F,17,A,INDIGO,S,SW,N
16779,466.77,N,Elder,F,15,A,INDIGO,N,NW,N
16780,813.13,N,Elder,F,14,B,MAGENTA,M,ME,N
16781,1090.2,N,Elder,M,14,B,MAGENTA,N,NW,N
16782,298.1,N,Elder,F,14,A,BROWN,M,ME,N
16783,627.11,N,Young,M,15,A,BROWN,M,MW,Y
16784,620.46,N,Elder,M,16,A,INDIGO,N,NE,Y
16785,967.21,N,Elder,M,20,B,INDIGO,N,NW,Y
16786,1039.75,Y,Elder,M,16,C,INDIGO,S,SW,Y
16787,1093.07,N,Elder,M,21,B,BROWN,S,SW,Y
16788,682.23,N,Elder,F,14,B,BROWN,M,MW,Y
16789,343.13,N,Elder,F,14,A,INDIGO,M,MW,Y
16790,400.15,N,Elder,F,16,A,MAGENTA,N,NE,N
16791,547.76,N,Elder,M,16,A,PURPLE,S,SE,N
16792,1006.14,N,Elder,F,17,A,BROWN,N,NW,Y
16793,971.17,N,Elder,F,17,B,BROWN,M,ME,Y
16794,909.95,N,Elder,F,15,A,BROWN,M,MW,N
16795,956.65,N,Elder,F,14,C,INDIGO,S,SE,N
16796,886.7,N,Elder,M,14,C,MAGENTA,S,SW,Y
16797,1239.35,N,Elder,F,15,D,INDIGO,M,ME,Y
16798,811.22,N,Elder,M,16,B,BROWN,N,NE,Y
16799,734.83,N,Elder,M,17,B,INDIGO,M,ME,Y
16800,656.31,N,Elder,F,20,A,MAGENTA,N,NW,Y
16801,811.51,N,Elder,M,16,B,MAGENTA,N,NE,N
16802,885.11,N,Elder,M,19,B,PURPLE,M,MW,N
16803,736.54,N,Elder,F,12,C,BROWN,N,NW,Y
16804,991.21,N,Elder,F,19,B,PURPLE,N,NW,N
16805,736,Y,Elder,M,17,B,INDIGO,M,ME,Y
16806,383.48,N,Elder,F,11,B,MAGENTA,N,NW,N
16807,742.34,N,Elder,M,14,B,PURPLE,N,NW,N
16808,836.92,N,Elder,M,19,B,INDIGO,N,NW,Y
16809,1114.24,N,Young,M,18,C,BROWN,N,NW,Y
16810,1223.6,N,Elder,M,17,B,INDIGO,N,NE,N
16811,718.08,N,Elder,F,17,B,BROWN,N,NW,Y
16812,1039.12,N,Elder,F,20,B,MAGENTA,S,SW,N
16813,566.6,N,Young,F,19,A,MAGENTA,N,NE,Y
16814,385.97,N,Elder,M,16,A,INDIGO,N,NW,N
16815,1359.1,N,Elder,M,22,C,MAGENTA,N,NW,N
16816,631.27,Y,Elder,M,13,B,INDIGO,M,MW,N
16817,525.89,N,Elder,M,18,A,INDIGO,M,ME,N
16818,773.5,N,Elder,M,21,A,MAGENTA,M,MW,Y
16819,877.78,N,Elder,M,20,A,INDIGO,M,ME,N
16820,503.08,N,Elder,F,13,B,BROWN,M,MW,Y
16821,707.22,N,Elder,M,21,A,BROWN,S,SW,N
16822,426.27,N,Young,F,14,A,MAGENTA,N,NW,N
16823,749.62,N,Elder,M,17,B,BROWN,M,MW,Y
16824,491.19,Y,Elder,F,13,B,BROWN,S,SE,Y
16825,407.53,N,Young,M,14,A,INDIGO,M,MW,Y
16826,1049.98,Y,Elder,F,15,C,BROWN,N,NW,Y
16827,843.93,N,Elder,M,18,B,INDIGO,N,NW,Y
16828,581.2,N,Elder,F,16,A,INDIGO,S,SE,N
16829,1104.44,N,Elder,M,16,C,BROWN,M,ME,Y
16830,390.64,N,Elder,M,16,A,INDIGO,M,ME,N
16831,703.73,N,Elder,F,17,A,INDIGO,S,SE,N
16832,901.66,N,Elder,M,15,C,INDIGO,N,NW,Y
16833,717.91,N,Elder,M,20,A,INDIGO,M,ME,N
16834,492.9,Y,Elder,F,13,B,MAGENTA,N,NW,N
16835,846.47,N,Elder,M,19,A,BROWN,M,ME,Y
16836,406.62,N,Elder,F,16,A,MAGENTA,S,SW,N
16837,791.89,N,Young,M,22,A,BROWN,M,MW,Y
16838,715.87,N,Elder,F,16,A,MAGENTA,N,NW,Y
16839,1197.5,N,Elder,M,19,C,MAGENTA,S,SE,N
16840,861.27,N,Elder,F,18,B,BROWN,N,NE,Y
16841,1179.41,Y,Elder,M,20,C,MAGENTA,M,MW,Y
16842,477.89,N,Elder,F,16,A,MAGENTA,N,NE,Y
16843,708.19,N,Elder,F,17,B,INDIGO,N,NW,Y
16844,736.08,N,Elder,M,16,B,MAGENTA,S,SW,Y
16845,548.34,N,Elder,F,13,B,MAGENTA,N,NW,Y
16846,1311.17,N,Elder,F,13,D,PURPLE,N,NE,N
16847,963.86,N,Elder,M,20,A,PURPLE,N,NW,N
16848,794.21,N,Elder,M,18,B,INDIGO,N,NE,Y
16849,622.26,N,Young,M,15,A,MAGENTA,M,MW,N
16850,1111.32,Y,Elder,M,19,B,BROWN,M,MW,Y
16851,354.86,Y,Young,M,15,A,BROWN,N,NE,Y
16852,438.44,N,Elder,F,17,A,BROWN,S,SW,Y
16853,610.55,N,Elder,M,14,B,MAGENTA,M,ME,Y
16854,453.72,N,Elder,M,16,A,INDIGO,N,NE,N
16855,679.85,N,Elder,M,18,A,BROWN,M,MW,N
16856,601.96,N,Elder,M,17,A,PURPLE,M,ME,N
16857,622.81,N,Elder,M,14,B,MAGENTA,N,NW,Y
16858,635.95,N,Young,F,10,C,INDIGO,N,NW,N
16859,680.3,N,Elder,M,16,B,MAGENTA,S,SE,N
16860,812.76,N,Elder,M,18,B,BROWN,N,NW,Y
16861,1381.34,N,Elder,M,17,D,MAGENTA,N,NE,N
16862,916.03,N,Elder,M,15,C,MAGENTA,S,SW,N
16863,981.44,N,Elder,M,17,A,PURPLE,S,SW,N
16864,971.68,N,Elder,M,19,B,MAGENTA,N,NE,N
16865,1424.33,N,Elder,F,22,C,MAGENTA,S,SW,N
16866,777.54,Y,Young,F,17,B,BROWN,N,NW,Y
16867,672.24,N,Young,M,16,B,MAGENTA,M,MW,N
16868,916.63,N,Elder,M,19,B,BROWN,N,NW,Y
16869,661.41,N,Elder,M,20,A,INDIGO,S,SW,N
16870,682.4,N,Elder,F,18,A,MAGENTA,M,MW,N
16871,1215.65,N,Elder,F,18,C,PURPLE,N,NE,N
16872,1153.13,N,Elder,F,13,D,BROWN,N,NE,N
16873,577.32,N,Elder,F,13,A,INDIGO,M,ME,N
16874,673.55,N,Elder,M,18,A,BROWN,N,NW,N
16875,378.49,N,Elder,M,12,A,INDIGO,S,SE,N
16876,1073.42,N,Elder,F,20,A,INDIGO,N,NE,N
16877,1060.91,N,Elder,M,19,B,INDIGO,M,ME,Y
16878,1112.42,N,Elder,M,19,C,BROWN,M,ME,Y
16879,518.83,N,Elder,F,13,B,BROWN,S,SW,N
16880,125.58,Y,Elder,F,11,A,BROWN,N,NE,Y
16881,1005.23,N,Elder,M,21,B,MAGENTA,M,ME,N
16882,479.41,N,Elder,M,17,A,INDIGO,N,NE,N
16883,1301.19,N,Elder,M,22,B,INDIGO,N,NW,N
16884,813.82,N,Elder,F,13,C,MAGENTA,N,NW,N
16885,551.49,Y,Elder,M,18,A,INDIGO,N,NW,Y
16886,661.82,N,Elder,F,17,A,BROWN,M,ME,Y
16887,282.94,N,Young,F,14,A,BROWN,S,SE,Y
16888,412.87,N,Elder,M,16,A,INDIGO,M,MW,Y
16889,1007.84,N,Elder,M,13,C,MAGENTA,N,NW,Y
16890,388.1,N,Elder,M,16,A,INDIGO,M,ME,N
16891,501.64,N,Elder,M,12,B,INDIGO,M,ME,Y
16892,844.11,N,Elder,M,14,C,PURPLE,M,MW,N
16893,319.52,N,Young,M,13,A,BROWN,S,SE,N
16894,595.95,N,Elder,F,15,A,INDIGO,M,MW,Y
16895,727.93,N,Elder,M,21,A,BROWN,M,MW,Y
16896,1999.89,N,Elder,M,17,D,BROWN,N,NW,Y
16897,647.74,N,Elder,M,17,A,INDIGO,S,SW,Y
16898,680.7,N,Elder,F,15,B,BROWN,N,NW,Y
16899,652.53,N,Elder,F,14,A,MAGENTA,M,MW,N
16900,1297.96,N,Elder,M,20,C,INDIGO,N,NW,N
16901,985.03,N,Elder,F,15,C,BROWN,S,SE,Y
16902,1053.73,Y,Elder,M,15,C,MAGENTA,N,NE,N
16903,1138.94,N,Elder,F,16,C,MAGENTA,N,NW,Y
16904,846.54,N,Elder,M,16,B,INDIGO,N,NW,Y
16905,1311.94,N,Elder,M,18,D,INDIGO,N,NE,N
16906,1310.49,N,Elder,M,17,D,INDIGO,N,NE,Y
16907,1647.89,N,Elder,M,16,D,INDIGO,M,ME,Y
16908,1105.16,Y,Elder,M,17,C,INDIGO,S,SW,N
16909,1045.86,Y,Elder,F,22,B,INDIGO,N,NE,Y
16910,715.38,N,Elder,M,19,A,MAGENTA,S,SW,Y
16911,626.93,N,Elder,F,14,B,BROWN,N,NE,Y
16912,879.87,N,Elder,M,18,B,BROWN,S,SE,Y
16913,592.55,Y,Elder,M,19,A,INDIGO,M,MW,Y
16914,556.01,N,Elder,M,18,A,BROWN,M,ME,Y
16915,830.32,N,Elder,M,17,A,MAGENTA,N,NW,Y
16916,1104.94,N,Elder,M,18,C,BROWN,M,MW,Y
16917,924.69,N,Elder,F,16,C,BROWN,S,SW,Y
16918,1672.78,N,Elder,M,15,D,INDIGO,N,NE,Y
16919,1247.67,N,Elder,M,18,B,MAGENTA,M,MW,N
16920,806.12,N,Elder,M,17,A,BROWN,M,ME,Y
16921,440.48,N,Elder,M,16,A,BROWN,N,NW,Y
16922,499.3,N,Elder,F,12,B,INDIGO,N,NE,Y
16923,421.42,N,Elder,M,16,A,PURPLE,N,NW,N
16924,608.28,N,Elder,M,15,B,MAGENTA,N,NE,N
16925,780.73,N,Elder,M,17,B,PURPLE,S,SE,N
16926,1043.22,Y,Elder,F,16,C,INDIGO,M,MW,Y
16927,532.97,N,Elder,M,18,A,MAGENTA,N,NW,N
16928,338.88,N,Elder,M,15,A,INDIGO,M,ME,N
16929,877.67,N,Elder,F,15,C,MAGENTA,M,ME,N
16930,987.6,N,Elder,M,17,B,BROWN,N,NW,N
16931,1091.74,N,Elder,M,16,B,INDIGO,N,NE,N
16932,340.21,N,Young,M,13,A,MAGENTA,N,NW,N
16933,135.27,N,Elder,F,10,A,INDIGO,M,ME,N
16934,1019.83,N,Elder,F,14,B,MAGENTA,N,NW,N
16935,940.56,N,Elder,F,14,C,BROWN,S,SW,N
16936,638.31,N,Young,M,14,B,INDIGO,S,SW,Y
16937,853.51,N,Elder,M,18,B,PURPLE,M,MW,N
16938,1474.11,Y,Elder,M,21,D,INDIGO,S,SW,N
16939,405.94,N,Young,M,16,A,INDIGO,S,SE,Y
16940,1171.5,N,Elder,M,14,A,BROWN,N,NE,Y
16941,1286.52,N,Elder,F,16,D,INDIGO,M,ME,Y
16942,804.15,N,Elder,M,17,B,MAGENTA,M,MW,Y
16943,639.94,Y,Elder,F,19,A,BROWN,S,SW,Y
16944,734.3,N,Elder,F,21,A,BROWN,S,SW,N
16945,1140.67,N,Elder,M,14,B,INDIGO,M,MW,N
16946,753.32,N,Elder,F,17,B,INDIGO,N,NW,Y
16947,1274.24,N,Elder,M,21,C,INDIGO,S,SW,Y
16948,776.62,N,Elder,M,16,B,BROWN,N,NE,N
16949,1206.26,N,Elder,F,14,B,BROWN,N,NW,Y
16950,715.31,N,Elder,F,17,B,INDIGO,S,SE,N
16951,1252.21,N,Elder,M,19,C,BROWN,N,NE,N
16952,789.82,N,Elder,F,18,B,BROWN,S,SE,Y
16953,721.65,N,Elder,M,18,A,BROWN,M,ME,Y
16954,582.29,N,Elder,M,13,B,MAGENTA,M,ME,N
16955,855.13,Y,Elder,M,15,B,BROWN,N,NE,Y
16956,1176.28,N,Elder,F,18,C,BROWN,N,NE,N
16957,390.87,N,Elder,M,14,A,MAGENTA,N,NE,N
16958,830.1,N,Elder,M,13,C,BROWN,S,SE,Y
16959,733.55,N,Elder,F,16,A,BROWN,S,SE,Y
16960,1261.88,N,Elder,M,19,B,PURPLE,N,NW,N
16961,598.02,N,Elder,M,14,B,INDIGO,N,NE,Y
16962,393.23,N,Elder,F,15,A,BROWN,S,SE,Y
16963,272.13,N,Young,F,13,A,BROWN,N,NW,Y
16964,1206.71,N,Elder,M,20,C,PURPLE,M,ME,N
16965,1181.66,N,Elder,M,20,C,MAGENTA,N,NW,Y
16966,1075.78,N,Elder,M,18,C,MAGENTA,S,SW,N
16967,564.08,N,Elder,M,18,A,INDIGO,M,MW,N
16968,724.75,N,Elder,F,15,B,MAGENTA,S,SW,N
16969,893.02,N,Elder,M,18,B,BROWN,M,MW,Y
16970,732.53,N,Elder,F,17,A,INDIGO,M,MW,Y
16971,1258.1,N,Elder,F,13,C,MAGENTA,S,SW,Y
16972,651.85,N,Elder,F,15,B,MAGENTA,M,MW,Y
16973,331.53,N,Elder,M,15,A,BROWN,M,ME,Y
16974,926.72,N,Elder,M,15,B,BROWN,N,NW,Y
16975,496.92,N,Elder,M,16,A,MAGENTA,S,SE,N
16976,1052.58,N,Elder,M,17,B,INDIGO,N,NW,N
16977,879.84,N,Elder,M,18,B,INDIGO,S,SW,Y
16978,941.78,N,Elder,M,18,B,INDIGO,S,SE,Y
16979,854.5,N,Elder,M,16,B,INDIGO,S,SW,Y
16980,744.5,N,Elder,M,20,A,BROWN,M,ME,Y
16981,867.04,N,Elder,M,19,B,BROWN,N,NE,Y
16982,632.62,N,Elder,F,19,A,BROWN,S,SE,Y
16983,867.59,N,Elder,F,14,C,MAGENTA,N,NE,N
16984,1694.09,Y,Elder,F,14,C,INDIGO,N,NW,Y
16985,773.83,N,Elder,F,15,B,INDIGO,N,NE,N
16986,630.52,N,Elder,M,15,B,INDIGO,M,MW,N
16987,978.27,N,Elder,M,15,C,BROWN,N,NE,N
16988,193.13,N,Elder,M,12,A,INDIGO,N,NW,N
16989,787.47,N,Elder,M,18,B,INDIGO,N,NW,Y
16990,910.44,N,Elder,M,14,B,INDIGO,N,NW,Y
16991,803.4,N,Elder,F,23,A,MAGENTA,N,NW,N
16992,507.38,N,Elder,F,17,A,INDIGO,S,SW,Y
16993,721.67,N,Elder,F,12,C,MAGENTA,M,MW,Y
16994,802.8,Y,Young,M,16,B,INDIGO,N,NE,N
16995,152.78,N,Young,F,9,A,BROWN,M,ME,N
16996,881.25,N,Elder,M,17,B,INDIGO,S,SW,N
16997,765,N,Elder,M,18,B,INDIGO,N,NW,Y
16998,671.9,N,Elder,F,16,B,BROWN,N,NE,Y
16999,583.01,N,Elder,F,13,B,INDIGO,N,NE,N
17000,1633.93,Y,Elder,M,17,D,BROWN,S,SW,Y
17001,908.79,N,Elder,F,14,C,BROWN,N,NE,Y
17002,612.52,Y,Young,M,14,B,INDIGO,M,ME,N
17003,760.35,N,Elder,F,19,A,INDIGO,S,SW,Y
17004,1625.9,N,Elder,M,19,C,BROWN,S,SE,Y
17005,612.29,N,Elder,F,15,B,PURPLE,M,ME,N
17006,1130.76,N,Elder,M,15,C,BROWN,N,NW,Y
17007,572.6,Y,Elder,F,14,B,BROWN,N,NW,Y
17008,823.94,N,Elder,M,19,B,BROWN,M,MW,N
17009,839.23,N,Elder,M,17,B,MAGENTA,N,NE,Y
17010,1291.93,N,Elder,M,16,D,PURPLE,M,ME,N
17011,376.88,N,Elder,F,15,A,BROWN,N,NE,Y
17012,337.48,N,Elder,F,10,B,INDIGO,N,NE,Y
17013,417.02,Y,Young,M,16,A,INDIGO,S,SE,Y
17014,1009.98,N,Elder,M,14,B,INDIGO,M,MW,Y
17015,805.47,N,Elder,M,20,A,INDIGO,S,SW,N
17016,557.78,N,Young,M,19,A,BROWN,M,MW,Y
17017,395.82,N,Elder,F,16,A,BROWN,M,ME,Y
17018,496.23,N,Elder,F,13,B,MAGENTA,N,NE,N
17019,711.01,N,Elder,F,14,B,BROWN,N,NW,N
17020,472.77,N,Elder,M,13,A,BROWN,S,SE,Y
17021,642.82,N,Elder,M,16,B,BROWN,N,NE,Y
17022,448.05,N,Elder,F,16,A,INDIGO,N,NE,Y
17023,1155.32,N,Elder,M,17,B,BROWN,N,NW,Y
17024,406.36,N,Elder,M,14,A,BROWN,M,MW,Y
17025,243.81,N,Elder,F,13,A,MAGENTA,N,NW,N
17026,670.46,N,Elder,M,20,A,INDIGO,N,NW,N
17027,1104.09,N,Elder,F,17,C,INDIGO,S,SW,Y
17028,991.55,N,Elder,F,15,B,PURPLE,S,SE,N
17029,908.74,N,Young,F,15,C,BROWN,N,NW,Y
17030,516.03,N,Elder,F,13,B,BROWN,S,SW,Y
17031,546.72,Y,Elder,M,17,A,MAGENTA,M,MW,N
17032,1036.03,N,Young,M,15,B,INDIGO,S,SW,N
17033,382.88,N,Elder,F,14,A,BROWN,M,ME,Y
17034,1233.34,N,Elder,F,16,C,BROWN,N,NE,N
17035,722.01,N,Elder,F,12,B,BROWN,S,SW,Y
17036,676.35,N,Elder,F,15,B,BROWN,N,NW,Y
17037,499.94,N,Elder,M,18,A,INDIGO,N,NW,N
17038,1119.01,N,Elder,M,21,B,BROWN,M,MW,Y
17039,1530.97,N,Elder,M,19,B,INDIGO,S,SE,Y
17040,790.14,N,Elder,F,18,B,PURPLE,M,MW,N
17041,1459.07,N,Elder,F,19,B,INDIGO,M,MW,N
17042,1325.02,N,Elder,M,16,C,PURPLE,S,SW,N
17043,919.81,Y,Elder,F,13,C,PURPLE,N,NW,N
17044,675.19,N,Elder,F,20,A,BROWN,N,NW,Y
17045,863.49,N,Elder,F,14,B,INDIGO,N,NW,N
17046,791.09,N,Elder,M,22,A,BROWN,S,SW,N
17047,597.79,N,Elder,M,16,A,MAGENTA,N,NW,Y
17048,1005.04,N,Elder,M,17,C,BROWN,S,SW,N
17049,576.31,N,Young,F,14,B,BROWN,M,MW,Y
17050,1328.99,N,Elder,M,20,C,BROWN,M,ME,Y
17051,1087.78,N,Elder,F,12,D,MAGENTA,M,ME,N
17052,946.8,N,Young,M,17,B,BROWN,M,ME,Y
17053,463.26,N,Elder,M,15,A,INDIGO,N,NE,Y
17054,161.79,N,Elder,F,12,A,INDIGO,S,SE,Y
17055,817.17,N,Elder,M,14,C,BROWN,N,NW,Y
17056,1024.87,N,Elder,M,17,C,INDIGO,S,SW,Y
17057,773.27,N,Elder,M,13,C,BROWN,M,ME,N
17058,461.67,N,Elder,F,12,B,PURPLE,S,SE,N
17059,2165.79,N,Elder,M,14,C,MAGENTA,N,NE,Y
17060,915.76,N,Elder,M,20,B,MAGENTA,N,NE,N
17061,727.57,N,Elder,F,12,C,BROWN,S,SW,Y
17062,854.95,N,Elder,M,17,B,BROWN,N,NE,N
17063,780.32,N,Elder,M,18,B,INDIGO,M,MW,Y
17064,618.27,N,Elder,M,15,B,INDIGO,N,NE,Y
17065,738.76,N,Elder,M,17,B,INDIGO,S,SW,Y
17066,1207.65,N,Elder,M,21,C,BROWN,M,ME,Y
17067,968.84,N,Elder,M,16,C,INDIGO,M,MW,Y
17068,393.64,N,Elder,F,14,A,INDIGO,N,NE,Y
17069,690.32,N,Elder,F,16,B,INDIGO,M,MW,N
17070,613.53,N,Elder,M,19,A,INDIGO,N,NW,N
17071,1199.44,N,Elder,F,15,B,BROWN,S,SE,Y
17072,279.1,N,Elder,F,14,A,MAGENTA,S,SE,Y
17073,1318.95,N,Elder,M,22,C,INDIGO,M,ME,Y
17074,533.28,N,Elder,F,13,B,BROWN,S,SW,Y
17075,867.51,N,Elder,M,18,B,INDIGO,M,MW,Y
17076,979.23,N,Elder,M,19,B,INDIGO,M,MW,N
17077,903.62,Y,Elder,F,14,B,BROWN,S,SW,Y
17078,709.16,N,Elder,F,14,B,BROWN,M,MW,Y
17079,1161.84,N,Elder,F,23,B,MAGENTA,M,ME,Y
17080,1209.87,N,Elder,M,19,B,INDIGO,M,MW,N
17081,809.38,N,Elder,M,15,B,BROWN,M,MW,N
17082,463.69,N,Elder,M,16,A,BROWN,M,ME,Y
17083,975.56,N,Elder,M,20,B,MAGENTA,M,MW,Y
17084,1227.79,N,Elder,M,18,B,INDIGO,M,MW,N
17085,438.3,N,Elder,F,12,B,MAGENTA,S,SW,N
17086,888.01,N,Elder,M,18,B,INDIGO,N,NW,N
17087,1096,N,Elder,M,18,C,BROWN,N,NW,Y
17088,1179.1,N,Elder,F,18,B,INDIGO,N,NE,N
17089,450.77,N,Elder,F,12,B,MAGENTA,N,NW,N
17090,619.26,N,Elder,M,13,B,INDIGO,M,ME,N
17091,657.69,N,Elder,F,16,B,INDIGO,S,SW,N
17092,763.72,N,Elder,M,17,B,MAGENTA,M,MW,Y
17093,1174.74,N,Elder,M,18,B,INDIGO,N,NE,Y
17094,525.47,N,Elder,M,13,B,MAGENTA,N,NE,N
17095,1167.93,N,Elder,M,17,C,MAGENTA,S,SW,N
17096,870.78,Y,Elder,F,15,C,INDIGO,S,SE,Y
17097,941.62,N,Elder,F,15,C,INDIGO,N,NE,N
17098,741.94,N,Elder,F,11,C,MAGENTA,S,SE,N
17099,999.59,Y,Elder,F,17,C,BROWN,M,ME,Y
17100,976.54,N,Elder,F,17,C,INDIGO,S,SE,Y
17101,517.65,N,Elder,M,18,A,BROWN,N,NE,Y
17102,1004.13,N,Elder,F,21,B,BROWN,M,ME,Y
17103,851.18,N,Elder,F,18,B,BROWN,S,SE,N
17104,696.08,N,Elder,M,16,B,INDIGO,N,NW,N
17105,651.44,N,Elder,F,21,A,INDIGO,N,NE,N
17106,534.16,N,Elder,M,15,A,MAGENTA,M,ME,Y
17107,837.34,N,Elder,M,17,B,BROWN,S,SE,Y
17108,923.89,N,Elder,M,21,A,BROWN,S,SW,Y
17109,635.09,Y,Elder,M,15,B,MAGENTA,S,SE,N
17110,328.12,N,Elder,F,15,A,INDIGO,S,SW,Y
17111,890.49,N,Elder,M,15,C,MAGENTA,N,NW,N
17112,1502.22,Y,Elder,F,19,D,BROWN,S,SW,Y
17113,950.57,N,Elder,M,18,B,BROWN,M,ME,Y
17114,1435.95,N,Elder,M,17,D,MAGENTA,N,NW,N
17115,1037.83,N,Elder,F,18,C,INDIGO,M,ME,Y
17116,669.8,N,Elder,F,16,B,MAGENTA,M,MW,N
17117,390.8,Y,Young,M,15,A,BROWN,S,SW,Y
17118,111.76,N,Elder,F,11,A,BROWN,N,NW,Y
17119,747.26,N,Elder,F,14,B,BROWN,S,SW,Y
17120,653.39,N,Elder,F,20,A,BROWN,M,MW,Y
17121,669.51,Y,Young,F,16,B,MAGENTA,M,MW,N
17122,1433.34,N,Elder,M,15,C,BROWN,N,NE,Y
17123,1006.15,N,Elder,M,17,C,INDIGO,N,NW,N
17124,769.15,N,Elder,M,17,A,INDIGO,M,MW,N
17125,1103.41,N,Elder,F,14,D,BROWN,M,ME,Y
17126,1550.29,N,Elder,M,16,D,PURPLE,S,SW,N
17127,885.9,N,Elder,M,19,B,MAGENTA,M,MW,N
17128,934.64,N,Young,M,15,B,BROWN,N,NW,N
17129,427,N,Elder,M,13,A,BROWN,M,MW,Y
17130,431.25,N,Elder,M,12,A,BROWN,N,NE,N
17131,672.9,N,Elder,M,16,B,BROWN,S,SE,Y
17132,619.9,N,Elder,F,15,B,MAGENTA,M,ME,Y
17133,1079.01,N,Elder,M,14,B,BROWN,M,MW,Y
17134,476.26,Y,Elder,M,15,A,MAGENTA,N,NW,N
17135,430.57,N,Elder,F,11,B,MAGENTA,M,ME,N
17136,492.42,N,Elder,M,16,A,MAGENTA,N,NE,Y
17137,653.74,N,Young,M,19,A,MAGENTA,N,NW,N
17138,1139.47,N,Elder,M,14,D,BROWN,S,SE,Y
17139,1012.66,Y,Elder,F,17,C,BROWN,M,ME,Y
17140,865.43,N,Elder,M,15,B,BROWN,S,SE,N
17141,875.95,Y,Young,M,14,C,BROWN,M,ME,N
17142,482.77,N,Elder,M,14,A,BROWN,N,NE,N
17143,963.85,N,Elder,M,15,C,MAGENTA,M,ME,N
17144,413.68,N,Elder,F,14,A,BROWN,M,MW,N
17145,556.94,N,Elder,M,14,B,INDIGO,S,SW,N
17146,1577.62,N,Elder,M,18,C,INDIGO,N,NE,N
17147,662.47,N,Elder,F,16,B,INDIGO,M,MW,Y
17148,1365.84,N,Young,M,13,C,BROWN,S,SW,Y
17149,768.07,N,Elder,M,14,B,MAGENTA,N,NW,N
17150,769.94,N,Elder,M,18,B,BROWN,M,ME,Y
17151,370.25,N,Elder,F,15,A,INDIGO,S,SE,Y
17152,583.72,N,Elder,M,16,A,BROWN,N,NE,Y
17153,1329.06,Y,Young,M,20,C,BROWN,N,NW,Y
17154,1462.03,Y,Elder,M,18,B,BROWN,N,NE,N
17155,1059.6,N,Elder,F,18,C,BROWN,S,SW,Y
17156,1225.23,N,Elder,M,19,B,INDIGO,N,NW,Y
17157,635.7,N,Elder,M,14,A,BROWN,N,NW,Y
17158,802.55,N,Elder,M,17,B,BROWN,N,NW,Y
17159,425.11,N,Elder,M,11,B,INDIGO,M,MW,Y
17160,1497.16,N,Elder,F,15,C,BROWN,S,SE,Y
17161,594.7,N,Elder,F,16,A,MAGENTA,M,ME,Y
17162,1012.43,N,Elder,F,15,B,MAGENTA,S,SE,N
17163,929.2,N,Elder,M,15,B,INDIGO,N,NW,N
17164,1395.14,N,Elder,M,15,D,BROWN,N,NE,Y
17165,956.16,N,Elder,F,15,C,INDIGO,N,NE,N
17166,626.3,Y,Young,F,15,B,BROWN,S,SW,Y
17167,804.8,N,Elder,M,17,B,INDIGO,M,MW,N
17168,1718.25,N,Elder,F,19,A,INDIGO,S,SE,Y
17169,1071.88,N,Elder,F,16,C,INDIGO,M,ME,Y
17170,1050.19,N,Elder,F,16,C,MAGENTA,N,NE,N
17171,729.04,N,Elder,M,17,B,BROWN,N,NE,N
17172,943.22,N,Elder,M,16,C,MAGENTA,S,SE,N
17173,406.47,N,Young,F,13,A,INDIGO,M,ME,N
17174,799.72,Y,Young,M,16,B,INDIGO,N,NE,N
17175,366.68,N,Elder,M,13,A,MAGENTA,M,MW,N
17176,1517.18,N,Elder,M,20,B,INDIGO,N,NE,N
17177,703.7,N,Young,M,14,B,MAGENTA,S,SE,N
17178,711.76,N,Elder,F,13,B,MAGENTA,S,SW,N
17179,951.78,N,Elder,F,16,B,BROWN,S,SE,Y
17180,874.94,N,Elder,F,18,B,BROWN,N,NW,Y
17181,711.23,N,Elder,F,16,B,MAGENTA,M,ME,N
17182,790.58,N,Elder,M,18,B,BROWN,M,MW,Y
17183,581.01,N,Elder,F,13,B,BROWN,S,SW,Y
17184,1615.2,N,Elder,M,15,B,BROWN,N,NE,Y
17185,503.38,N,Elder,F,11,B,BROWN,M,ME,Y
17186,1289.7,N,Elder,M,18,C,MAGENTA,N,NW,N
17187,1101.39,N,Elder,F,17,C,BROWN,M,ME,Y
17188,1330.24,N,Elder,M,15,A,MAGENTA,M,MW,N
17189,502.05,N,Elder,M,14,A,INDIGO,N,NE,Y
17190,1114.22,N,Elder,F,16,B,MAGENTA,N,NW,N
17191,457.06,N,Elder,F,12,A,MAGENTA,M,MW,N
17192,629.52,Y,Elder,F,15,B,BROWN,M,ME,Y
17193,432.15,N,Elder,M,16,A,PURPLE,S,SW,N
17194,819.49,N,Elder,M,14,C,BROWN,S,SW,N
17195,965.91,N,Young,M,18,B,BROWN,S,SW,Y
17196,1273.51,N,Elder,M,17,C,BROWN,S,SW,Y
17197,548.1,Y,Elder,M,19,A,BROWN,S,SW,Y
17198,1150.76,N,Young,F,13,A,INDIGO,M,MW,N
17199,1419.69,N,Elder,M,22,C,BROWN,M,MW,Y
17200,638.6,Y,Elder,F,13,B,BROWN,M,MW,Y
17201,533.61,Y,Elder,F,16,A,BROWN,M,ME,Y
17202,1401.32,N,Elder,M,18,C,BROWN,M,ME,Y
17203,1171.18,N,Elder,M,15,D,INDIGO,S,SE,Y
17204,527.63,N,Elder,M,16,A,MAGENTA,M,MW,N
17205,1138.2,N,Elder,M,18,C,INDIGO,S,SW,N
17206,878.02,N,Elder,M,19,B,BROWN,N,NW,Y
17207,634.81,N,Elder,M,19,A,BROWN,N,NE,Y
17208,1348.15,Y,Elder,M,21,B,BROWN,N,NW,Y
17209,614.28,N,Elder,M,20,A,MAGENTA,M,MW,N
17210,422.75,N,Elder,M,11,B,INDIGO,N,NW,Y
17211,501.4,N,Elder,F,16,A,MAGENTA,S,SE,N
17212,695.52,N,Elder,M,16,B,BROWN,N,NE,Y
17213,1269.81,N,Young,M,18,C,BROWN,M,MW,Y
17214,1121.11,N,Elder,M,19,C,INDIGO,S,SE,Y
17215,844.49,N,Elder,F,19,B,MAGENTA,N,NE,N
17216,1051.81,N,Elder,M,17,C,INDIGO,N,NE,N
17217,603.09,N,Elder,M,16,A,BROWN,N,NW,Y
17218,405.37,N,Elder,M,15,A,BROWN,S,SE,N
17219,804.02,Y,Elder,F,17,A,INDIGO,S,SW,Y
17220,586.57,N,Elder,M,16,A,INDIGO,M,ME,Y
17221,1393.57,N,Elder,M,16,B,PURPLE,N,NE,N
17222,332.38,Y,Elder,M,15,A,BROWN,N,NW,N
17223,1132.05,Y,Elder,M,15,B,MAGENTA,N,NE,N
17224,976.15,Y,Elder,F,20,B,INDIGO,M,MW,Y
17225,967.57,N,Elder,F,15,C,BROWN,N,NW,Y
17226,452.35,N,Elder,F,15,A,INDIGO,M,MW,Y
17227,1050.79,N,Elder,F,18,C,MAGENTA,N,NE,N
17228,436.55,N,Elder,F,11,B,MAGENTA,N,NE,N
17229,419.02,N,Elder,F,10,A,MAGENTA,M,ME,N
17230,850.76,Y,Elder,M,14,C,INDIGO,S,SW,N
17231,773.38,N,Elder,M,18,B,INDIGO,S,SW,Y
17232,434.92,N,Elder,F,15,A,MAGENTA,S,SW,N
17233,1272.4,Y,Young,M,17,D,BROWN,N,NE,Y
17234,876.58,N,Elder,M,20,B,BROWN,M,ME,Y
17235,524.74,N,Elder,M,18,A,INDIGO,N,NW,Y
17236,624.67,N,Elder,M,14,A,MAGENTA,N,NW,N
17237,1392.65,N,Young,F,14,B,MAGENTA,S,SW,N
17238,1043.77,N,Elder,F,18,C,MAGENTA,N,NW,N
17239,221.94,N,Elder,M,13,A,INDIGO,M,MW,Y
17240,437.04,Y,Young,F,16,A,BROWN,M,ME,N
17241,793.64,Y,Elder,F,17,B,INDIGO,M,MW,Y
17242,1120.77,N,Elder,F,16,C,MAGENTA,M,ME,N
17243,1943.74,Y,Elder,M,22,C,BROWN,N,NW,Y
17244,922.22,N,Young,F,17,B,PURPLE,N,NW,N
17245,786.25,N,Elder,F,14,B,MAGENTA,N,NW,N
17246,1076.87,N,Elder,M,18,C,MAGENTA,M,MW,N
17247,2348.55,N,Elder,M,20,C,BROWN,S,SW,N
17248,691.87,N,Elder,F,17,A,MAGENTA,S,SE,N
17249,662.58,N,Elder,F,16,B,INDIGO,M,MW,N
17250,611.92,N,Elder,M,20,A,BROWN,M,MW,Y
17251,615.22,N,Elder,M,19,A,BROWN,M,ME,Y
17252,1209.78,Y,Young,M,16,D,BROWN,N,NE,Y
17253,371.81,N,Elder,F,12,A,INDIGO,N,NE,Y
17254,230.34,N,Elder,M,13,A,BROWN,M,ME,Y
17255,553.56,N,Elder,M,17,A,BROWN,M,MW,Y
17256,2095.86,N,Young,M,16,B,BROWN,S,SE,N
17257,522.76,N,Elder,M,15,A,INDIGO,N,NW,N
17258,950.9,N,Elder,M,17,B,BROWN,M,MW,Y
17259,340.86,N,Elder,M,14,A,MAGENTA,M,MW,N
17260,513.95,N,Elder,M,18,A,BROWN,M,ME,Y
17261,865.75,N,Young,M,17,B,INDIGO,M,MW,N
17262,746.42,N,Young,M,14,B,INDIGO,M,ME,N
17263,244.95,N,Elder,M,12,A,INDIGO,N,NE,N
17264,682.56,N,Elder,M,20,A,BROWN,M,ME,N
17265,600.3,N,Elder,M,15,B,INDIGO,M,MW,Y
17266,775.73,N,Young,M,16,B,INDIGO,S,SW,Y
17267,848.1,N,Elder,F,19,B,BROWN,S,SW,Y
17268,918.11,N,Elder,M,14,C,PURPLE,M,MW,N
17269,1097.99,N,Elder,M,19,C,BROWN,N,NE,Y
17270,278.85,N,Elder,M,14,A,BROWN,N,NE,Y
17271,931.45,N,Elder,F,16,C,PURPLE,M,ME,N
17272,1868.39,N,Elder,F,13,D,INDIGO,M,ME,N
17273,667.58,N,Elder,F,15,B,MAGENTA,M,ME,Y
17274,1602.67,Y,Elder,M,20,C,INDIGO,S,SW,Y
17275,645.48,N,Elder,M,20,A,INDIGO,M,ME,Y
17276,498.11,Y,Young,F,16,A,BROWN,N,NW,Y
17277,916.64,N,Young,M,15,B,INDIGO,N,NE,N
17278,1331.58,N,Elder,M,18,D,INDIGO,S,SE,N
17279,825.48,N,Elder,M,18,B,BROWN,S,SE,Y
17280,550.67,N,Elder,M,18,A,INDIGO,M,MW,N
17281,1006.82,N,Elder,M,22,B,BROWN,M,MW,Y
17282,1231.05,N,Elder,M,16,C,MAGENTA,M,MW,N
17283,2118.31,N,Elder,M,13,D,BROWN,M,MW,N
17284,1008.73,N,Elder,F,25,A,BROWN,M,ME,Y
17285,619.89,N,Elder,F,15,A,MAGENTA,N,NW,Y
17286,481.62,N,Elder,M,17,A,INDIGO,S,SW,N
17287,531.67,N,Elder,F,16,A,BROWN,N,NE,Y
17288,881.32,N,Elder,M,16,B,BROWN,N,NE,N
17289,974.16,Y,Elder,F,17,B,INDIGO,M,MW,Y
17290,1056.9,N,Elder,M,17,C,INDIGO,S,SW,N
17291,626.97,N,Elder,M,15,B,INDIGO,N,NE,N
17292,320.67,N,Elder,F,13,A,INDIGO,M,ME,Y
17293,850.22,Y,Elder,F,17,B,MAGENTA,S,SE,Y
17294,1463.27,N,Elder,M,12,C,INDIGO,S,SW,Y
17295,684.41,N,Elder,M,18,A,BROWN,N,NW,N
17296,726.55,N,Elder,F,12,C,BROWN,N,NE,Y
17297,545.8,N,Elder,F,17,A,BROWN,N,NE,Y
17298,1010.45,N,Elder,M,15,C,INDIGO,M,ME,N
17299,1348.57,Y,Elder,M,17,D,BROWN,S,SW,Y
17300,818.54,N,Young,M,13,C,BROWN,N,NE,Y
17301,527.5,N,Young,M,13,B,INDIGO,S,SE,N
17302,858.83,N,Elder,M,15,A,BROWN,S,SW,Y
17303,846.55,N,Elder,F,12,B,BROWN,M,ME,N
17304,887.99,N,Elder,M,15,C,BROWN,S,SW,Y
17305,682.52,N,Elder,M,15,B,INDIGO,S,SW,N
17306,841.45,Y,Elder,F,15,B,INDIGO,M,ME,Y
17307,1531,N,Elder,M,20,B,BROWN,M,MW,Y
17308,913.05,N,Elder,M,19,B,INDIGO,N,NW,N
17309,855.98,Y,Elder,F,12,C,BROWN,N,NE,Y
17310,571.57,N,Elder,M,19,A,BROWN,M,MW,Y
17311,749.01,N,Elder,M,17,B,MAGENTA,S,SE,N
17312,677.83,N,Elder,M,18,A,MAGENTA,S,SE,Y
17313,527.44,N,Young,F,17,A,INDIGO,S,SW,Y
17314,988.12,N,Elder,F,15,C,BROWN,S,SW,Y
17315,497.28,N,Elder,F,17,A,INDIGO,N,NW,N
17316,387.82,N,Elder,M,16,A,BROWN,M,ME,Y
17317,997.63,N,Elder,M,19,B,MAGENTA,M,MW,N
17318,858.98,N,Elder,F,17,B,INDIGO,N,NE,Y
17319,1779.37,N,Elder,M,21,C,BROWN,N,NW,N
17320,1004.84,N,Elder,F,16,C,PURPLE,N,NW,N
17321,1066.59,N,Elder,M,18,B,INDIGO,N,NW,N
17322,959.85,N,Elder,M,15,A,MAGENTA,S,SE,N
17323,412.53,N,Elder,M,16,A,BROWN,M,MW,Y
17324,877.26,N,Elder,M,13,A,INDIGO,M,ME,N
17325,876.04,N,Young,F,13,C,INDIGO,M,ME,N
17326,949.3,N,Elder,F,15,C,MAGENTA,N,NW,N
17327,985.66,N,Elder,M,16,C,BROWN,M,MW,Y
17328,1208.29,N,Elder,F,14,B,INDIGO,M,ME,Y
17329,853.56,N,Elder,M,19,B,BROWN,N,NE,N
17330,1502,N,Elder,F,16,C,BROWN,S,SW,Y
17331,356.36,N,Young,F,14,A,INDIGO,N,NW,N
17332,710.32,N,Elder,M,17,B,MAGENTA,M,ME,N
17333,1399.04,N,Elder,M,18,D,BROWN,S,SW,N
17334,455.06,N,Elder,M,17,A,MAGENTA,N,NE,N
17335,1371.3,N,Elder,M,16,D,BROWN,S,SW,N
17336,762.15,N,Elder,M,17,B,INDIGO,S,SE,N
17337,886.19,N,Elder,M,20,A,PURPLE,M,MW,N
17338,1029.93,Y,Elder,M,22,B,MAGENTA,N,NW,N
17339,1342.13,Y,Elder,M,23,C,BROWN,M,MW,Y
17340,706.63,N,Elder,F,14,B,BROWN,N,NE,Y
17341,1052.66,N,Elder,M,15,C,MAGENTA,M,MW,Y
17342,356.47,N,Elder,F,14,A,BROWN,S,SE,Y
17343,1735.69,Y,Elder,F,13,C,INDIGO,N,NE,Y
17344,884.51,N,Elder,M,16,B,INDIGO,N,NW,N
17345,556.65,N,Elder,M,16,A,BROWN,S,SE,N
17346,1295.66,N,Elder,M,18,C,INDIGO,M,MW,N
17347,1100.25,N,Elder,F,15,C,INDIGO,M,ME,Y
17348,1303.12,N,Elder,M,19,C,INDIGO,N,NE,Y
17349,669.74,N,Elder,M,15,A,INDIGO,N,NE,N
17350,863.05,N,Elder,M,15,B,BROWN,M,MW,Y
17351,1020.66,N,Elder,M,21,B,MAGENTA,M,ME,N
17352,685.22,N,Elder,M,16,B,MAGENTA,S,SW,N
17353,817.82,Y,Elder,M,15,B,BROWN,M,ME,Y
17354,794.37,N,Elder,M,14,B,INDIGO,N,NW,N
17355,939.38,N,Elder,M,16,C,BROWN,M,MW,Y
17356,707.69,N,Elder,M,17,B,BROWN,N,NE,N
17357,426.21,N,Elder,M,16,A,BROWN,N,NE,Y
17358,514.08,N,Elder,M,18,A,BROWN,N,NE,Y
17359,956.86,N,Elder,M,19,B,BROWN,M,ME,Y
17360,1290.84,N,Elder,F,17,A,BROWN,M,ME,Y
17361,914.74,Y,Elder,F,19,B,BROWN,M,MW,Y
17362,937.37,Y,Elder,M,16,C,INDIGO,N,NW,N
17363,601.14,N,Elder,F,16,A,BROWN,N,NW,N
17364,668.04,N,Elder,M,16,B,BROWN,N,NE,N
17365,678.91,N,Elder,M,14,A,MAGENTA,S,SW,N
17366,391.63,N,Elder,M,15,A,PURPLE,N,NE,N
17367,1648.35,N,Elder,M,18,D,BROWN,N,NE,Y
17368,352.84,N,Young,M,14,A,INDIGO,N,NW,Y
17369,1099.97,N,Elder,F,19,B,INDIGO,S,SE,Y
17370,361.62,N,Elder,M,15,A,MAGENTA,N,NE,Y
17371,609.18,Y,Young,F,18,A,INDIGO,S,SW,Y
17372,1178.67,N,Elder,M,19,C,BROWN,N,NW,Y
17373,1278.93,Y,Elder,M,16,D,INDIGO,M,ME,Y
17374,1042.28,Y,Elder,M,15,C,BROWN,N,NE,Y
17375,1224.46,N,Elder,F,18,B,INDIGO,N,NW,Y
17376,691.17,Y,Elder,M,13,B,BROWN,N,NW,Y
17377,776.45,N,Elder,F,18,B,PURPLE,M,MW,N
17378,1518.77,N,Elder,M,18,C,INDIGO,S,SW,N
17379,473.46,N,Elder,F,12,B,INDIGO,S,SW,Y
17380,692.7,N,Elder,M,15,B,BROWN,M,ME,Y
17381,445.89,N,Elder,F,11,B,BROWN,S,SW,N
17382,920.11,N,Elder,M,18,B,BROWN,S,SW,N
17383,789.63,N,Elder,F,15,A,INDIGO,N,NW,Y
17384,384.75,N,Elder,F,15,A,INDIGO,S,SE,N
17385,824.54,N,Elder,M,18,A,INDIGO,M,MW,N
17386,889.41,N,Elder,M,20,B,INDIGO,N,NE,Y
17387,977.27,N,Elder,M,19,B,PURPLE,N,NW,N
17388,776.93,N,Elder,F,17,B,INDIGO,M,MW,Y
17389,540.2,N,Elder,M,15,A,MAGENTA,N,NW,N
17390,831.55,N,Elder,F,13,A,INDIGO,S,SE,Y
17391,752.27,N,Elder,M,16,B,PURPLE,N,NE,N
17392,805.29,Y,Young,F,13,C,INDIGO,M,ME,Y
17393,978.23,N,Elder,M,21,B,BROWN,N,NW,Y
17394,844.08,N,Elder,F,13,A,BROWN,M,MW,Y
17395,1033.04,N,Elder,F,18,A,INDIGO,N,NW,N
17396,1558.41,N,Elder,M,21,B,INDIGO,N,NE,Y
17397,316.81,N,Elder,F,13,A,INDIGO,N,NE,Y
17398,391.46,N,Elder,F,13,A,INDIGO,S,SW,Y
17399,858.77,N,Elder,F,12,C,BROWN,M,ME,Y
17400,774.22,N,Elder,M,13,C,BROWN,M,ME,Y
17401,980.39,N,Elder,F,20,B,BROWN,S,SW,Y
17402,942.9,N,Elder,M,16,C,MAGENTA,M,ME,N
17403,833.24,N,Elder,F,16,B,BROWN,N,NW,Y
17404,697.93,N,Elder,M,11,C,BROWN,S,SE,Y
17405,1086.94,N,Elder,F,13,D,BROWN,S,SE,Y
17406,891.09,N,Elder,F,20,B,MAGENTA,S,SE,N
17407,1606.6,N,Elder,M,20,D,BROWN,M,MW,N
17408,1104.22,N,Elder,M,18,C,BROWN,N,NE,N
17409,903.79,N,Elder,M,20,B,MAGENTA,S,SE,N
17410,889.8,Y,Young,M,20,B,BROWN,M,ME,N
17411,1226.86,N,Elder,M,16,C,BROWN,N,NW,N
17412,719.82,N,Elder,M,20,A,MAGENTA,N,NE,N
17413,932.96,N,Elder,M,17,B,MAGENTA,M,MW,N
17414,854.24,N,Elder,M,22,A,INDIGO,N,NW,N
17415,1447.16,N,Elder,M,19,D,MAGENTA,N,NE,Y
17416,763.29,N,Elder,M,15,B,MAGENTA,M,MW,Y
17417,392.74,N,Elder,M,15,A,PURPLE,M,ME,N
17418,801.73,N,Elder,F,17,B,INDIGO,S,SE,N
17419,1070.66,N,Elder,M,16,B,INDIGO,S,SE,Y
17420,954.26,N,Elder,M,15,C,MAGENTA,S,SW,Y
17421,681.97,N,Elder,M,19,A,BROWN,N,NW,Y
17422,983.31,N,Elder,M,17,C,INDIGO,M,ME,N
17423,387.22,N,Elder,M,16,A,MAGENTA,M,ME,Y
17424,616.77,N,Elder,M,16,A,INDIGO,N,NW,N
17425,487.23,N,Elder,F,16,A,INDIGO,N,NE,N
17426,1083.51,N,Elder,F,20,B,PURPLE,S,SE,N
17427,1170.08,N,Elder,F,16,C,MAGENTA,N,NE,N
17428,676.43,N,Elder,M,16,B,BROWN,S,SE,N
17429,773.46,N,Elder,M,18,B,BROWN,M,MW,Y
17430,184.93,N,Elder,F,12,A,INDIGO,N,NE,N
17431,133.56,Y,Young,M,11,A,INDIGO,S,SW,Y
17432,362.16,Y,Elder,F,13,A,INDIGO,M,ME,Y
17433,687.21,N,Elder,M,15,B,MAGENTA,M,MW,N
17434,1025.24,Y,Elder,M,20,B,INDIGO,N,NE,Y
17435,280.6,N,Elder,M,14,A,INDIGO,N,NW,N
17436,640.81,N,Young,M,15,B,MAGENTA,N,NW,N
17437,1430.79,N,Elder,M,19,B,INDIGO,N,NW,N
17438,698.35,N,Elder,M,19,A,BROWN,M,ME,Y
17439,437.73,N,Elder,F,15,A,BROWN,M,MW,N
17440,421.54,N,Elder,M,16,A,INDIGO,M,ME,N
17441,375.73,N,Elder,F,13,A,BROWN,S,SE,N
17442,960.5,N,Elder,M,19,A,BROWN,M,MW,Y
17443,569.59,N,Elder,F,14,B,PURPLE,N,NW,N
17444,447.06,N,Elder,M,12,B,BROWN,N,NE,N
17445,1049.33,Y,Elder,F,16,B,BROWN,N,NW,Y
17446,991.41,Y,Elder,M,14,C,MAGENTA,S,SE,N
17447,679.31,N,Young,F,14,A,MAGENTA,N,NW,Y
17448,1272.65,N,Elder,M,22,C,MAGENTA,N,NW,N
17449,1234.34,N,Elder,M,16,C,BROWN,N,NW,Y
17450,920.06,N,Elder,F,15,C,INDIGO,M,MW,N
17451,477,N,Elder,F,16,A,MAGENTA,N,NW,N
17452,550.58,N,Elder,M,13,B,BROWN,S,SW,Y
17453,715.56,N,Elder,F,16,B,INDIGO,N,NW,Y
17454,114.99,Y,Elder,M,11,A,BROWN,M,ME,Y
17455,880.78,N,Elder,M,16,A,BROWN,N,NW,N
17456,640.14,N,Elder,M,14,B,BROWN,N,NW,Y
17457,719.07,N,Elder,M,14,B,PURPLE,N,NW,N
17458,604.49,N,Elder,F,20,A,MAGENTA,N,NE,N
17459,937.95,N,Elder,M,17,B,BROWN,M,ME,N
17460,1158.8,N,Elder,F,13,C,BROWN,N,NW,Y
17461,1360.77,N,Elder,F,20,C,BROWN,N,NW,Y
17462,576.17,N,Elder,M,19,A,BROWN,S,SE,N
17463,639.9,N,Elder,F,15,B,BROWN,S,SE,N
17464,536.96,N,Elder,M,18,A,INDIGO,S,SE,Y
17465,958.97,N,Elder,M,16,C,BROWN,N,NW,Y
17466,1229.53,N,Elder,M,15,C,INDIGO,N,NW,N
17467,616.58,N,Elder,F,15,B,INDIGO,N,NW,Y
17468,410.26,N,Elder,F,14,A,BROWN,N,NE,N
17469,979.14,N,Elder,F,21,B,BROWN,N,NW,Y
17470,944.24,N,Elder,F,14,C,MAGENTA,M,ME,Y
17471,292.67,N,Elder,M,14,A,MAGENTA,N,NE,Y
17472,438.58,Y,Elder,F,17,A,INDIGO,S,SW,Y
17473,387.52,N,Elder,M,16,A,INDIGO,S,SW,N
17474,360.67,N,Elder,M,15,A,PURPLE,M,MW,N
17475,859.68,Y,Elder,M,18,B,BROWN,S,SE,Y
17476,1157.67,N,Elder,F,16,C,INDIGO,M,ME,N
17477,702.82,N,Elder,M,14,B,MAGENTA,N,NE,Y
17478,515.96,N,Elder,F,17,A,BROWN,N,NE,N
17479,1303.65,N,Elder,M,18,B,MAGENTA,S,SW,Y
17480,533.74,N,Elder,F,16,A,MAGENTA,M,MW,N
17481,966.65,N,Elder,F,15,C,INDIGO,N,NW,Y
17482,388.75,N,Elder,F,16,A,PURPLE,N,NE,N
17483,747.27,N,Elder,M,21,A,BROWN,N,NW,Y
17484,830.71,N,Elder,M,13,B,BROWN,S,SE,Y
17485,1083.22,N,Elder,F,18,C,BROWN,S,SW,Y
17486,270.78,N,Elder,F,13,A,BROWN,S,SE,Y
17487,1119.81,N,Elder,M,21,B,BROWN,S,SW,Y
17488,907.87,N,Elder,M,17,B,PURPLE,N,NE,N
17489,1101.31,Y,Elder,M,17,C,MAGENTA,N,NE,Y
17490,711.33,N,Elder,F,16,B,BROWN,S,SW,Y
17491,611.59,N,Elder,M,18,A,INDIGO,M,MW,N
17492,455.06,N,Elder,F,16,A,INDIGO,S,SW,Y
17493,540.57,N,Elder,F,17,A,INDIGO,S,SE,N
17494,464.2,N,Elder,F,12,B,INDIGO,M,MW,N
17495,726.64,N,Elder,F,17,B,INDIGO,S,SW,N
17496,855.76,N,Elder,M,14,C,BROWN,S,SE,N
17497,1350.17,Y,Elder,F,16,C,INDIGO,N,NW,Y
17498,764.77,N,Elder,M,17,B,INDIGO,M,MW,N
17499,800.29,N,Elder,M,17,B,MAGENTA,M,ME,N
17500,859.35,N,Elder,M,19,B,BROWN,S,SE,Y
17501,354.43,N,Elder,M,14,A,BROWN,M,ME,Y
17502,386.11,N,Elder,M,16,A,INDIGO,N,NE,N
17503,706.85,N,Elder,M,16,A,MAGENTA,M,ME,N
17504,433.77,N,Elder,M,15,A,INDIGO,M,ME,Y
17505,427.32,Y,Young,M,15,A,INDIGO,S,SE,Y
17506,1372.14,N,Elder,F,11,D,MAGENTA,S,SW,N
17507,1472.08,N,Elder,M,20,C,MAGENTA,M,MW,N
17508,1053,N,Elder,M,21,B,INDIGO,M,MW,Y
17509,961.25,N,Elder,F,11,B,BROWN,M,MW,Y
17510,702.22,N,Elder,F,15,A,MAGENTA,N,NW,N
17511,958.84,N,Elder,M,20,B,BROWN,M,MW,Y
17512,504.23,N,Elder,M,15,A,BROWN,M,ME,Y
17513,623.99,Y,Elder,M,15,B,INDIGO,N,NW,Y
17514,851.75,N,Elder,M,14,B,INDIGO,N,NW,Y
17515,905.12,N,Young,M,13,B,BROWN,N,NW,Y
17516,959.7,N,Elder,F,20,B,INDIGO,M,ME,Y
17517,481.36,N,Elder,F,16,A,INDIGO,M,MW,N
17518,673.16,Y,Young,F,13,B,INDIGO,N,NE,Y
17519,1066.82,N,Elder,F,16,B,PURPLE,N,NW,N
17520,919.62,N,Elder,M,18,B,INDIGO,N,NE,Y
17521,1468.98,N,Elder,M,18,C,INDIGO,N,NW,N
17522,487.13,N,Elder,F,17,A,INDIGO,M,ME,N
17523,283.85,N,Elder,M,14,A,BROWN,N,NW,N
17524,677.58,N,Elder,M,20,A,INDIGO,N,NE,Y
17525,1062.69,N,Young,M,10,B,BROWN,M,MW,Y
17526,876.68,N,Elder,M,15,C,INDIGO,M,MW,N
17527,864.73,N,Elder,M,17,B,BROWN,S,SE,Y
17528,234.56,N,Elder,M,13,A,BROWN,N,NE,Y
17529,605.81,N,Elder,M,15,B,BROWN,M,ME,Y
17530,902.65,N,Elder,M,12,C,INDIGO,N,NE,Y
17531,1646.51,N,Elder,F,18,D,PURPLE,N,NE,N
17532,1207.64,N,Elder,M,20,C,INDIGO,N,NE,N
17533,948.73,N,Elder,F,19,A,BROWN,M,ME,Y
17534,806.29,N,Elder,F,18,B,MAGENTA,S,SE,N
17535,1038.25,N,Elder,M,20,B,BROWN,M,ME,N
17536,917.81,N,Elder,M,17,B,INDIGO,S,SW,Y
17537,1061.17,Y,Young,F,19,A,BROWN,N,NW,Y
17538,1525.47,N,Elder,M,15,A,MAGENTA,N,NW,Y
17539,1118.36,N,Elder,M,17,B,BROWN,N,NE,N
17540,1207.82,N,Elder,M,21,C,INDIGO,N,NW,Y
17541,1565.49,N,Elder,M,22,D,BROWN,N,NE,Y
17542,662.45,N,Elder,F,16,B,INDIGO,N,NW,N
17543,922.37,N,Elder,F,18,B,BROWN,N,NE,Y
17544,522.97,N,Elder,F,16,A,PURPLE,S,SW,N
17545,1130.4,N,Elder,M,18,C,BROWN,M,MW,Y
17546,994.29,N,Elder,F,12,C,PURPLE,N,NE,N
17547,594.81,N,Elder,F,12,B,INDIGO,S,SE,N
17548,237.2,N,Elder,M,13,A,PURPLE,M,MW,N
17549,1100.06,N,Elder,F,18,C,BROWN,N,NW,Y
17550,345.97,Y,Elder,F,14,A,BROWN,N,NW,Y
17551,620.29,N,Elder,M,20,A,BROWN,N,NW,Y
17552,882.54,N,Elder,M,19,B,INDIGO,N,NW,Y
17553,594.32,Y,Young,M,14,B,BROWN,S,SE,Y
17554,675.25,N,Elder,M,16,B,INDIGO,S,SE,N
17555,728.25,N,Elder,F,15,B,BROWN,M,ME,Y
17556,1233.39,N,Elder,M,20,C,MAGENTA,S,SE,Y
17557,737.29,N,Elder,M,17,B,MAGENTA,N,NE,N
17558,899.4,N,Elder,M,16,B,BROWN,M,ME,Y
17559,647.05,N,Elder,F,14,B,MAGENTA,M,MW,N
17560,1030.79,N,Elder,F,16,C,INDIGO,S,SW,Y
17561,1072.87,N,Elder,F,17,C,BROWN,N,NE,Y
17562,787.07,N,Elder,M,13,C,BROWN,N,NE,Y
17563,1550.15,Y,Elder,F,19,C,BROWN,S,SW,Y
17564,343.49,N,Elder,M,15,A,PURPLE,N,NW,N
17565,194.83,Y,Young,M,12,A,BROWN,N,NW,N
17566,709.76,N,Elder,F,17,B,BROWN,S,SE,Y
17567,395.82,N,Elder,F,16,A,PURPLE,M,ME,N
17568,804.35,N,Elder,M,15,B,INDIGO,N,NW,Y
17569,827.97,N,Elder,M,17,B,INDIGO,M,MW,N
17570,1046.05,N,Elder,M,15,B,PURPLE,M,MW,N
17571,1519.71,N,Elder,F,15,C,INDIGO,S,SE,N
17572,1014.97,N,Elder,M,16,C,BROWN,M,ME,N
17573,679.69,Y,Elder,F,15,B,INDIGO,M,MW,Y
17574,727.52,N,Elder,M,22,A,BROWN,M,MW,N
17575,793.31,N,Elder,M,12,B,INDIGO,M,ME,N
17576,585.68,N,Elder,F,15,A,BROWN,S,SE,Y
17577,1305.94,N,Elder,M,17,B,BROWN,N,NW,N
17578,1169.17,N,Elder,M,24,B,BROWN,S,SE,Y
17579,812.28,N,Elder,M,15,A,INDIGO,S,SW,N
17580,1413.38,N,Elder,F,18,C,MAGENTA,M,MW,N
17581,674.66,N,Elder,M,16,B,BROWN,M,MW,Y
17582,1015.4,N,Elder,M,18,B,PURPLE,N,NE,N
17583,515.18,N,Elder,F,14,A,INDIGO,M,MW,N
17584,783.52,N,Elder,M,16,B,INDIGO,N,NE,N
17585,849.5,N,Elder,F,18,B,BROWN,N,NE,N
17586,764.3,Y,Elder,M,18,B,INDIGO,M,ME,Y
17587,1039.55,N,Elder,F,18,C,BROWN,N,NE,Y
17588,943.02,N,Elder,M,18,B,MAGENTA,M,ME,N
17589,780.13,N,Elder,M,14,B,BROWN,S,SE,Y
17590,1153.34,N,Elder,F,17,C,MAGENTA,M,ME,N
17591,1621.15,N,Elder,M,15,D,INDIGO,M,ME,N
17592,1405.38,N,Elder,M,18,B,BROWN,S,SE,N
17593,1065.65,N,Elder,F,13,D,BROWN,S,SW,Y
17594,2238.56,N,Elder,M,18,D,INDIGO,M,ME,Y
17595,503.89,N,Elder,M,15,A,BROWN,M,MW,Y
17596,2415,N,Elder,M,17,D,BROWN,M,MW,Y
17597,1179.6,N,Elder,M,20,C,MAGENTA,S,SW,N
17598,479.31,N,Elder,F,17,A,PURPLE,N,NW,N
17599,652.24,N,Elder,M,18,A,BROWN,M,ME,Y
17600,1166.66,Y,Elder,M,19,C,BROWN,S,SE,Y
17601,421.75,N,Elder,F,14,A,BROWN,N,NW,N
17602,425,N,Elder,M,16,A,INDIGO,N,NW,N
17603,708.45,N,Elder,M,18,A,INDIGO,S,SW,N
17604,743.08,N,Elder,F,12,B,INDIGO,N,NW,N
17605,1106.68,N,Elder,M,19,C,INDIGO,M,MW,Y
17606,1425.32,Y,Elder,M,14,C,INDIGO,S,SW,Y
17607,323.51,N,Elder,M,13,A,MAGENTA,S,SW,Y
17608,765.32,N,Elder,F,17,B,INDIGO,N,NW,N
17609,244.47,N,Elder,F,13,A,BROWN,M,MW,Y
17610,745.01,N,Elder,F,16,B,BROWN,S,SE,Y
17611,984.36,N,Elder,M,17,B,INDIGO,N,NW,N
17612,610.11,N,Elder,F,17,A,BROWN,M,MW,N
17613,743.36,N,Elder,F,17,B,MAGENTA,M,ME,N
17614,238.9,N,Elder,F,12,A,BROWN,M,ME,Y
17615,937.47,N,Young,M,18,B,INDIGO,M,ME,N
17616,1170.47,N,Elder,M,18,B,INDIGO,S,SW,N
17617,773.02,Y,Elder,M,14,B,INDIGO,M,ME,Y
17618,713.37,N,Elder,M,16,B,MAGENTA,N,NW,N
17619,1408.12,N,Elder,F,19,C,BROWN,N,NE,N
17620,707.58,N,Elder,M,22,A,BROWN,S,SE,Y
17621,833.73,N,Elder,M,18,B,BROWN,N,NE,Y
17622,467.42,N,Elder,F,16,A,BROWN,N,NE,Y
17623,955.66,N,Elder,M,15,C,INDIGO,M,ME,N
17624,756.95,N,Elder,M,15,B,INDIGO,S,SE,N
17625,952.62,N,Elder,M,16,B,INDIGO,S,SW,N
17626,1553.85,N,Elder,M,18,B,BROWN,M,ME,N
17627,592.14,Y,Elder,M,14,B,MAGENTA,M,ME,N
17628,478.18,N,Elder,F,10,B,MAGENTA,N,NW,N
17629,1176.86,N,Elder,M,16,C,BROWN,M,MW,N
17630,884.53,N,Elder,M,15,C,BROWN,N,NE,Y
17631,1626.82,N,Elder,M,14,C,MAGENTA,N,NE,Y
17632,627.57,N,Elder,M,15,B,BROWN,S,SW,Y
17633,539.11,N,Elder,F,11,B,BROWN,N,NW,N
17634,926.11,Y,Young,M,15,C,BROWN,N,NW,N
17635,1461.83,N,Elder,F,18,D,INDIGO,N,NW,Y
17636,309.39,N,Elder,F,14,A,MAGENTA,M,ME,N
17637,657.91,N,Elder,F,17,A,BROWN,N,NW,Y
17638,387.71,N,Elder,F,16,A,BROWN,M,ME,Y
17639,617.52,N,Elder,F,13,B,BROWN,M,MW,Y
17640,497.25,Y,Elder,F,17,A,BROWN,N,NW,Y
17641,569.97,N,Elder,M,16,A,MAGENTA,M,MW,N
17642,255.69,N,Elder,F,13,A,INDIGO,N,NW,N
17643,1432.03,N,Elder,M,15,C,PURPLE,M,MW,N
17644,981.74,N,Elder,M,17,C,INDIGO,M,ME,N
17645,954.33,N,Young,M,17,A,PURPLE,M,MW,N
17646,1228.27,N,Elder,F,20,B,BROWN,S,SW,Y
17647,1384.28,N,Elder,F,24,C,BROWN,M,ME,N
17648,1072.34,N,Elder,M,21,B,INDIGO,S,SW,Y
17649,751.99,N,Elder,F,17,B,BROWN,N,NE,Y
17650,843.98,N,Elder,F,14,C,BROWN,N,NW,N
17651,706.32,N,Elder,F,11,B,MAGENTA,N,NW,N
17652,1035.17,N,Elder,M,18,C,MAGENTA,M,ME,Y
17653,642.87,N,Elder,M,20,A,MAGENTA,N,NE,N
17654,394.44,N,Elder,F,15,A,MAGENTA,M,ME,N
17655,826.53,N,Elder,F,13,C,INDIGO,M,ME,Y
17656,2584.54,N,Elder,M,18,B,PURPLE,N,NE,N
17657,343.98,Y,Elder,M,15,A,INDIGO,M,ME,Y
17658,904.62,N,Elder,F,15,C,BROWN,M,MW,Y
17659,690.37,N,Elder,M,21,A,BROWN,S,SE,Y
17660,685.35,N,Young,F,14,B,INDIGO,N,NW,Y
17661,731.96,N,Elder,M,17,B,MAGENTA,N,NE,Y
17662,838.11,Y,Elder,F,14,C,BROWN,N,NW,Y
17663,925.57,N,Elder,M,19,B,INDIGO,M,ME,N
17664,789.52,N,Elder,M,20,A,BROWN,N,NW,Y
17665,643.31,N,Elder,F,14,B,INDIGO,M,MW,N
17666,927.08,N,Elder,M,17,B,BROWN,S,SW,Y
17667,904.62,N,Elder,M,14,C,MAGENTA,S,SE,N
17668,877.28,N,Elder,M,18,B,INDIGO,N,NE,N
17669,625.1,N,Young,M,19,A,BROWN,S,SW,Y
17670,1280.6,N,Young,M,16,D,BROWN,M,MW,Y
17671,366.24,N,Elder,M,15,A,MAGENTA,M,MW,Y
17672,1214.42,N,Young,M,16,D,INDIGO,S,SE,Y
17673,1061.93,Y,Elder,F,18,C,INDIGO,M,MW,Y
17674,1066.07,N,Elder,F,17,A,BROWN,N,NW,Y
17675,683.64,N,Young,F,14,B,INDIGO,N,NW,N
17676,817.52,N,Elder,M,16,B,BROWN,M,MW,N
17677,1110.83,N,Elder,M,19,A,INDIGO,M,MW,N
17678,1385.88,Y,Elder,M,17,D,BROWN,M,ME,Y
17679,1136.13,N,Elder,M,24,A,PURPLE,N,NE,N
17680,713.33,N,Elder,M,17,B,INDIGO,M,MW,N
17681,332.52,N,Elder,M,15,A,BROWN,N,NE,N
17682,977.49,N,Elder,M,19,B,INDIGO,M,ME,Y
17683,630.13,N,Elder,M,15,A,PURPLE,N,NE,N
17684,1275.96,N,Elder,F,15,D,BROWN,M,MW,Y
17685,433.21,N,Elder,M,16,A,MAGENTA,M,ME,N
17686,1511.48,N,Elder,F,17,B,BROWN,S,SE,Y
17687,483.9,N,Elder,F,16,A,INDIGO,S,SE,Y
17688,477.21,N,Elder,F,12,A,BROWN,M,ME,Y
17689,1168.07,N,Elder,F,15,C,PURPLE,S,SE,N
17690,2074.69,N,Elder,M,14,D,INDIGO,M,MW,Y
17691,848.51,N,Elder,F,13,C,BROWN,S,SW,Y
17692,617.87,N,Elder,M,15,B,INDIGO,N,NW,Y
17693,766.64,N,Elder,M,16,A,MAGENTA,N,NE,N
17694,446.98,N,Elder,F,11,B,BROWN,M,ME,N
17695,1006.72,N,Elder,F,19,B,INDIGO,S,SW,N
17696,408.51,N,Elder,F,15,A,BROWN,N,NE,N
17697,659.92,Y,Elder,F,14,B,BROWN,N,NE,Y
17698,932.28,Y,Young,F,13,C,BROWN,M,MW,Y
17699,1156.46,N,Elder,M,17,C,BROWN,M,MW,N
17700,520.98,N,Elder,M,14,A,MAGENTA,N,NW,N
17701,1077.26,N,Elder,M,18,C,PURPLE,S,SW,N
17702,773.53,N,Young,M,18,B,INDIGO,M,ME,N
17703,1173.22,N,Elder,F,14,C,INDIGO,S,SW,N
17704,522.56,N,Elder,M,18,A,BROWN,M,MW,N
17705,1150.92,N,Elder,F,14,B,BROWN,N,NW,Y
17706,850.09,N,Young,F,14,A,INDIGO,N,NE,N
17707,707.92,N,Elder,M,17,B,PURPLE,N,NE,N
17708,257.17,N,Elder,M,13,A,INDIGO,M,ME,Y
17709,901.8,N,Elder,M,18,B,INDIGO,M,ME,N
17710,1015.7,N,Elder,M,18,A,INDIGO,N,NW,Y
17711,806.5,N,Elder,F,18,B,MAGENTA,M,MW,Y
17712,611.52,N,Elder,F,13,B,INDIGO,M,MW,N
17713,956.7,N,Elder,M,15,B,BROWN,N,NW,Y
17714,1022.73,N,Elder,M,22,B,BROWN,N,NW,N
17715,842.24,N,Elder,M,14,B,INDIGO,M,MW,N
17716,448.77,N,Elder,F,17,A,BROWN,M,MW,Y
17717,1007.66,N,Elder,M,22,B,BROWN,N,NE,Y
17718,1110.61,N,Elder,M,24,B,BROWN,N,NE,Y
17719,1129.96,N,Elder,M,14,B,BROWN,M,ME,N
17720,788.16,N,Elder,M,17,B,BROWN,M,MW,Y
17721,651.81,N,Elder,F,17,A,BROWN,N,NE,Y
17722,453.88,N,Elder,M,17,A,BROWN,N,NE,N
17723,1082.94,N,Elder,M,13,D,INDIGO,N,NW,N
17724,1124.72,Y,Elder,F,16,C,INDIGO,N,NE,Y
17725,1114.71,N,Elder,F,19,B,BROWN,S,SE,Y
17726,721.91,N,Elder,M,16,B,BROWN,N,NE,Y
17727,675.46,N,Elder,M,16,B,INDIGO,M,MW,Y
17728,485.11,N,Elder,F,16,A,MAGENTA,M,ME,N
17729,775.37,N,Elder,F,10,C,INDIGO,M,ME,N
17730,543.85,N,Elder,F,12,B,INDIGO,M,MW,N
17731,1073.58,N,Elder,M,15,A,INDIGO,M,ME,N
17732,759.81,N,Elder,M,17,B,INDIGO,M,MW,N
17733,528.11,N,Elder,F,15,A,BROWN,M,MW,N
17734,654.68,N,Elder,M,14,B,MAGENTA,N,NW,N
17735,1512.76,N,Elder,F,18,D,INDIGO,N,NW,Y
17736,300.07,N,Elder,M,14,A,MAGENTA,M,ME,N
17737,311.55,Y,Elder,F,13,A,INDIGO,N,NW,Y
17738,811.61,N,Elder,F,13,C,BROWN,N,NE,Y
17739,848.51,Y,Elder,F,14,C,INDIGO,M,ME,Y
17740,1341.84,N,Elder,F,19,C,MAGENTA,M,MW,N
17741,1270.49,N,Elder,F,19,C,BROWN,M,ME,Y
17742,1216.93,N,Elder,F,21,C,MAGENTA,S,SW,Y
17743,663.5,N,Elder,M,18,A,INDIGO,S,SE,Y
17744,625.99,N,Elder,F,14,B,BROWN,M,ME,Y
17745,493.91,Y,Elder,M,13,B,MAGENTA,M,ME,N
17746,644.24,N,Elder,F,15,B,INDIGO,M,ME,Y
17747,1409.17,N,Elder,F,16,B,BROWN,M,ME,Y
17748,947.6,N,Elder,F,19,A,MAGENTA,M,MW,N
17749,300.36,Y,Elder,M,13,A,BROWN,N,NW,Y
17750,834.47,N,Elder,F,18,B,MAGENTA,S,SW,N
17751,1216.42,N,Elder,M,15,B,MAGENTA,S,SW,N
17752,856.44,N,Elder,M,14,C,MAGENTA,S,SE,Y
17753,178.21,N,Elder,M,10,A,MAGENTA,N,NE,N
17754,524.46,N,Young,M,12,B,INDIGO,S,SW,N
17755,764.06,N,Elder,M,17,B,BROWN,M,MW,N
17756,715.5,N,Elder,M,16,A,INDIGO,N,NE,N
17757,698.4,N,Elder,M,15,B,INDIGO,M,ME,N
17758,873.38,N,Elder,M,13,B,INDIGO,N,NW,N
17759,528.34,N,Elder,M,18,A,INDIGO,M,MW,N
17760,1171.33,N,Young,F,17,B,BROWN,N,NW,Y
17761,742.41,N,Elder,M,15,B,MAGENTA,N,NW,Y
17762,883.53,N,Elder,F,14,C,INDIGO,N,NE,Y
17763,1066.33,N,Elder,M,18,C,BROWN,N,NE,Y
17764,1220.15,N,Elder,F,19,C,BROWN,N,NW,Y
17765,1000.81,N,Elder,M,17,C,MAGENTA,S,SW,N
17766,502.05,N,Young,M,13,B,MAGENTA,M,MW,N
17767,738.13,N,Elder,F,16,B,BROWN,N,NW,N
17768,523.48,N,Elder,F,18,A,MAGENTA,S,SE,N
17769,335.01,N,Elder,F,15,A,BROWN,M,MW,Y
17770,824.43,N,Elder,M,14,C,BROWN,N,NE,Y
17771,499.45,N,Young,M,18,A,INDIGO,M,ME,N
17772,1214.37,N,Elder,M,18,C,BROWN,N,NW,Y
17773,1269.31,N,Elder,M,17,D,INDIGO,N,NW,N
17774,1023.15,Y,Elder,M,14,C,INDIGO,M,MW,Y
17775,555.14,N,Elder,F,19,A,INDIGO,S,SE,Y
17776,810.74,N,Elder,M,19,A,PURPLE,M,ME,N
17777,668.85,N,Elder,F,14,B,MAGENTA,N,NE,N
17778,1266.58,Y,Young,M,17,C,BROWN,M,MW,Y
17779,673.52,N,Elder,M,21,A,BROWN,M,MW,Y
17780,645.67,N,Elder,F,15,B,BROWN,S,SW,N
17781,681.51,Y,Young,M,18,A,INDIGO,N,NE,Y
17782,462.65,N,Elder,F,14,A,BROWN,N,NW,Y
17783,635.31,N,Elder,M,15,B,BROWN,M,ME,Y
17784,914.49,Y,Elder,F,18,B,BROWN,S,SE,N
17785,1352.38,N,Elder,M,19,B,INDIGO,N,NE,N
17786,762.18,N,Elder,F,12,C,INDIGO,N,NE,Y
17787,1127.45,N,Elder,M,22,B,INDIGO,N,NE,N
17788,554.88,N,Elder,F,14,B,MAGENTA,S,SE,N
17789,999.87,N,Young,F,18,B,INDIGO,M,ME,N
17790,320.72,N,Elder,M,14,A,BROWN,N,NW,Y
17791,1534.72,N,Elder,F,17,A,BROWN,N,NE,Y
17792,2003.73,N,Elder,M,13,C,BROWN,N,NE,Y
17793,439.39,N,Elder,F,15,A,BROWN,M,MW,Y
17794,510.83,N,Young,M,16,A,BROWN,N,NW,Y
17795,834.45,N,Elder,F,18,B,MAGENTA,S,SW,N
17796,1015.6,N,Elder,F,16,C,INDIGO,S,SW,Y
17797,1475.26,Y,Elder,M,20,D,MAGENTA,M,ME,N
17798,976.17,N,Elder,M,21,A,BROWN,S,SE,Y
17799,1200.97,N,Elder,F,20,C,MAGENTA,N,NE,N
17800,670.57,N,Elder,F,14,B,BROWN,M,ME,Y
17801,856.11,N,Elder,F,16,B,INDIGO,S,SE,Y
17802,291.53,N,Elder,M,14,A,INDIGO,N,NW,N
17803,1153.57,Y,Elder,F,19,C,INDIGO,N,NW,N
17804,608.98,N,Elder,M,15,B,BROWN,M,ME,Y
17805,461.08,Y,Elder,M,17,A,BROWN,N,NW,Y
17806,594.34,N,Elder,F,14,B,MAGENTA,N,NW,N
17807,1610.99,N,Elder,M,23,D,MAGENTA,M,MW,N
17808,658.14,N,Elder,F,13,B,BROWN,N,NE,Y
17809,582.65,N,Elder,M,17,A,INDIGO,M,MW,N
17810,612.22,N,Elder,F,13,B,BROWN,M,MW,Y
17811,1217.06,N,Elder,M,17,C,BROWN,M,ME,Y
17812,554.3,N,Elder,M,17,A,MAGENTA,N,NW,N
17813,927.97,N,Elder,M,15,C,BROWN,S,SE,N
17814,885.45,Y,Elder,F,18,B,INDIGO,N,NW,Y
17815,241.47,N,Elder,M,13,A,BROWN,N,NW,Y
17816,1092.77,N,Elder,M,17,C,INDIGO,N,NE,Y
17817,349.84,N,Young,F,11,A,INDIGO,S,SW,Y
17818,895.53,N,Elder,M,15,B,INDIGO,S,SW,Y
17819,280.01,N,Elder,F,14,A,BROWN,N,NW,Y
17820,637.96,N,Elder,M,15,B,BROWN,N,NW,N
17821,340.8,N,Elder,M,15,A,INDIGO,N,NE,Y
17822,840.35,N,Elder,M,19,B,INDIGO,N,NE,Y
17823,1268.54,N,Elder,M,16,D,BROWN,M,ME,Y
17824,907.31,N,Elder,M,17,B,MAGENTA,N,NE,N
17825,927.07,N,Elder,F,15,A,BROWN,S,SE,Y
17826,918.07,N,Elder,M,14,C,INDIGO,M,ME,Y
17827,1080.96,N,Elder,M,21,B,INDIGO,M,MW,N
17828,657.97,N,Elder,M,17,A,BROWN,N,NE,Y
17829,755.08,N,Elder,M,17,B,MAGENTA,N,NE,N
17830,599.77,N,Elder,M,15,B,INDIGO,S,SE,N
17831,1058.27,N,Elder,M,15,C,INDIGO,N,NE,N
17832,471.99,N,Elder,F,15,A,BROWN,S,SW,Y
17833,365.39,N,Elder,M,15,A,INDIGO,M,MW,Y
17834,480.49,N,Elder,F,16,A,INDIGO,M,MW,N
17835,785.84,N,Elder,F,17,B,INDIGO,S,SE,N
17836,875.04,N,Elder,F,15,C,MAGENTA,S,SE,Y
17837,332.42,N,Young,M,12,A,BROWN,M,ME,N
17838,246.42,N,Elder,F,13,A,INDIGO,M,ME,Y
17839,679.59,N,Elder,F,15,A,INDIGO,M,MW,N
17840,1509.2,N,Elder,F,18,C,BROWN,S,SE,Y
17841,907.22,N,Elder,M,19,A,INDIGO,M,MW,N
17842,636.57,N,Elder,M,15,B,INDIGO,S,SW,Y
17843,1150.2,N,Elder,M,20,C,BROWN,M,ME,N
17844,667.13,N,Elder,F,16,B,BROWN,S,SW,Y
17845,655.66,N,Elder,F,14,B,BROWN,S,SE,N
17846,481.01,N,Young,F,14,A,MAGENTA,M,ME,N
17847,895.65,N,Elder,F,15,C,BROWN,S,SW,N
17848,446.22,N,Elder,M,16,A,MAGENTA,M,MW,N
17849,904.91,N,Elder,M,15,C,INDIGO,M,ME,N
17850,629.45,N,Elder,F,17,A,INDIGO,S,SW,N
17851,1014.27,N,Elder,M,16,A,INDIGO,N,NW,Y
17852,1042.9,N,Elder,F,15,C,MAGENTA,S,SW,Y
17853,151.57,N,Elder,F,11,A,INDIGO,N,NW,Y
17854,783.57,N,Elder,M,18,B,BROWN,S,SW,Y
17855,187.93,N,Elder,F,12,A,BROWN,N,NW,N
17856,570.69,Y,Elder,F,14,A,MAGENTA,N,NE,Y
17857,801.22,N,Young,M,18,B,INDIGO,N,NW,N
17858,300.91,N,Elder,M,12,A,INDIGO,M,MW,N
17859,1277.01,N,Elder,M,20,C,BROWN,N,NW,Y
17860,444.1,N,Elder,F,16,A,MAGENTA,S,SE,Y
17861,893.35,Y,Elder,M,15,C,MAGENTA,M,ME,Y
17862,1146.7,N,Elder,F,18,B,INDIGO,S,SE,N
17863,1046.9,N,Young,M,16,C,INDIGO,M,ME,N
17864,1157.42,N,Elder,F,20,C,INDIGO,M,MW,N
17865,998.02,N,Elder,M,16,B,BROWN,S,SW,Y
17866,555.57,N,Elder,M,17,A,MAGENTA,S,SE,N
17867,983.13,N,Elder,F,12,B,INDIGO,N,NE,N
17868,1294.51,N,Elder,M,15,C,BROWN,M,ME,Y
17869,526.52,N,Young,F,16,A,BROWN,S,SW,Y
17870,961.64,N,Elder,F,16,C,MAGENTA,S,SE,Y
17871,1245.4,N,Elder,F,16,D,MAGENTA,M,ME,N
17872,856.86,N,Elder,F,18,B,INDIGO,S,SW,Y
17873,1237.64,N,Elder,M,18,C,MAGENTA,M,ME,N
17874,1431.7,N,Elder,M,20,C,INDIGO,M,ME,Y
17875,801.88,N,Elder,M,17,B,BROWN,M,MW,Y
17876,1094.24,N,Elder,F,19,C,BROWN,N,NW,Y
17877,979.27,N,Elder,M,17,C,BROWN,M,ME,Y
17878,1759.86,N,Elder,M,19,C,MAGENTA,S,SW,Y
17879,1078.46,N,Young,F,12,B,MAGENTA,N,NW,Y
17880,1274.59,N,Elder,M,16,B,INDIGO,N,NE,Y
17881,725.39,N,Elder,F,17,B,BROWN,M,ME,Y
17882,454.86,N,Elder,M,16,A,INDIGO,M,MW,Y
17883,1649.39,N,Elder,M,19,C,MAGENTA,S,SW,N
17884,1872.84,N,Elder,M,14,C,BROWN,M,ME,Y
17885,749.6,N,Elder,M,16,A,MAGENTA,N,NW,N
17886,917.38,Y,Young,M,16,A,INDIGO,N,NW,N
17887,258.4,N,Elder,M,12,A,PURPLE,N,NE,N
17888,559.86,N,Elder,F,14,B,INDIGO,M,MW,Y
17889,527.72,N,Elder,F,13,B,BROWN,S,SW,Y
17890,417.58,N,Elder,F,15,A,INDIGO,N,NE,Y
17891,1237.59,N,Elder,F,18,B,MAGENTA,M,ME,N
17892,1851.82,N,Elder,F,17,B,BROWN,S,SE,Y
17893,1063.98,Y,Elder,M,18,C,INDIGO,M,MW,Y
17894,370.04,N,Young,F,15,A,BROWN,N,NW,Y
17895,391.59,N,Elder,M,16,A,PURPLE,N,NW,N
17896,498.15,N,Elder,M,15,A,MAGENTA,M,ME,Y
17897,661.54,Y,Elder,F,17,A,BROWN,M,MW,Y
17898,503.03,Y,Young,M,17,A,BROWN,M,ME,Y
17899,928.07,N,Elder,M,16,A,PURPLE,N,NW,N
17900,957.64,N,Elder,F,16,C,INDIGO,S,SW,Y
17901,492.46,N,Elder,M,18,A,BROWN,N,NW,Y
17902,1038.82,N,Elder,F,17,B,BROWN,M,MW,N
17903,743.34,N,Elder,F,17,B,BROWN,N,NE,N
17904,393.28,N,Elder,F,13,A,MAGENTA,N,NW,N
17905,604.44,N,Elder,F,11,B,BROWN,S,SW,Y
17906,1195.95,Y,Elder,M,19,C,BROWN,N,NE,Y
17907,934.68,N,Elder,F,17,B,INDIGO,N,NW,Y
17908,583.14,N,Elder,F,16,A,MAGENTA,M,MW,N
17909,1043.53,N,Elder,F,14,A,INDIGO,M,ME,N
17910,722.81,N,Elder,F,15,B,INDIGO,N,NE,N
17911,988.68,N,Elder,M,17,C,BROWN,M,ME,Y
17912,1034.87,N,Elder,M,14,C,BROWN,M,ME,N
17913,205.6,N,Elder,M,12,A,INDIGO,N,NW,Y
17914,856.4,N,Elder,M,12,A,INDIGO,M,ME,N
17915,781.71,N,Elder,F,16,B,BROWN,M,ME,Y
17916,498.99,Y,Elder,F,16,A,BROWN,M,ME,Y
17917,421.09,N,Elder,F,16,A,BROWN,M,MW,Y
17918,715.27,N,Elder,F,18,A,BROWN,N,NE,N
17919,615.11,N,Elder,F,15,A,BROWN,M,MW,Y
17920,1284.92,N,Elder,M,19,B,MAGENTA,S,SE,N
17921,843.26,N,Elder,M,13,C,INDIGO,N,NE,Y
17922,516.68,N,Elder,M,15,A,BROWN,S,SE,Y
17923,1022.61,N,Elder,M,18,B,INDIGO,S,SW,Y
17924,779.76,N,Elder,F,13,C,BROWN,M,MW,Y
17925,681.56,N,Young,M,16,B,BROWN,N,NW,N
17926,979.41,Y,Young,F,13,C,INDIGO,M,ME,Y
17927,614.02,N,Elder,M,18,A,MAGENTA,S,SW,Y
17928,929.86,N,Elder,F,16,B,INDIGO,M,ME,N
17929,822.17,N,Elder,M,17,B,INDIGO,M,ME,Y
17930,1072.45,N,Elder,M,16,C,BROWN,S,SE,Y
17931,717.96,N,Elder,F,13,B,PURPLE,N,NE,N
17932,1637.11,N,Elder,F,21,C,INDIGO,S,SE,N
17933,1041.14,N,Elder,M,17,C,MAGENTA,M,MW,Y
17934,703.05,N,Elder,M,17,A,MAGENTA,N,NE,Y
17935,782.48,N,Young,M,13,A,BROWN,M,ME,Y
17936,935.98,Y,Elder,F,15,C,MAGENTA,S,SW,N
17937,1061.82,Y,Young,M,13,B,BROWN,N,NE,Y
17938,706.74,N,Elder,M,15,B,BROWN,N,NW,N
17939,1052.22,Y,Elder,F,15,C,PURPLE,M,MW,N
17940,831.73,N,Elder,M,19,B,BROWN,S,SE,Y
17941,680.09,N,Elder,M,20,A,BROWN,S,SE,Y
17942,722.84,N,Elder,M,17,B,BROWN,S,SW,Y
17943,1056.5,N,Elder,M,16,C,BROWN,M,ME,Y
17944,431.71,N,Elder,F,14,A,MAGENTA,S,SW,Y
17945,1408.57,N,Elder,M,22,C,INDIGO,N,NE,N
17946,977.32,N,Elder,F,17,B,BROWN,S,SW,Y
17947,600.54,N,Elder,M,15,B,MAGENTA,M,ME,Y
17948,899.17,N,Elder,F,14,C,MAGENTA,N,NE,Y
17949,686.07,Y,Young,M,15,A,INDIGO,N,NW,Y
17950,324.51,N,Elder,F,14,A,INDIGO,S,SW,Y
17951,754.24,N,Young,M,17,B,BROWN,S,SW,N
17952,896.11,Y,Elder,M,19,B,BROWN,M,ME,Y
17953,1255.34,N,Young,M,14,D,INDIGO,N,NW,N
17954,920.98,N,Elder,M,14,C,INDIGO,N,NE,Y
17955,1146.89,N,Elder,M,20,C,BROWN,S,SW,Y
17956,1135.86,N,Elder,F,18,B,INDIGO,N,NE,Y
17957,794.22,N,Elder,M,17,B,MAGENTA,S,SE,Y
17958,634.66,N,Elder,M,17,A,INDIGO,M,MW,Y
17959,339.35,N,Elder,F,14,A,MAGENTA,M,ME,Y
17960,781.81,N,Elder,M,16,B,MAGENTA,S,SE,N
17961,560.62,N,Elder,M,19,A,INDIGO,M,ME,Y
17962,196.64,Y,Elder,M,12,A,INDIGO,M,MW,Y
17963,1347.4,N,Elder,F,16,C,BROWN,S,SW,Y
17964,487.02,N,Elder,M,17,A,MAGENTA,S,SE,N
17965,906.22,N,Elder,M,16,B,INDIGO,M,ME,N
17966,670.61,N,Elder,M,15,B,INDIGO,S,SW,Y
17967,1083.16,Y,Young,F,18,C,BROWN,N,NW,Y
17968,694.68,N,Elder,M,21,A,INDIGO,S,SW,N
17969,588.37,N,Elder,M,18,A,BROWN,M,ME,Y
17970,1622.63,Y,Elder,M,15,D,BROWN,S,SE,N
17971,565.13,Y,Young,M,14,B,BROWN,M,ME,N
17972,804.73,N,Elder,M,17,B,BROWN,S,SW,Y
17973,752.42,N,Elder,M,17,B,PURPLE,N,NW,N
17974,1242.2,N,Elder,M,15,C,BROWN,M,ME,N
17975,749.63,N,Elder,M,19,A,BROWN,M,MW,Y
17976,785.05,N,Elder,M,16,A,INDIGO,N,NE,Y
17977,605.28,N,Elder,M,15,B,MAGENTA,S,SE,N
17978,632.26,N,Elder,F,17,A,MAGENTA,S,SW,N
17979,357.41,Y,Elder,M,15,A,MAGENTA,M,MW,Y
17980,635.78,N,Young,M,15,B,BROWN,M,ME,N
17981,393.24,N,Elder,M,13,A,BROWN,N,NW,Y
17982,444.03,N,Elder,M,17,A,INDIGO,S,SW,N
17983,748.03,N,Young,M,15,B,BROWN,N,NW,N
17984,742.26,N,Elder,M,22,A,MAGENTA,N,NW,N
17985,815.89,N,Elder,M,21,A,INDIGO,S,SE,Y
17986,1080.21,N,Elder,M,23,B,INDIGO,S,SW,N
17987,471.66,N,Elder,M,17,A,BROWN,S,SE,N
17988,297.38,N,Elder,F,14,A,INDIGO,N,NW,Y
17989,748.77,N,Elder,F,17,B,BROWN,N,NW,Y
17990,847.32,N,Elder,F,12,C,INDIGO,N,NW,N
17991,529.3,N,Elder,M,16,A,INDIGO,N,NW,Y
17992,910.21,N,Elder,M,17,B,BROWN,M,ME,Y
17993,623.84,N,Elder,M,18,A,INDIGO,M,MW,N
17994,499.86,Y,Young,M,18,A,BROWN,M,MW,Y
17995,585.76,N,Elder,M,14,B,BROWN,N,NE,Y
17996,448.98,N,Elder,M,17,A,INDIGO,M,ME,Y
17997,1213.05,N,Young,M,15,C,MAGENTA,N,NW,Y
17998,780.37,N,Elder,F,13,C,INDIGO,M,MW,N
17999,743.73,N,Elder,F,16,A,BROWN,N,NW,Y
18000,834.82,N,Elder,M,15,B,BROWN,S,SW,Y
18001,425.09,N,Elder,F,11,B,BROWN,N,NE,N
18002,790.65,N,Elder,F,16,B,BROWN,M,MW,Y
18003,1112.01,N,Elder,M,18,C,INDIGO,M,ME,Y
18004,1100.88,N,Elder,M,19,C,BROWN,N,NW,Y
18005,841.83,N,Elder,M,17,B,BROWN,S,SE,Y
18006,697.13,N,Elder,M,15,B,INDIGO,N,NW,N
18007,950.72,N,Young,F,14,B,BROWN,N,NE,Y
18008,989.95,N,Elder,M,14,C,BROWN,N,NW,Y
18009,314.77,N,Elder,F,14,A,BROWN,S,SE,Y
18010,856.91,N,Young,M,18,B,BROWN,M,ME,Y
18011,771.51,Y,Elder,M,18,B,INDIGO,M,ME,Y
18012,1139.48,N,Elder,M,18,C,BROWN,S,SE,Y
18013,177.9,N,Elder,F,12,A,INDIGO,N,NE,Y
18014,843.01,N,Elder,M,13,C,BROWN,S,SW,Y
18015,847.74,N,Elder,F,16,A,BROWN,N,NW,N
18016,454.81,Y,Young,F,12,A,MAGENTA,M,ME,Y
18017,500.17,N,Elder,F,13,B,MAGENTA,M,ME,N
18018,698.13,N,Elder,M,17,A,INDIGO,M,ME,Y
18019,802.21,Y,Elder,M,17,B,INDIGO,M,ME,N
18020,456.04,N,Elder,M,17,A,PURPLE,N,NE,N
18021,982.39,N,Elder,F,15,C,BROWN,S,SE,Y
18022,1426.06,N,Elder,F,19,A,INDIGO,M,ME,N
18023,818.05,N,Elder,M,19,B,INDIGO,S,SE,Y
18024,1268.3,N,Elder,M,17,C,INDIGO,N,NW,N
18025,943.08,N,Elder,M,21,B,BROWN,M,ME,Y
18026,807.04,N,Elder,M,15,B,MAGENTA,S,SE,N
18027,1242.01,N,Elder,M,18,C,MAGENTA,N,NW,N
18028,1106.68,N,Elder,F,13,B,BROWN,N,NE,N
18029,743.76,N,Elder,M,13,B,MAGENTA,N,NE,N
18030,1067.45,N,Elder,F,13,B,MAGENTA,M,MW,N
18031,849.66,N,Elder,F,19,B,MAGENTA,S,SW,Y
18032,428.93,N,Elder,F,15,A,BROWN,M,ME,Y
18033,922.11,N,Elder,F,16,C,MAGENTA,N,NW,N
18034,878.76,N,Elder,M,18,A,BROWN,S,SW,Y
18035,878.1,N,Elder,F,12,C,MAGENTA,N,NW,N
18036,740.43,N,Elder,M,18,A,MAGENTA,N,NE,N
18037,353.62,N,Young,F,10,B,BROWN,M,MW,Y
18038,741.29,Y,Elder,M,16,B,BROWN,N,NW,Y
18039,1403.23,N,Elder,M,20,C,BROWN,M,MW,Y
18040,535.91,N,Elder,M,16,A,PURPLE,N,NE,N
18041,275.42,N,Elder,M,14,A,BROWN,M,MW,Y
18042,1673.23,N,Elder,F,17,B,BROWN,N,NW,N
18043,702.24,Y,Elder,M,16,B,BROWN,M,ME,Y
18044,645.23,N,Elder,M,15,B,BROWN,M,ME,Y
18045,893.4,N,Elder,M,17,B,INDIGO,S,SW,N
18046,592.91,N,Elder,F,14,B,INDIGO,N,NE,N
18047,851.43,N,Elder,M,19,B,MAGENTA,N,NE,N
18048,776.48,N,Elder,M,20,A,PURPLE,S,SE,N
18049,885.89,N,Elder,M,15,C,MAGENTA,S,SE,N
18050,928.35,N,Young,F,16,A,INDIGO,N,NW,Y
18051,1157.61,N,Elder,F,10,D,BROWN,M,MW,Y
18052,892.14,N,Elder,M,16,B,MAGENTA,M,MW,N
18053,855.72,N,Young,F,14,C,INDIGO,M,MW,Y
18054,952.41,N,Elder,M,13,C,INDIGO,M,MW,N
18055,863.68,N,Elder,M,19,B,INDIGO,M,MW,N
18056,849.7,Y,Elder,M,16,B,PURPLE,N,NW,N
18057,704.85,N,Elder,M,16,B,MAGENTA,S,SW,N
18058,560.66,N,Elder,M,15,A,BROWN,M,MW,Y
18059,1217.29,N,Elder,M,21,C,MAGENTA,N,NW,N
18060,569.89,N,Elder,F,14,B,BROWN,N,NE,Y
18061,720.05,N,Elder,M,17,B,PURPLE,S,SE,N
18062,903.47,Y,Elder,F,20,A,INDIGO,M,ME,Y
18063,1562.64,N,Elder,F,12,D,MAGENTA,M,MW,N
18064,808.38,N,Elder,F,17,B,BROWN,M,ME,Y
18065,993.62,N,Elder,M,20,B,INDIGO,M,ME,N
18066,1241.77,N,Elder,M,15,C,MAGENTA,N,NE,N
18067,256.31,N,Elder,M,13,A,BROWN,M,MW,N
18068,793.3,N,Elder,F,15,B,INDIGO,M,ME,Y
18069,611.71,N,Elder,F,15,B,MAGENTA,S,SE,Y
18070,750.19,N,Elder,F,15,B,INDIGO,N,NE,Y
18071,1268.36,N,Elder,M,16,B,INDIGO,N,NE,N
18072,1015.09,N,Elder,M,17,C,INDIGO,M,MW,N
18073,786.05,N,Elder,F,12,C,MAGENTA,M,ME,N
18074,601.97,Y,Elder,F,18,A,INDIGO,S,SW,Y
18075,474.01,N,Elder,F,15,A,BROWN,N,NW,Y
18076,462.08,N,Elder,M,17,A,MAGENTA,N,NW,Y
18077,824.74,N,Elder,F,14,C,BROWN,N,NW,Y
18078,516.01,N,Elder,M,13,B,INDIGO,M,MW,Y
18079,317.75,N,Elder,M,14,A,BROWN,N,NE,Y
18080,803.11,N,Young,M,18,B,BROWN,S,SE,Y
18081,577.97,N,Elder,F,13,B,MAGENTA,S,SW,Y
18082,446.26,N,Elder,M,15,A,INDIGO,S,SW,Y
18083,653.81,N,Elder,M,17,A,MAGENTA,S,SW,N
18084,1130.3,N,Elder,M,19,C,INDIGO,M,ME,N
18085,642.29,N,Elder,M,20,A,MAGENTA,S,SE,N
18086,1173.84,N,Elder,F,14,B,BROWN,M,ME,N
18087,796.77,Y,Elder,M,14,B,BROWN,N,NE,N
18088,335.48,N,Elder,M,15,A,MAGENTA,N,NW,N
18089,1013.89,N,Elder,M,18,B,BROWN,M,ME,N
18090,1240.94,N,Elder,M,19,C,INDIGO,N,NE,Y
18091,851.77,N,Young,F,14,C,BROWN,S,SE,Y
18092,810.83,N,Elder,F,19,B,INDIGO,N,NW,N
18093,371.73,N,Elder,F,13,A,BROWN,N,NW,Y
18094,609.96,N,Elder,M,15,B,MAGENTA,N,NW,N
18095,1194.43,N,Elder,M,20,C,INDIGO,M,ME,N
18096,386.25,N,Elder,M,16,A,INDIGO,N,NW,Y
18097,906.28,N,Elder,F,15,A,BROWN,N,NW,Y
18098,962.38,N,Elder,M,20,B,INDIGO,N,NW,N
18099,591.16,N,Elder,M,16,A,INDIGO,S,SW,N
18100,544.18,N,Young,M,13,A,PURPLE,M,ME,N
18101,1043.68,N,Elder,M,14,C,BROWN,M,MW,Y
18102,806.75,N,Elder,M,14,B,MAGENTA,M,ME,N
18103,2601.94,N,Young,M,19,D,BROWN,M,ME,Y
18104,829.31,N,Elder,M,14,C,INDIGO,M,MW,Y
18105,1429.37,N,Elder,M,18,D,BROWN,N,NW,N
18106,141.86,N,Young,M,11,A,INDIGO,S,SW,N
18107,1584.75,Y,Elder,M,16,D,BROWN,N,NW,N
18108,846.2,N,Young,M,14,C,BROWN,M,ME,N
18109,976.52,N,Elder,M,18,B,INDIGO,S,SW,Y
18110,1120.94,N,Elder,M,18,C,INDIGO,S,SE,N
18111,1476.69,N,Elder,F,16,C,BROWN,M,ME,Y
18112,596.07,N,Elder,M,12,B,INDIGO,S,SW,Y
18113,314.49,N,Young,F,13,A,BROWN,N,NW,N
18114,738.58,N,Elder,F,17,B,MAGENTA,N,NW,N
18115,829.68,N,Elder,M,15,B,BROWN,S,SW,Y
18116,535.63,N,Elder,F,13,B,MAGENTA,N,NE,N
18117,506.83,Y,Young,F,13,B,MAGENTA,M,MW,Y
18118,369.22,N,Elder,F,15,A,INDIGO,M,ME,N
18119,1188.24,N,Elder,M,16,B,BROWN,N,NW,Y
18120,728.94,N,Elder,M,15,B,PURPLE,M,MW,N
18121,703.53,N,Elder,M,16,B,MAGENTA,S,SE,N
18122,919.56,N,Elder,F,19,B,BROWN,M,ME,Y
18123,900.99,Y,Elder,M,15,A,INDIGO,N,NE,Y
18124,655.92,N,Young,M,15,B,BROWN,S,SE,Y
18125,381.34,N,Elder,M,13,A,MAGENTA,N,NE,Y
18126,484.49,N,Elder,M,15,A,BROWN,M,MW,N
18127,674.22,N,Elder,M,16,B,BROWN,S,SW,N
18128,813.33,N,Elder,M,17,B,INDIGO,S,SE,N
18129,638.33,Y,Elder,M,15,B,MAGENTA,N,NE,N
18130,922.15,N,Elder,F,17,B,MAGENTA,M,ME,N
18131,790.92,N,Elder,M,18,B,MAGENTA,M,MW,Y
18132,1057.69,Y,Elder,F,17,C,MAGENTA,N,NE,Y
18133,724.72,N,Elder,M,18,A,INDIGO,M,ME,N
18134,580.11,N,Elder,M,18,A,MAGENTA,N,NW,N
18135,964.43,N,Elder,M,16,C,MAGENTA,N,NE,N
18136,655.39,N,Elder,M,15,B,BROWN,N,NW,Y
18137,806.04,N,Young,M,13,C,BROWN,N,NE,Y
18138,1312.28,N,Elder,M,20,B,BROWN,N,NE,Y
18139,1218.69,N,Elder,M,16,C,INDIGO,M,ME,Y
18140,1013.87,N,Elder,M,17,C,BROWN,M,ME,Y
18141,1038.51,N,Elder,M,18,C,PURPLE,M,MW,N
18142,904.87,N,Elder,F,20,B,BROWN,N,NE,Y
18143,1006.84,N,Elder,M,19,A,MAGENTA,M,ME,N
18144,1169.5,N,Elder,M,20,C,BROWN,N,NE,Y
18145,1274.85,N,Elder,M,17,D,INDIGO,N,NE,Y
18146,975.38,N,Elder,M,17,B,MAGENTA,M,ME,N
18147,732.06,N,Elder,F,17,A,BROWN,S,SW,N
18148,275.75,N,Elder,F,12,A,BROWN,N,NE,Y
18149,1083.74,Y,Elder,F,12,C,BROWN,N,NE,Y
18150,716.23,N,Elder,F,17,B,BROWN,N,NW,Y
18151,876.92,N,Elder,M,20,B,BROWN,M,MW,N
18152,113.4,N,Elder,F,11,A,PURPLE,N,NE,N
18153,786.45,N,Elder,M,21,A,PURPLE,S,SW,N
18154,1005.31,Y,Elder,F,17,C,INDIGO,M,MW,Y
18155,998.58,N,Elder,F,16,C,MAGENTA,N,NE,N
18156,1656.69,N,Elder,M,19,D,BROWN,M,ME,Y
18157,719.83,N,Elder,M,16,B,MAGENTA,M,MW,N
18158,325.96,N,Elder,F,14,A,INDIGO,M,ME,N
18159,770.27,N,Elder,M,16,B,BROWN,N,NW,Y
18160,1376.42,N,Elder,M,15,B,INDIGO,N,NW,Y
18161,778.95,N,Elder,M,18,B,PURPLE,M,ME,N
18162,558.49,N,Elder,F,14,A,INDIGO,N,NE,Y
18163,1058.94,N,Elder,M,18,C,BROWN,M,MW,Y
18164,1060.57,N,Elder,M,19,A,INDIGO,M,MW,Y
18165,1630.2,N,Elder,F,15,C,MAGENTA,N,NE,Y
18166,877.38,Y,Elder,M,15,B,BROWN,N,NW,Y
18167,614.86,N,Elder,M,18,A,INDIGO,S,SW,N
18168,798.35,N,Elder,M,18,B,MAGENTA,S,SE,N
18169,872.83,N,Young,F,13,B,INDIGO,M,ME,N
18170,1361.32,Y,Elder,F,19,C,INDIGO,M,ME,Y
18171,830.96,N,Elder,M,16,B,MAGENTA,N,NW,Y
18172,654.84,Y,Elder,M,15,B,BROWN,N,NE,Y
18173,45.61,N,Elder,F,9,A,INDIGO,S,SW,Y
18174,2154.67,N,Elder,M,22,C,MAGENTA,M,MW,N
18175,660.51,N,Elder,F,19,A,INDIGO,N,NE,N
18176,1395.85,N,Elder,F,17,A,BROWN,N,NW,Y
18177,891.05,N,Elder,M,14,C,BROWN,S,SE,N
18178,546.66,N,Elder,M,14,B,INDIGO,N,NE,N
18179,769.75,N,Elder,M,16,B,INDIGO,N,NE,N
18180,840,N,Young,M,14,C,BROWN,M,MW,Y
18181,333.39,N,Elder,F,10,B,MAGENTA,N,NW,N
18182,1596.3,N,Elder,M,15,B,BROWN,M,MW,Y
18183,376.44,N,Elder,F,14,A,INDIGO,M,MW,N
18184,760.12,N,Elder,F,10,C,INDIGO,N,NW,Y
18185,1096.21,N,Elder,M,17,C,INDIGO,N,NW,Y
18186,879.11,N,Young,M,12,C,BROWN,M,ME,Y
18187,257.92,N,Young,M,13,A,BROWN,N,NW,Y
18188,661.91,N,Elder,M,16,B,INDIGO,M,ME,N
18189,577.61,N,Elder,M,18,A,INDIGO,M,ME,N
18190,920.31,N,Elder,M,19,B,BROWN,N,NE,Y
18191,550.6,Y,Elder,F,13,B,BROWN,S,SE,Y
18192,1371.61,N,Elder,M,23,B,BROWN,S,SW,Y
18193,767.84,N,Elder,M,17,B,INDIGO,M,MW,N
18194,392.43,N,Elder,M,16,A,BROWN,M,MW,Y
18195,1104.81,N,Elder,M,17,C,MAGENTA,N,NW,N
18196,951.37,N,Elder,F,18,A,BROWN,M,ME,N
18197,1060.58,N,Elder,F,20,B,BROWN,M,ME,Y
18198,618.92,N,Elder,F,19,A,MAGENTA,M,ME,N
18199,819.67,N,Young,F,21,A,MAGENTA,N,NW,Y
18200,1097.17,N,Elder,F,15,C,INDIGO,S,SE,Y
18201,1076.62,N,Elder,M,14,C,BROWN,S,SW,Y
18202,726.79,N,Elder,M,16,B,BROWN,M,MW,N
18203,601.83,N,Elder,F,14,B,INDIGO,M,MW,Y
18204,1192.18,N,Elder,F,17,C,BROWN,N,NW,Y
18205,697.62,N,Elder,M,18,A,INDIGO,N,NW,N
18206,804.18,N,Elder,F,20,A,BROWN,M,ME,Y
18207,508.46,Y,Young,F,13,B,BROWN,N,NE,Y
18208,655.92,N,Elder,M,15,B,PURPLE,S,SW,N
18209,668.96,N,Elder,F,13,B,BROWN,N,NW,Y
18210,661.44,N,Elder,M,21,A,BROWN,N,NE,N
18211,307.08,N,Elder,F,14,A,MAGENTA,M,ME,Y
18212,770.99,N,Elder,M,15,A,BROWN,M,MW,Y
18213,994.98,Y,Elder,F,17,C,INDIGO,M,ME,Y
18214,994.49,Y,Elder,F,19,B,BROWN,M,MW,Y
18215,309.09,N,Elder,M,12,A,MAGENTA,N,NW,N
18216,884.84,Y,Elder,F,18,B,BROWN,M,MW,N
18217,924.08,N,Elder,F,15,C,MAGENTA,M,ME,N
18218,890.12,N,Elder,M,19,B,INDIGO,S,SW,N
18219,797.17,N,Elder,M,13,A,PURPLE,M,MW,N
18220,882.73,N,Elder,F,16,B,BROWN,N,NW,Y
18221,529.18,N,Elder,M,18,A,MAGENTA,S,SE,N
18222,931.66,N,Elder,M,16,C,BROWN,M,MW,Y
18223,685.43,N,Elder,M,21,A,PURPLE,M,MW,N
18224,624.13,N,Elder,F,13,B,INDIGO,M,ME,N
18225,276.88,N,Elder,M,14,A,INDIGO,N,NE,N
18226,518.74,N,Elder,M,17,A,BROWN,N,NW,Y
18227,1144.55,N,Elder,M,16,C,BROWN,M,MW,N
18228,864.72,N,Elder,F,15,B,BROWN,M,MW,Y
18229,564.69,N,Elder,F,14,B,BROWN,S,SW,N
18230,380.78,N,Elder,F,16,A,BROWN,N,NE,Y
18231,787.85,N,Elder,M,17,A,INDIGO,N,NW,N
18232,1015.2,N,Elder,M,22,B,BROWN,N,NW,N
18233,225.22,N,Young,F,12,A,BROWN,S,SE,Y
18234,855.04,N,Elder,M,17,B,BROWN,M,MW,N
18235,1064.56,N,Elder,F,17,C,INDIGO,N,NW,Y
18236,875.49,N,Elder,F,18,B,BROWN,N,NE,Y
18237,641.44,N,Elder,M,20,A,BROWN,M,ME,Y
18238,1529.14,Y,Elder,M,27,C,BROWN,S,SE,Y
18239,725.38,N,Elder,F,20,A,BROWN,N,NW,N
18240,1545.79,N,Elder,M,23,C,INDIGO,M,MW,N
18241,930.68,N,Elder,M,15,C,MAGENTA,M,ME,N
18242,754.78,N,Elder,M,22,A,MAGENTA,S,SW,N
18243,1036.5,N,Elder,F,18,B,BROWN,S,SW,Y
18244,1370.16,N,Elder,F,12,C,PURPLE,M,MW,N
18245,439.6,N,Elder,M,16,A,INDIGO,N,NW,N
18246,1264.37,Y,Elder,M,18,C,BROWN,M,MW,Y
18247,218.63,N,Elder,M,13,A,MAGENTA,M,ME,N
18248,1090.84,N,Elder,F,17,C,BROWN,S,SW,Y
18249,1146.15,N,Elder,F,17,C,INDIGO,S,SW,Y
18250,449.25,Y,Young,M,17,A,BROWN,S,SW,Y
18251,628.28,N,Elder,M,12,B,INDIGO,N,NE,Y
18252,960.11,N,Elder,F,16,C,MAGENTA,M,ME,N
18253,1939.52,N,Elder,M,15,C,INDIGO,S,SE,Y
18254,638.46,N,Elder,F,13,B,BROWN,S,SW,N
18255,563.25,N,Elder,F,14,B,MAGENTA,S,SW,N
18256,1199.2,N,Elder,M,23,B,INDIGO,M,MW,Y
18257,620.98,N,Elder,M,19,A,BROWN,N,NW,Y
18258,555.55,N,Elder,M,16,A,BROWN,M,MW,Y
18259,657.41,N,Young,M,16,A,INDIGO,N,NW,Y
18260,1394.38,N,Elder,M,23,C,BROWN,N,NW,Y
18261,229.21,N,Elder,M,13,A,MAGENTA,S,SW,N
18262,1205.56,N,Elder,F,17,B,BROWN,N,NW,N
18263,896.55,N,Elder,M,18,B,BROWN,S,SE,Y
18264,967.38,N,Elder,M,16,C,INDIGO,S,SW,Y
18265,760.67,N,Elder,F,21,A,BROWN,N,NW,Y
18266,686.88,N,Elder,F,13,B,MAGENTA,N,NW,Y
18267,888.35,N,Elder,M,21,A,PURPLE,N,NW,N
18268,598.76,N,Elder,F,14,B,INDIGO,M,ME,N
18269,793.61,N,Elder,M,17,B,INDIGO,N,NE,Y
18270,337.53,N,Elder,M,15,A,BROWN,M,ME,Y
18271,826.74,N,Elder,M,22,A,BROWN,M,MW,Y
18272,843.72,N,Young,M,19,B,BROWN,M,MW,Y
18273,364.24,N,Elder,F,15,A,PURPLE,M,ME,N
18274,1360.85,N,Elder,M,19,D,MAGENTA,S,SW,Y
18275,949.4,Y,Elder,M,15,B,INDIGO,S,SE,Y
18276,1359.83,N,Elder,F,11,B,MAGENTA,M,MW,Y
18277,1210.67,N,Elder,M,15,D,INDIGO,N,NW,N
18278,352.04,N,Elder,M,13,A,MAGENTA,N,NW,N
18279,648.14,N,Elder,M,15,B,MAGENTA,N,NE,N
18280,1327.81,N,Elder,F,19,C,INDIGO,S,SE,N
18281,1477.95,N,Elder,M,23,C,BROWN,M,ME,N
18282,687.62,N,Young,F,12,B,PURPLE,M,ME,N
18283,423.29,N,Elder,M,16,A,MAGENTA,M,MW,N
18284,733.97,N,Elder,M,16,B,BROWN,S,SE,Y
18285,594.55,N,Elder,F,12,B,INDIGO,N,NW,Y
18286,776.27,Y,Elder,F,16,B,INDIGO,M,ME,Y
18287,1071.75,N,Elder,F,19,B,INDIGO,N,NE,Y
18288,718.69,N,Elder,M,15,B,MAGENTA,S,SE,N
18289,707.03,N,Elder,M,16,A,INDIGO,N,NE,N
18290,824.3,N,Elder,F,14,B,BROWN,N,NW,Y
18291,967.36,N,Elder,M,19,B,BROWN,N,NE,Y
18292,933.26,N,Elder,M,16,B,PURPLE,M,ME,N
18293,346.12,Y,Young,M,15,A,BROWN,M,MW,Y
18294,491.83,N,Elder,F,10,B,BROWN,M,ME,Y
18295,1201.45,N,Elder,F,16,B,INDIGO,N,NW,N
18296,1627.76,N,Elder,M,18,D,MAGENTA,S,SW,N
18297,239.39,N,Elder,F,12,A,MAGENTA,S,SE,N
18298,993.28,N,Young,M,17,C,BROWN,N,NE,N
18299,1112.77,N,Elder,M,19,C,INDIGO,M,ME,Y
18300,809.1,N,Elder,M,19,A,BROWN,M,MW,Y
18301,753.62,Y,Elder,F,15,B,MAGENTA,S,SW,Y
18302,639.19,Y,Elder,F,18,A,MAGENTA,M,ME,Y
18303,737.63,N,Elder,M,13,B,PURPLE,N,NE,N
18304,576.04,N,Elder,F,13,B,BROWN,M,ME,Y
18305,727.36,N,Young,F,17,B,BROWN,N,NE,N
18306,627.92,Y,Young,F,15,B,INDIGO,M,ME,Y
18307,793.96,N,Elder,M,18,B,INDIGO,M,ME,Y
18308,1751.14,N,Elder,M,18,D,INDIGO,M,MW,N
18309,764.35,N,Elder,F,17,B,INDIGO,S,SW,Y
18310,1043.85,N,Elder,F,15,A,MAGENTA,N,NE,Y
18311,924.1,N,Elder,M,17,A,PURPLE,S,SW,N
18312,600.17,Y,Elder,M,15,B,INDIGO,N,NE,N
18313,520.47,N,Elder,F,18,A,BROWN,S,SW,N
18314,872.32,N,Elder,F,19,A,BROWN,S,SW,Y
18315,292.85,N,Elder,M,14,A,BROWN,N,NW,Y
18316,1113.56,N,Elder,M,14,D,BROWN,N,NE,Y
18317,1257.2,N,Elder,M,18,B,MAGENTA,N,NE,Y
18318,347.3,N,Elder,M,15,A,BROWN,N,NE,N
18319,1327.76,N,Elder,F,19,C,PURPLE,S,SE,N
18320,992.93,N,Elder,M,18,A,BROWN,S,SE,N
18321,618.32,N,Elder,M,20,A,INDIGO,S,SW,N
18322,1087.04,N,Elder,M,18,B,INDIGO,N,NW,Y
18323,859.99,N,Elder,M,17,A,BROWN,M,ME,Y
18324,624.35,N,Young,M,14,B,PURPLE,M,ME,N
18325,924.99,N,Elder,M,15,C,PURPLE,M,MW,N
18326,528.62,N,Elder,F,13,B,BROWN,N,NE,N
18327,777.87,N,Elder,M,16,A,PURPLE,M,ME,N
18328,793.6,N,Elder,F,18,B,MAGENTA,N,NE,N
18329,860.93,N,Elder,F,19,B,MAGENTA,S,SW,N
18330,229.17,N,Elder,F,13,A,MAGENTA,M,ME,N
18331,762.66,N,Elder,F,14,B,MAGENTA,N,NE,N
18332,872.79,N,Elder,M,17,A,BROWN,N,NW,N
18333,1030.79,N,Elder,F,14,C,INDIGO,N,NE,Y
18334,804.35,Y,Young,F,14,B,MAGENTA,M,ME,Y
18335,1365.64,N,Elder,M,18,D,INDIGO,M,MW,N
18336,468.43,N,Elder,F,16,A,MAGENTA,M,ME,N
18337,706.03,N,Elder,M,13,B,PURPLE,N,NW,N
18338,617.06,N,Young,M,10,C,BROWN,S,SW,Y
18339,548.44,N,Elder,M,18,A,BROWN,S,SW,Y
18340,1157.13,N,Elder,M,18,B,BROWN,S,SW,N
18341,1087.03,N,Elder,M,17,C,INDIGO,N,NW,N
18342,753.79,N,Elder,M,15,B,BROWN,M,ME,Y
18343,1231.77,N,Elder,F,16,D,INDIGO,N,NW,Y
18344,374.14,N,Elder,M,13,A,INDIGO,M,ME,Y
18345,991.68,N,Elder,M,21,B,INDIGO,N,NW,Y
18346,485.09,N,Elder,F,15,A,MAGENTA,M,ME,N
18347,718.61,N,Elder,F,17,B,BROWN,N,NE,Y
18348,1083.28,N,Elder,F,16,C,MAGENTA,M,MW,N
18349,709.62,N,Elder,M,17,A,INDIGO,S,SW,N
18350,556.98,N,Elder,F,13,B,BROWN,M,MW,Y
18351,903.48,N,Elder,M,13,C,BROWN,M,MW,Y
18352,852.9,N,Elder,F,12,C,BROWN,M,ME,Y
18353,1110.78,N,Elder,M,14,B,BROWN,M,MW,N
18354,610.67,Y,Elder,F,15,B,BROWN,N,NW,Y
18355,1040.88,N,Elder,F,19,B,PURPLE,S,SW,N
18356,657.7,N,Elder,M,16,B,INDIGO,N,NW,Y
18357,839.28,Y,Elder,F,14,C,MAGENTA,M,ME,N
18358,1307.34,N,Elder,M,19,C,BROWN,M,MW,Y
18359,821.35,N,Elder,M,15,B,PURPLE,N,NW,N
18360,1308.87,N,Elder,F,16,D,INDIGO,S,SE,N
18361,1083.68,N,Elder,M,19,B,MAGENTA,S,SW,N
18362,878.11,N,Elder,M,15,C,INDIGO,N,NW,N
18363,828.62,Y,Elder,M,23,A,INDIGO,M,ME,N
18364,657.14,N,Elder,M,17,A,BROWN,M,MW,Y
18365,1054.91,N,Elder,M,18,C,MAGENTA,M,MW,Y
18366,1011.65,N,Elder,M,17,C,BROWN,M,ME,Y
18367,752.29,N,Elder,F,22,A,MAGENTA,S,SW,N
18368,904.47,Y,Elder,M,20,B,BROWN,M,MW,Y
18369,829.67,N,Elder,M,16,B,MAGENTA,N,NW,Y
18370,639.98,Y,Elder,M,15,B,BROWN,N,NE,Y
18371,1246.32,N,Elder,M,16,B,INDIGO,N,NW,N
18372,970.98,N,Elder,M,15,B,INDIGO,N,NE,Y
18373,568.57,N,Elder,M,14,B,BROWN,S,SW,Y
18374,903.41,N,Elder,M,17,B,BROWN,M,ME,N
18375,1471.39,N,Elder,F,16,D,INDIGO,N,NE,N
18376,861.98,N,Elder,M,14,C,PURPLE,M,MW,N
18377,1064.2,N,Elder,F,17,B,INDIGO,S,SE,N
18378,887.49,Y,Elder,M,17,B,BROWN,N,NE,Y
18379,1008.45,N,Elder,M,15,C,BROWN,M,ME,N
18380,579.47,Y,Elder,M,13,B,BROWN,S,SE,Y
18381,897.68,N,Elder,F,14,C,INDIGO,M,MW,Y
18382,719.35,N,Elder,F,11,A,PURPLE,N,NE,N
18383,474.21,N,Elder,M,17,A,INDIGO,N,NE,Y
18384,623.22,N,Elder,M,15,B,MAGENTA,N,NW,N
18385,943.98,N,Elder,M,16,C,BROWN,N,NE,Y
18386,773.86,N,Elder,M,16,B,PURPLE,S,SW,N
18387,766.81,N,Elder,M,18,B,MAGENTA,N,NW,N
18388,803.11,N,Elder,F,16,B,BROWN,M,ME,Y
18389,447.76,N,Elder,M,17,A,BROWN,N,NW,Y
18390,546.85,N,Elder,M,16,A,BROWN,M,ME,Y
18391,1009.43,N,Elder,M,18,B,BROWN,M,ME,N
18392,384.85,N,Elder,F,16,A,INDIGO,M,ME,Y
18393,381.63,N,Elder,M,16,A,MAGENTA,M,MW,N
18394,576.99,N,Elder,F,16,A,INDIGO,N,NW,Y
18395,1145.75,N,Elder,M,18,C,BROWN,M,ME,Y
18396,434.7,N,Elder,M,15,A,INDIGO,M,ME,Y
18397,1214.4,Y,Young,M,14,C,INDIGO,N,NW,N
18398,1016.4,N,Elder,M,17,C,MAGENTA,N,NW,N
18399,1169.63,N,Young,M,20,A,BROWN,M,MW,Y
18400,824.8,N,Elder,M,18,B,INDIGO,S,SE,N
18401,498.3,N,Elder,M,16,A,INDIGO,S,SW,Y
18402,1315.67,N,Elder,M,17,B,BROWN,N,NE,Y
18403,665.69,N,Elder,F,16,A,INDIGO,N,NW,N
18404,630.62,N,Elder,M,15,B,BROWN,M,MW,Y
18405,1132.45,N,Elder,M,21,B,BROWN,M,MW,Y
18406,951.34,N,Young,M,16,C,BROWN,M,MW,Y
18407,763.45,N,Elder,F,12,C,BROWN,S,SW,Y
18408,1418.1,N,Elder,M,19,D,BROWN,M,MW,Y
18409,1069.5,N,Elder,M,19,B,BROWN,M,ME,Y
18410,784.62,N,Elder,F,17,B,INDIGO,M,MW,Y
18411,1163.09,Y,Elder,F,17,C,BROWN,N,NW,Y
18412,666.96,N,Elder,M,15,B,INDIGO,N,NW,Y
18413,1121.44,N,Elder,F,14,D,BROWN,N,NE,N
18414,780.07,N,Elder,M,13,C,BROWN,M,MW,N
18415,456.17,N,Elder,F,12,B,BROWN,M,MW,Y
18416,1544.44,N,Elder,F,20,D,BROWN,S,SE,Y
18417,766.23,N,Young,M,16,B,INDIGO,M,MW,N
18418,1216.56,N,Elder,M,15,C,BROWN,M,ME,Y
18419,870.71,N,Elder,F,18,B,BROWN,M,MW,Y
18420,853.83,N,Elder,F,17,B,INDIGO,M,MW,N
18421,803.1,N,Elder,F,20,A,BROWN,N,NW,Y
18422,710.24,N,Elder,M,21,A,MAGENTA,M,MW,N
18423,498.37,N,Elder,F,13,A,INDIGO,N,NE,Y
18424,1981.45,N,Elder,M,19,A,MAGENTA,M,ME,N
18425,880.16,Y,Elder,M,14,C,BROWN,N,NW,Y
18426,544,N,Elder,M,19,A,BROWN,N,NW,Y
18427,907.21,N,Elder,F,19,B,INDIGO,N,NW,N
18428,1003.28,Y,Young,F,15,C,INDIGO,M,ME,N
18429,747.76,N,Young,M,17,B,INDIGO,M,MW,N
18430,936.24,N,Elder,F,16,C,BROWN,N,NW,Y
18431,1166.2,N,Elder,M,19,C,MAGENTA,M,MW,N
18432,697.2,N,Elder,M,21,A,MAGENTA,M,MW,N
18433,861.04,N,Elder,F,19,B,BROWN,N,NW,Y
18434,1634.7,N,Elder,M,23,C,BROWN,M,ME,N
18435,1192.06,N,Elder,M,14,C,INDIGO,S,SW,Y
18436,1239.23,N,Elder,M,15,C,MAGENTA,S,SW,N
18437,742.06,N,Elder,F,14,B,INDIGO,M,MW,N
18438,596.17,N,Elder,M,19,A,INDIGO,N,NE,N
18439,675.94,N,Elder,M,16,B,MAGENTA,S,SE,N
18440,313.54,N,Elder,M,14,A,MAGENTA,M,ME,N
18441,775.62,Y,Elder,F,14,B,MAGENTA,N,NE,Y
18442,937.41,N,Elder,M,16,B,INDIGO,M,ME,Y
18443,564.08,N,Elder,F,17,A,INDIGO,N,NW,N
18444,290.54,N,Elder,M,13,A,MAGENTA,M,ME,N
18445,928.52,N,Elder,M,20,B,PURPLE,N,NW,N
18446,1259.85,Y,Elder,M,20,C,BROWN,N,NW,Y
18447,323.87,N,Elder,F,14,A,INDIGO,M,ME,N
18448,983.14,N,Elder,F,17,C,INDIGO,M,ME,Y
18449,707.52,Y,Elder,F,15,A,INDIGO,S,SE,N
18450,330.13,N,Elder,M,15,A,BROWN,S,SW,Y
18451,821.05,N,Elder,M,19,A,INDIGO,N,NW,Y
18452,472.69,N,Elder,M,17,A,INDIGO,N,NW,Y
18453,574.47,N,Elder,F,13,B,MAGENTA,N,NE,N
18454,1070.24,N,Elder,F,17,C,INDIGO,M,MW,Y
18455,772.36,N,Elder,M,18,B,INDIGO,N,NW,Y
18456,726.71,N,Elder,F,16,B,INDIGO,N,NE,Y
18457,586.25,N,Elder,M,14,B,BROWN,M,ME,Y
18458,882.51,N,Elder,M,19,B,BROWN,N,NW,N
18459,271.24,N,Young,F,13,A,INDIGO,M,ME,N
18460,882.94,N,Elder,F,15,C,BROWN,M,MW,Y
18461,933.1,N,Elder,F,16,C,INDIGO,M,MW,Y
18462,672.5,N,Young,M,15,B,BROWN,M,ME,Y
18463,1192,Y,Elder,M,14,B,INDIGO,N,NE,Y
18464,651.53,N,Elder,F,16,A,INDIGO,S,SW,N
18465,1068.77,N,Elder,M,16,C,PURPLE,N,NW,N
18466,1787.69,N,Elder,M,18,D,INDIGO,N,NE,N
18467,467.88,N,Elder,F,17,A,MAGENTA,M,ME,N
18468,823.78,N,Elder,F,14,B,BROWN,M,MW,Y
18469,1113.65,N,Elder,M,17,C,INDIGO,N,NE,N
18470,1054.51,N,Elder,M,17,B,MAGENTA,M,MW,N
18471,520.63,N,Elder,F,13,B,INDIGO,M,MW,N
18472,405.35,N,Elder,M,15,A,MAGENTA,N,NW,N
18473,750.38,N,Elder,F,19,A,BROWN,M,MW,Y
18474,442.75,N,Elder,F,17,A,INDIGO,N,NE,Y
18475,500.1,N,Elder,M,13,B,INDIGO,M,MW,Y
18476,941.77,N,Elder,M,16,C,INDIGO,M,ME,Y
18477,823.31,N,Elder,M,19,A,MAGENTA,M,MW,N
18478,235.35,N,Elder,F,12,A,MAGENTA,S,SW,Y
18479,897.07,N,Elder,M,19,A,INDIGO,M,ME,N
18480,1022.17,N,Elder,M,21,B,MAGENTA,M,MW,N
18481,626.47,N,Elder,M,15,B,MAGENTA,M,MW,N
18482,1230.11,N,Young,F,17,C,PURPLE,S,SW,N
18483,1597.9,N,Elder,M,18,B,MAGENTA,N,NE,Y
18484,557.28,Y,Elder,F,14,B,MAGENTA,N,NE,N
18485,768.56,N,Elder,M,17,B,BROWN,N,NW,Y
18486,897.66,N,Elder,F,15,A,BROWN,M,MW,Y
18487,1547.61,N,Elder,F,14,D,MAGENTA,M,ME,N
18488,757.04,N,Young,M,11,C,INDIGO,M,MW,Y
18489,1188.94,N,Elder,M,22,B,INDIGO,S,SW,Y
18490,1638.31,N,Elder,M,16,B,BROWN,M,MW,Y
18491,516.38,N,Elder,M,15,A,MAGENTA,M,MW,N
18492,976.62,Y,Young,F,12,C,INDIGO,M,MW,Y
18493,648.76,N,Elder,M,18,A,MAGENTA,N,NE,Y
18494,854.71,N,Elder,F,15,B,BROWN,S,SW,Y
18495,1085.42,N,Elder,F,18,B,BROWN,M,ME,Y
18496,792.91,N,Elder,M,16,B,BROWN,M,MW,Y
18497,1284.85,N,Elder,F,13,C,BROWN,N,NE,Y
18498,756.62,N,Elder,F,15,B,MAGENTA,N,NW,N
18499,510.51,N,Elder,F,18,A,PURPLE,N,NE,N
18500,1025.67,Y,Elder,M,15,C,MAGENTA,N,NE,N
18501,703.16,N,Elder,M,20,A,BROWN,N,NW,N
18502,644.71,N,Young,M,11,B,BROWN,M,MW,N
18503,421.33,N,Elder,F,16,A,MAGENTA,N,NW,Y
18504,588.55,N,Elder,M,16,A,MAGENTA,N,NE,N
18505,1174.63,N,Elder,F,17,A,MAGENTA,M,ME,N
18506,555.58,N,Elder,F,12,B,INDIGO,M,MW,N
18507,895.17,N,Elder,M,20,A,BROWN,S,SW,Y
18508,805.48,Y,Young,M,18,B,MAGENTA,S,SW,N
18509,488.38,N,Elder,F,16,A,BROWN,N,NE,Y
18510,625.51,N,Elder,M,15,B,INDIGO,N,NE,N
18511,757.58,N,Elder,M,15,B,BROWN,M,ME,Y
18512,321.27,Y,Elder,F,12,A,BROWN,N,NW,Y
18513,756.14,N,Elder,M,15,B,MAGENTA,N,NW,N
18514,1084.06,N,Elder,M,19,C,BROWN,S,SE,Y
18515,1091.22,Y,Elder,M,18,B,BROWN,N,NE,N
18516,495.76,N,Elder,F,17,A,INDIGO,M,ME,N
18517,708.34,N,Elder,F,17,B,BROWN,N,NW,Y
18518,947.28,N,Elder,F,18,B,MAGENTA,N,NE,Y
18519,1274.45,N,Elder,M,17,C,BROWN,N,NW,Y
18520,928.9,N,Elder,M,15,C,BROWN,N,NW,Y
18521,1027.15,N,Young,M,20,B,BROWN,S,SW,Y
18522,617.72,N,Elder,M,20,A,INDIGO,M,ME,N
18523,719.63,N,Elder,M,12,C,INDIGO,M,MW,N
18524,1121.21,N,Elder,F,13,D,BROWN,N,NE,Y
18525,593.62,N,Elder,F,17,A,INDIGO,M,ME,Y
18526,1188.88,N,Elder,M,16,B,MAGENTA,N,NE,N
18527,417.19,N,Elder,M,14,A,MAGENTA,S,SE,N
18528,779.68,N,Elder,M,17,B,INDIGO,M,ME,N
18529,809.46,N,Elder,M,15,B,INDIGO,M,MW,Y
18530,450.46,N,Elder,M,17,A,INDIGO,M,MW,N
18531,817.65,N,Elder,M,18,B,MAGENTA,N,NE,Y
18532,1144.45,Y,Young,M,17,C,INDIGO,N,NE,N
18533,689.4,Y,Elder,M,20,A,BROWN,M,ME,Y
18534,451.49,N,Elder,M,16,A,BROWN,M,MW,Y
18535,725.34,N,Young,F,15,B,INDIGO,N,NE,Y
18536,909.67,N,Elder,F,15,C,BROWN,S,SE,Y
18537,1014.11,N,Elder,M,18,B,BROWN,M,MW,Y
18538,704.32,N,Elder,M,16,B,BROWN,S,SE,Y
18539,657.24,N,Elder,M,14,A,PURPLE,M,ME,N
18540,1139.49,N,Elder,M,19,B,MAGENTA,S,SW,Y
18541,1346.74,Y,Young,M,21,C,BROWN,N,NE,Y
18542,766.36,N,Elder,F,13,B,BROWN,N,NW,Y
18543,685.85,N,Elder,M,15,B,INDIGO,M,MW,Y
18544,991.94,N,Elder,M,11,D,INDIGO,S,SW,Y
18545,1112.84,N,Elder,F,16,C,MAGENTA,S,SW,Y
18546,515.78,N,Elder,M,18,A,INDIGO,M,MW,N
18547,1396.45,Y,Young,F,16,D,INDIGO,N,NW,N
18548,672.27,N,Elder,F,13,B,MAGENTA,S,SW,N
18549,340.62,N,Elder,F,14,A,BROWN,S,SE,Y
18550,414.05,N,Young,M,16,A,INDIGO,S,SW,N
18551,929.93,N,Elder,F,16,C,MAGENTA,M,ME,N
18552,1190.65,N,Elder,M,17,C,MAGENTA,S,SW,N
18553,318.98,N,Elder,M,14,A,MAGENTA,N,NW,N
18554,1042.42,N,Elder,M,14,B,BROWN,N,NW,Y
18555,903.98,Y,Young,F,15,B,BROWN,S,SW,Y
18556,907.33,N,Young,M,16,B,BROWN,M,ME,Y
18557,529.42,N,Elder,F,18,A,PURPLE,S,SE,N
18558,917.38,N,Elder,F,22,A,INDIGO,S,SW,Y
18559,517.5,N,Elder,F,13,B,INDIGO,N,NE,N
18560,585.14,N,Elder,M,19,A,BROWN,N,NW,Y
18561,1134.18,N,Elder,F,21,B,BROWN,S,SW,Y
18562,909.22,N,Young,F,14,C,INDIGO,S,SW,N
18563,747.08,N,Elder,M,17,B,BROWN,S,SE,Y
18564,888.25,N,Elder,M,19,B,BROWN,N,NE,Y
18565,848.34,N,Elder,F,14,C,BROWN,S,SW,N
18566,786.86,Y,Elder,F,17,B,BROWN,N,NE,Y
18567,466.9,N,Elder,M,17,A,INDIGO,N,NE,Y
18568,2168.52,N,Elder,M,19,D,MAGENTA,N,NE,N
18569,718.3,Y,Young,F,10,B,MAGENTA,M,MW,N
18570,1043.36,Y,Elder,M,17,C,MAGENTA,M,ME,Y
18571,578.98,N,Elder,M,16,A,MAGENTA,M,MW,N
18572,916.36,N,Elder,M,17,B,PURPLE,M,ME,N
18573,344.27,N,Elder,M,15,A,BROWN,N,NE,Y
18574,1060.59,N,Elder,M,14,C,MAGENTA,S,SW,N
18575,1632.32,N,Elder,M,16,D,MAGENTA,N,NW,N
18576,831.15,N,Elder,M,14,C,INDIGO,S,SW,Y
18577,541.4,Y,Young,M,13,B,INDIGO,M,ME,Y
18578,500.87,N,Elder,F,12,B,INDIGO,M,MW,N
18579,730.56,N,Elder,M,19,A,INDIGO,N,NW,N
18580,923.88,N,Elder,F,16,B,INDIGO,M,ME,N
18581,1066.48,N,Elder,F,20,B,MAGENTA,S,SW,N
18582,1300.44,N,Elder,M,17,D,BROWN,N,NW,N
18583,507.42,N,Young,M,13,A,BROWN,N,NE,Y
18584,783.34,N,Elder,M,13,C,BROWN,N,NE,Y
18585,1774.48,Y,Elder,M,18,C,BROWN,M,ME,Y
18586,398.67,N,Elder,M,16,A,INDIGO,M,ME,N
18587,768.93,N,Elder,M,16,B,BROWN,S,SE,Y
18588,736.71,N,Elder,F,16,B,INDIGO,N,NE,Y
18589,792.13,N,Elder,M,12,B,BROWN,N,NW,Y
18590,670.28,N,Elder,F,16,B,PURPLE,S,SW,N
18591,905.14,N,Elder,M,16,B,INDIGO,N,NE,N
18592,663.41,N,Elder,M,21,A,BROWN,M,ME,N
18593,536.74,Y,Young,M,12,B,INDIGO,S,SE,N
18594,1127.52,N,Elder,M,16,C,BROWN,M,ME,Y
18595,1319.33,N,Elder,F,14,D,INDIGO,S,SE,Y
18596,1224.45,N,Young,F,15,D,INDIGO,S,SW,Y
18597,1258.16,Y,Elder,F,15,D,BROWN,N,NE,Y
18598,1090.88,N,Elder,M,17,C,PURPLE,N,NE,N
18599,899.59,N,Elder,M,15,C,INDIGO,S,SE,Y
18600,1444.77,N,Elder,M,14,D,MAGENTA,N,NE,N
18601,1194.51,N,Elder,F,14,C,BROWN,N,NW,Y
18602,1606.36,N,Elder,M,17,B,INDIGO,S,SE,Y
18603,1335.59,N,Elder,M,16,C,INDIGO,M,MW,Y
18604,595.92,N,Elder,M,13,B,BROWN,N,NE,Y
18605,899.96,N,Young,M,14,B,MAGENTA,N,NE,N
18606,633,N,Elder,M,12,B,INDIGO,N,NE,Y
18607,897.75,N,Elder,M,20,B,INDIGO,S,SE,Y
18608,859.46,N,Elder,F,16,B,BROWN,S,SW,N
18609,857.02,N,Elder,F,12,B,MAGENTA,M,MW,N
18610,523.04,N,Elder,F,15,A,INDIGO,N,NE,Y
18611,774.62,N,Elder,F,13,C,MAGENTA,S,SW,N
18612,801.27,N,Elder,M,17,A,INDIGO,M,ME,N
18613,808.51,N,Elder,M,20,A,INDIGO,S,SW,N
18614,557.56,N,Elder,M,14,B,BROWN,M,ME,Y
18615,669.47,N,Elder,M,15,B,INDIGO,N,NW,N
18616,531.55,N,Elder,M,16,A,BROWN,M,ME,Y
18617,765.82,N,Elder,M,21,A,BROWN,N,NW,N
18618,1025.24,Y,Elder,F,17,C,BROWN,N,NW,Y
18619,924.56,N,Elder,M,16,B,BROWN,N,NW,Y
18620,1357.2,N,Elder,M,16,B,INDIGO,M,ME,N
18621,784.24,N,Elder,M,18,B,INDIGO,S,SW,Y
18622,484.99,N,Elder,F,12,B,BROWN,S,SE,Y
18623,1100.15,N,Elder,M,18,B,INDIGO,N,NW,N
18624,802.54,N,Elder,M,13,C,INDIGO,M,MW,Y
18625,418.5,N,Elder,F,16,A,MAGENTA,M,ME,Y
18626,743.04,N,Elder,M,17,B,BROWN,N,NW,Y
18627,651.42,N,Elder,F,14,A,MAGENTA,N,NW,N
18628,875.64,N,Elder,M,19,A,BROWN,N,NE,N
18629,836.34,N,Elder,M,16,B,BROWN,M,ME,Y
18630,789.62,Y,Elder,M,18,B,INDIGO,M,ME,Y
18631,426.48,N,Elder,M,16,A,INDIGO,S,SW,Y
18632,885.5,Y,Elder,F,15,C,BROWN,N,NE,Y
18633,816.2,N,Elder,F,18,B,BROWN,N,NE,Y
18634,1432.96,N,Elder,M,19,B,INDIGO,M,MW,Y
18635,831.27,N,Elder,M,18,B,INDIGO,S,SE,N
18636,205.9,N,Elder,F,12,A,INDIGO,S,SW,N
18637,791.32,N,Elder,F,17,A,INDIGO,N,NW,N
18638,1097.14,N,Elder,M,13,B,BROWN,S,SE,Y
18639,741.48,N,Elder,M,15,B,INDIGO,N,NW,N
18640,901.7,Y,Young,F,13,C,INDIGO,M,MW,N
18641,934.07,N,Elder,M,16,C,MAGENTA,N,NW,N
18642,1184.49,N,Elder,M,15,B,INDIGO,M,MW,N
18643,2463.41,N,Elder,F,20,B,INDIGO,M,ME,N
18644,1343.09,N,Elder,M,19,B,INDIGO,N,NE,N
18645,939.19,N,Elder,F,16,C,MAGENTA,N,NW,N
18646,838.47,Y,Elder,M,19,B,BROWN,S,SE,Y
18647,710.83,N,Elder,M,17,B,MAGENTA,S,SW,N
18648,874.53,N,Elder,M,18,A,INDIGO,N,NW,N
18649,842.56,N,Elder,F,18,B,INDIGO,N,NW,N
18650,1365.35,N,Elder,M,18,D,INDIGO,M,MW,N
18651,291.92,N,Elder,M,14,A,BROWN,S,SW,Y
18652,1125.98,N,Elder,M,19,B,BROWN,M,ME,Y
18653,585.3,N,Elder,F,13,B,BROWN,N,NW,Y
18654,554.31,N,Elder,M,14,B,PURPLE,N,NW,N
18655,345.87,N,Elder,M,15,A,BROWN,M,MW,N
18656,1122,N,Elder,M,17,A,BROWN,N,NW,N
18657,531.16,N,Elder,F,18,A,INDIGO,M,ME,N
18658,406.19,N,Elder,F,16,A,MAGENTA,N,NW,N
18659,399.16,N,Elder,F,15,A,BROWN,M,ME,N
18660,942.34,N,Elder,F,16,C,MAGENTA,M,ME,N
18661,1138.11,N,Young,F,14,C,INDIGO,S,SE,N
18662,250.39,N,Elder,F,12,A,BROWN,N,NE,Y
18663,835.35,N,Elder,M,17,B,MAGENTA,M,MW,N
18664,943.18,N,Elder,M,20,B,BROWN,S,SW,Y
18665,1527.76,Y,Elder,M,16,B,INDIGO,N,NW,Y
18666,820.29,N,Elder,F,15,B,BROWN,M,MW,N
18667,1088.73,N,Elder,F,16,B,BROWN,N,NE,Y
18668,823.73,N,Elder,M,16,B,INDIGO,N,NW,N
18669,977.18,N,Elder,M,16,C,INDIGO,N,NW,N
18670,254.12,N,Elder,M,13,A,BROWN,N,NE,Y
18671,470.48,N,Elder,M,11,B,INDIGO,S,SW,N
18672,892.21,N,Elder,F,20,B,MAGENTA,M,MW,N
18673,566.5,N,Elder,F,13,B,MAGENTA,M,MW,Y
18674,1053.08,N,Elder,M,17,C,INDIGO,S,SW,Y
18675,1409.87,N,Elder,F,21,A,PURPLE,M,MW,N
18676,1138.32,N,Elder,M,17,C,BROWN,M,ME,Y
18677,683.25,N,Elder,M,14,B,INDIGO,M,ME,Y
18678,605.95,N,Elder,F,15,B,BROWN,M,MW,Y
18679,606.35,N,Elder,M,15,B,BROWN,S,SW,Y
18680,901.4,N,Elder,F,14,C,MAGENTA,N,NW,N
18681,999.81,N,Elder,F,16,A,BROWN,N,NW,Y
18682,1387.4,N,Elder,M,14,B,BROWN,N,NE,N
18683,414.66,N,Elder,M,16,A,INDIGO,N,NE,Y
18684,383.85,N,Elder,F,14,A,INDIGO,M,MW,N
18685,450.84,N,Elder,F,16,A,BROWN,N,NW,Y
18686,974.68,N,Elder,M,26,A,INDIGO,N,NE,N
18687,819.82,N,Elder,F,12,C,MAGENTA,M,MW,N
18688,522.39,N,Elder,M,18,A,INDIGO,S,SW,Y
18689,527.08,N,Elder,F,13,B,PURPLE,N,NW,N
18690,702.28,N,Elder,F,16,B,INDIGO,S,SW,Y
18691,947.73,N,Young,M,16,A,MAGENTA,N,NW,N
18692,830.83,Y,Young,M,16,B,INDIGO,N,NW,Y
18693,419.95,N,Elder,M,15,A,INDIGO,M,MW,N
18694,447.72,N,Elder,F,16,A,INDIGO,S,SW,Y
18695,1141.29,N,Young,M,19,C,BROWN,N,NE,N
18696,1096.36,N,Elder,F,19,C,BROWN,N,NE,Y
18697,779.06,N,Elder,M,16,B,INDIGO,M,ME,N
18698,424.64,N,Elder,F,15,A,BROWN,N,NW,Y
18699,928.29,N,Elder,F,20,A,BROWN,M,MW,Y
18700,743.1,N,Elder,F,14,A,BROWN,N,NW,N
18701,1067.34,N,Elder,M,17,C,MAGENTA,N,NW,N
18702,881.06,N,Elder,F,18,B,BROWN,N,NE,Y
18703,1128.94,N,Elder,M,13,A,BROWN,N,NW,N
18704,739.01,N,Elder,F,16,A,BROWN,M,MW,Y
18705,1011.58,N,Elder,F,21,B,BROWN,M,MW,Y
18706,1319.35,N,Elder,M,16,C,BROWN,N,NE,Y
18707,1294.61,Y,Elder,F,15,C,INDIGO,M,ME,Y
18708,970.71,N,Elder,M,19,B,BROWN,M,MW,Y
18709,1292.47,N,Elder,M,21,C,BROWN,M,MW,N
18710,679.65,N,Elder,M,16,B,MAGENTA,S,SW,Y
18711,827.19,N,Elder,M,19,B,MAGENTA,S,SE,Y
18712,933.04,N,Elder,F,17,B,BROWN,N,NW,Y
18713,389.43,Y,Elder,F,15,A,BROWN,M,MW,N
18714,1042.35,N,Elder,F,15,C,BROWN,M,MW,Y
18715,1030.14,Y,Elder,F,15,C,MAGENTA,M,MW,Y
18716,1101.89,N,Elder,F,19,C,INDIGO,S,SE,N
18717,1307.73,N,Elder,M,16,D,INDIGO,S,SE,N
18718,790.48,N,Elder,M,14,B,BROWN,M,ME,N
18719,722.21,N,Elder,F,17,B,MAGENTA,N,NW,N
18720,894.05,N,Elder,M,15,C,BROWN,M,ME,Y
18721,1094.33,N,Elder,M,19,C,MAGENTA,M,ME,Y
18722,858.14,N,Elder,M,18,B,INDIGO,M,MW,N
18723,440.44,N,Elder,M,16,A,MAGENTA,M,ME,Y
18724,1554.04,N,Elder,M,18,D,INDIGO,S,SW,N
18725,364.58,N,Elder,M,15,A,BROWN,S,SW,N
18726,1045.58,N,Young,F,18,C,MAGENTA,N,NW,N
18727,348.89,N,Elder,M,15,A,INDIGO,M,MW,N
18728,1025.49,N,Elder,F,19,B,MAGENTA,S,SE,N
18729,717.03,N,Elder,F,18,A,MAGENTA,N,NW,N
18730,398.27,N,Elder,F,14,A,INDIGO,M,MW,N
18731,820.88,N,Elder,M,13,C,INDIGO,N,NE,Y
18732,643.76,Y,Elder,F,14,B,BROWN,N,NE,Y
18733,1039.23,N,Elder,M,21,B,BROWN,N,NW,N
18734,960,N,Elder,M,13,C,BROWN,N,NE,Y
18735,1707.71,N,Elder,M,19,C,PURPLE,S,SW,N
18736,611.81,N,Elder,F,14,B,BROWN,N,NE,Y
18737,680.35,N,Elder,F,19,A,BROWN,M,MW,N
18738,901.46,N,Elder,M,20,B,BROWN,M,MW,Y
18739,458.86,N,Elder,M,12,B,INDIGO,S,SE,N
18740,182.16,N,Young,F,12,A,INDIGO,M,MW,Y
18741,1149.73,N,Elder,M,20,C,INDIGO,M,ME,N
18742,915.04,N,Young,M,17,B,BROWN,M,ME,N
18743,774.75,N,Elder,M,18,B,MAGENTA,N,NW,Y
18744,1072.63,N,Elder,M,23,B,BROWN,M,MW,N
18745,1178.37,N,Elder,M,12,D,INDIGO,N,NW,N
18746,775.8,N,Elder,M,14,B,MAGENTA,M,ME,N
18747,615.05,N,Elder,M,17,A,INDIGO,M,ME,Y
18748,593.33,N,Elder,F,14,A,PURPLE,N,NW,N
18749,370.24,Y,Elder,F,15,A,BROWN,S,SW,Y
18750,707.93,N,Elder,F,14,B,INDIGO,S,SE,Y
18751,659.36,N,Elder,M,19,A,INDIGO,M,MW,Y
18752,737.51,Y,Young,M,17,B,INDIGO,S,SW,Y
18753,550.21,N,Elder,F,12,B,INDIGO,N,NE,N
18754,780.42,Y,Elder,M,18,B,BROWN,S,SE,Y
18755,815.1,N,Elder,F,13,C,INDIGO,S,SW,N
18756,769.24,Y,Elder,F,15,B,BROWN,S,SE,Y
18757,1264.71,N,Elder,M,22,B,MAGENTA,N,NE,Y
18758,1272.67,Y,Elder,M,22,C,MAGENTA,N,NE,N
18759,1157.72,N,Elder,F,20,C,MAGENTA,M,ME,N
18760,684.45,N,Young,M,16,B,BROWN,M,MW,Y
18761,976.4,N,Elder,M,14,B,BROWN,N,NE,Y
18762,442.98,Y,Elder,F,17,A,MAGENTA,N,NW,Y
18763,396.05,N,Elder,F,15,A,MAGENTA,S,SW,Y
18764,1580.76,N,Elder,M,19,B,INDIGO,N,NE,N
18765,352.71,Y,Young,M,13,A,INDIGO,N,NE,Y
18766,661.07,N,Young,F,17,A,INDIGO,M,ME,N
18767,686.14,N,Elder,F,15,A,INDIGO,M,ME,N
18768,1084.68,N,Elder,M,19,B,BROWN,S,SW,Y
18769,1098.15,N,Elder,M,17,C,INDIGO,M,MW,Y
18770,654.68,N,Elder,F,21,A,BROWN,N,NE,Y
18771,663.97,N,Elder,F,16,B,BROWN,N,NW,Y
18772,668.05,N,Elder,M,16,B,BROWN,M,ME,Y
18773,1204.78,N,Elder,M,19,B,BROWN,N,NW,N
18774,744.49,N,Elder,F,17,B,INDIGO,M,ME,Y
18775,222.69,N,Elder,M,13,A,BROWN,N,NE,N
18776,757.37,N,Elder,M,17,B,INDIGO,N,NE,N
18777,673.38,N,Elder,M,19,A,INDIGO,S,SW,N
18778,979.19,Y,Young,M,13,C,BROWN,S,SE,Y
18779,577.89,N,Elder,F,13,A,BROWN,N,NW,Y
18780,1019.46,N,Elder,M,18,B,MAGENTA,N,NW,N
18781,745.28,N,Elder,F,15,A,BROWN,M,ME,Y
18782,1342.15,N,Elder,M,21,C,INDIGO,M,MW,N
18783,1053.76,N,Elder,M,16,C,BROWN,M,MW,Y
18784,1052.15,N,Elder,M,16,C,INDIGO,N,NE,Y
18785,703.67,Y,Elder,M,13,B,BROWN,N,NW,Y
18786,609.24,N,Elder,M,15,B,BROWN,N,NW,N
18787,929.92,N,Young,F,18,B,INDIGO,N,NE,Y
18788,583.58,N,Elder,F,13,B,MAGENTA,S,SW,N
18789,681.68,N,Elder,M,15,B,BROWN,S,SE,Y
18790,1022.08,N,Elder,M,20,A,MAGENTA,M,MW,N
18791,343.7,N,Elder,F,15,A,INDIGO,S,SW,N
18792,411.65,N,Elder,F,16,A,BROWN,M,ME,Y
18793,825.89,N,Elder,M,20,A,BROWN,N,NW,Y
18794,867.43,N,Elder,F,19,B,MAGENTA,N,NW,N
18795,1015.99,N,Elder,F,19,B,INDIGO,N,NE,Y
18796,804.55,N,Elder,M,16,B,BROWN,N,NE,Y
18797,476.6,N,Elder,M,13,A,INDIGO,M,ME,Y
18798,993.15,N,Elder,M,18,B,BROWN,N,NE,Y
18799,889.36,N,Elder,F,12,C,BROWN,N,NW,Y
18800,751.96,N,Elder,F,15,B,BROWN,M,ME,Y
18801,885.25,N,Elder,M,18,B,BROWN,N,NE,Y
18802,451.13,N,Elder,F,17,A,MAGENTA,N,NW,N
18803,1225.48,N,Elder,M,19,C,INDIGO,M,ME,Y
18804,405.02,N,Elder,M,13,A,INDIGO,S,SW,N
18805,1724.54,Y,Elder,F,18,D,INDIGO,S,SE,N
18806,416.33,N,Elder,M,16,A,BROWN,M,MW,Y
18807,422.39,N,Elder,F,16,A,INDIGO,M,MW,N
18808,327.92,N,Elder,F,14,A,MAGENTA,S,SE,N
18809,1109.42,N,Young,M,18,A,BROWN,M,ME,Y
18810,496.43,N,Elder,M,17,A,MAGENTA,M,MW,N
18811,726.2,N,Elder,F,14,B,MAGENTA,M,MW,N
18812,1077.22,N,Elder,F,18,C,BROWN,N,NW,N
18813,457.5,N,Elder,F,16,A,BROWN,N,NW,Y
18814,630.01,N,Elder,M,14,B,MAGENTA,N,NE,N
18815,1372.76,N,Elder,F,10,C,INDIGO,N,NW,N
18816,1104.51,N,Elder,M,17,C,BROWN,M,ME,N
18817,388.31,N,Elder,F,15,A,PURPLE,S,SE,N
18818,773.97,Y,Young,M,13,C,BROWN,M,ME,Y
18819,359.54,N,Elder,M,15,A,BROWN,M,ME,N
18820,181.72,N,Elder,M,12,A,MAGENTA,N,NE,Y
18821,1116.84,N,Elder,M,17,C,INDIGO,N,NW,Y
18822,1031.62,N,Elder,M,20,B,INDIGO,M,ME,Y
18823,374.39,N,Elder,M,13,A,INDIGO,N,NW,Y
18824,702.88,Y,Young,M,15,B,BROWN,M,MW,Y
18825,1101.77,N,Elder,F,16,A,BROWN,M,MW,Y
18826,720.17,N,Elder,M,17,B,BROWN,M,ME,Y
18827,844.19,N,Elder,F,18,A,INDIGO,N,NW,Y
18828,1049.08,N,Elder,M,19,A,INDIGO,S,SE,N
18829,975.08,N,Elder,M,19,B,INDIGO,M,MW,N
18830,1606.03,Y,Elder,F,17,C,INDIGO,N,NE,Y
18831,982.95,N,Elder,M,17,C,BROWN,M,ME,Y
18832,531.84,N,Elder,M,17,A,INDIGO,S,SW,N
18833,890.36,Y,Elder,M,12,B,MAGENTA,S,SW,N
18834,1614.89,N,Elder,F,20,C,INDIGO,S,SE,N
18835,751.93,N,Elder,F,14,A,INDIGO,N,NE,Y
18836,1263.56,N,Elder,M,20,C,INDIGO,S,SW,N
18837,1311.33,N,Elder,M,18,C,MAGENTA,M,ME,N
18838,1277.18,N,Elder,M,22,C,MAGENTA,N,NW,N
18839,628.63,N,Young,M,14,B,BROWN,N,NW,N
18840,779.21,N,Elder,M,18,B,MAGENTA,S,SE,N
18841,813.83,N,Elder,F,17,B,MAGENTA,M,MW,Y
18842,760.76,N,Elder,F,15,B,BROWN,S,SW,Y
18843,872.67,N,Elder,M,19,B,MAGENTA,N,NW,N
18844,939.96,N,Elder,F,16,C,BROWN,N,NW,N
18845,808.04,N,Elder,M,18,B,MAGENTA,N,NW,Y
18846,913.65,N,Elder,M,12,B,BROWN,N,NE,N
18847,941.62,N,Elder,F,16,B,INDIGO,N,NE,Y
18848,602.27,N,Elder,F,15,B,BROWN,N,NW,Y
18849,1020.15,N,Elder,F,12,C,MAGENTA,N,NW,Y
18850,63.35,N,Elder,F,10,A,BROWN,M,ME,Y
18851,849.91,N,Elder,F,16,A,MAGENTA,N,NE,N
18852,629.91,N,Elder,F,16,A,INDIGO,S,SE,Y
18853,1007.66,N,Elder,M,17,C,PURPLE,S,SE,N
18854,1493.86,N,Elder,M,16,D,BROWN,M,MW,N
18855,730.13,N,Elder,M,16,B,INDIGO,N,NW,Y
18856,318.43,N,Elder,M,14,A,INDIGO,S,SW,Y
18857,459.39,N,Elder,F,12,B,BROWN,M,MW,Y
18858,1131.95,N,Elder,M,18,B,MAGENTA,N,NW,N
18859,628.82,N,Elder,F,19,A,INDIGO,N,NW,N
18860,373.67,N,Elder,M,15,A,BROWN,M,MW,Y
18861,858.27,N,Elder,F,15,A,INDIGO,N,NW,Y
18862,619.05,Y,Elder,M,15,B,BROWN,S,SE,Y
18863,534.06,N,Elder,F,13,A,INDIGO,S,SW,N
18864,974.98,N,Elder,F,16,C,BROWN,M,ME,Y
18865,692.35,N,Elder,F,17,A,MAGENTA,M,ME,N
18866,1175.33,N,Elder,M,20,C,BROWN,N,NE,Y
18867,356.35,N,Elder,M,15,A,INDIGO,N,NE,Y
18868,1409.62,N,Elder,F,16,C,MAGENTA,N,NW,N
18869,857.45,N,Elder,F,16,B,MAGENTA,N,NE,N
18870,488.55,N,Elder,M,16,A,MAGENTA,M,MW,N
18871,1144.34,N,Elder,F,13,C,BROWN,M,ME,Y
18872,478.66,N,Elder,M,16,A,PURPLE,S,SW,N
18873,1102.03,N,Elder,M,23,B,BROWN,M,ME,Y
18874,1055.46,Y,Young,F,15,C,INDIGO,N,NW,Y
18875,1177.7,N,Elder,M,19,C,PURPLE,M,ME,N
18876,651.23,Y,Elder,M,15,B,MAGENTA,M,MW,Y
18877,447.54,Y,Young,M,16,A,BROWN,S,SW,Y
18878,740.13,N,Elder,M,17,B,BROWN,M,MW,Y
18879,1433.02,N,Elder,F,18,D,INDIGO,M,MW,Y
18880,564.37,N,Elder,M,19,A,BROWN,S,SW,N
18881,623.1,N,Young,M,20,A,PURPLE,S,SE,N
18882,481.17,N,Elder,M,17,A,BROWN,M,MW,Y
18883,477.55,N,Young,M,17,A,INDIGO,M,ME,N
18884,559.69,N,Elder,M,16,A,INDIGO,M,ME,Y
18885,1572.19,N,Elder,F,24,B,INDIGO,S,SE,Y
18886,1100.18,N,Elder,F,14,B,INDIGO,N,NE,N
18887,690.94,N,Elder,M,16,B,INDIGO,N,NW,N
18888,659.95,N,Elder,F,14,B,INDIGO,M,ME,N
18889,1281.46,N,Elder,F,18,C,BROWN,N,NW,Y
18890,1392.28,N,Elder,M,20,B,MAGENTA,M,MW,N
18891,722.95,N,Elder,F,19,A,BROWN,N,NE,N
18892,305.2,N,Elder,F,14,A,BROWN,N,NW,Y
18893,643.36,N,Elder,F,14,B,BROWN,S,SW,Y
18894,1255.13,Y,Elder,F,16,C,BROWN,M,ME,N
18895,744.11,N,Elder,F,15,A,INDIGO,M,MW,N
18896,685.88,N,Elder,F,20,A,PURPLE,N,NE,N
18897,366.19,N,Elder,F,14,A,MAGENTA,M,MW,Y
18898,805.11,N,Elder,F,16,B,INDIGO,N,NE,N
18899,777.3,N,Elder,F,16,B,BROWN,N,NW,Y
18900,1399.27,Y,Elder,F,16,C,BROWN,M,MW,Y
18901,264.05,N,Elder,F,13,A,BROWN,S,SE,Y
18902,719.75,N,Young,M,15,B,BROWN,M,ME,N
18903,2018.64,N,Elder,M,15,B,INDIGO,S,SE,N
18904,658.33,N,Elder,M,20,A,INDIGO,M,MW,N
18905,849.32,N,Elder,F,18,A,BROWN,M,MW,Y
18906,1130.9,N,Elder,M,19,C,BROWN,S,SW,Y
18907,770.32,N,Elder,M,18,B,MAGENTA,N,NE,Y
18908,496.78,N,Elder,F,13,B,INDIGO,M,ME,N
18909,1028.34,N,Elder,F,15,B,MAGENTA,N,NW,N
18910,1091.12,N,Elder,M,19,C,MAGENTA,N,NW,N
18911,1380.66,Y,Elder,M,18,D,MAGENTA,N,NW,Y
18912,1049.14,N,Elder,M,17,C,INDIGO,M,MW,N
18913,832.94,N,Elder,F,18,B,BROWN,N,NE,Y
18914,393.35,N,Elder,M,16,A,MAGENTA,M,ME,N
18915,1807.25,N,Elder,F,16,C,BROWN,M,MW,Y
18916,1230.46,N,Elder,M,18,C,BROWN,N,NW,Y
18917,390.3,N,Elder,M,15,A,MAGENTA,N,NW,N
18918,692.83,N,Elder,M,14,B,INDIGO,N,NW,N
18919,924.94,Y,Young,F,13,B,INDIGO,N,NE,Y
18920,1044.32,N,Elder,F,14,B,INDIGO,M,MW,N
18921,940.79,N,Elder,M,16,B,BROWN,N,NE,Y
18922,232.26,N,Elder,M,13,A,BROWN,N,NE,Y
18923,839.17,N,Elder,M,17,B,MAGENTA,N,NE,N
18924,652.99,N,Elder,M,15,B,BROWN,S,SW,Y
18925,380.02,N,Elder,M,15,A,BROWN,S,SW,N
18926,592.39,N,Elder,M,14,B,BROWN,N,NE,N
18927,895.28,N,Elder,F,16,B,INDIGO,M,MW,Y
18928,730.19,N,Elder,M,16,A,BROWN,S,SW,Y
18929,341.37,N,Elder,F,15,A,MAGENTA,M,MW,Y
18930,499.34,N,Elder,M,17,A,INDIGO,M,MW,Y
18931,930.68,N,Elder,M,15,C,INDIGO,S,SW,N
18932,829.86,N,Elder,M,18,B,BROWN,N,NW,Y
18933,1052.88,N,Elder,M,17,A,BROWN,M,MW,N
18934,1125.43,N,Elder,F,18,C,INDIGO,N,NW,N
18935,392.06,N,Elder,F,16,A,INDIGO,M,ME,N
18936,663.68,N,Elder,M,16,B,MAGENTA,M,MW,Y
18937,553.08,N,Elder,M,19,A,INDIGO,N,NE,N
18938,102.73,Y,Elder,M,10,A,MAGENTA,M,MW,Y
18939,1121.18,N,Elder,M,17,B,MAGENTA,S,SE,Y
18940,320.63,N,Elder,M,13,A,INDIGO,N,NW,N
18941,371.42,Y,Young,F,10,B,BROWN,M,MW,Y
18942,341.27,N,Elder,F,15,A,MAGENTA,N,NW,N
18943,1254.69,Y,Elder,F,14,D,BROWN,S,SE,N
18944,1058.39,N,Elder,M,17,C,MAGENTA,N,NE,N
18945,672.03,N,Elder,F,16,B,INDIGO,M,MW,N
18946,1484.09,N,Young,M,15,B,BROWN,S,SW,Y
18947,914.43,N,Elder,M,16,B,BROWN,N,NW,N
18948,897.34,N,Elder,M,19,B,BROWN,M,MW,Y
18949,940.8,N,Elder,F,17,A,BROWN,S,SW,N
18950,619.21,N,Elder,F,15,B,BROWN,N,NE,N
18951,441.47,N,Elder,M,16,A,BROWN,M,ME,Y
18952,472.74,N,Elder,M,17,A,BROWN,M,ME,N
18953,698.82,N,Elder,M,16,B,MAGENTA,N,NW,N
18954,622.98,N,Elder,M,18,A,BROWN,N,NE,Y
18955,884.27,N,Elder,M,18,A,INDIGO,M,MW,N
18956,798.07,N,Elder,F,12,C,INDIGO,M,MW,Y
18957,385.78,N,Elder,M,16,A,BROWN,N,NW,Y
18958,900.18,N,Elder,F,20,B,MAGENTA,M,ME,N
18959,915.74,N,Elder,M,13,B,BROWN,N,NW,Y
18960,1397.29,N,Elder,M,14,C,INDIGO,N,NW,Y
18961,633.9,N,Elder,M,14,B,MAGENTA,M,ME,N
18962,722.77,N,Elder,M,16,B,BROWN,N,NW,Y
18963,1042.99,N,Elder,M,18,C,MAGENTA,S,SW,Y
18964,865.58,N,Elder,F,16,B,INDIGO,M,MW,Y
18965,846.21,N,Elder,F,19,B,MAGENTA,S,SE,Y
18966,502.56,N,Elder,M,18,A,BROWN,N,NW,Y
18967,724.76,N,Elder,M,17,B,PURPLE,M,MW,N
18968,462.12,N,Elder,M,17,A,BROWN,N,NE,Y
18969,1231.4,N,Elder,F,17,C,PURPLE,M,MW,N
18970,876.52,N,Elder,F,20,B,INDIGO,M,ME,N
18971,891.73,N,Elder,M,19,B,INDIGO,S,SW,N
18972,802.83,N,Elder,F,18,B,PURPLE,M,ME,N
18973,1339.52,N,Elder,M,13,A,INDIGO,S,SE,N
18974,1142.97,N,Elder,F,14,D,BROWN,M,MW,Y
18975,1394.94,N,Elder,F,15,C,MAGENTA,S,SE,N
18976,1209.09,N,Elder,M,16,D,BROWN,M,MW,Y
18977,579.91,N,Elder,M,17,A,INDIGO,S,SW,Y
18978,765.59,N,Elder,F,14,B,INDIGO,S,SW,Y
18979,971.24,N,Elder,F,26,A,MAGENTA,M,ME,Y
18980,1114.52,N,Elder,M,13,B,INDIGO,N,NW,N
18981,595.73,N,Elder,F,14,B,BROWN,M,MW,Y
18982,788.44,N,Elder,F,13,C,MAGENTA,M,MW,Y
18983,795.8,N,Elder,F,11,C,INDIGO,M,ME,N
18984,597.25,Y,Elder,M,13,B,BROWN,M,ME,Y
18985,1105.49,N,Elder,F,16,B,MAGENTA,N,NE,N
18986,1220.15,N,Elder,M,18,C,MAGENTA,M,ME,N
18987,300.14,N,Elder,M,13,A,INDIGO,M,MW,Y
18988,979.34,N,Elder,F,16,C,MAGENTA,N,NW,N
18989,661.64,N,Elder,M,16,B,BROWN,M,ME,Y
18990,1087.72,N,Elder,M,18,C,BROWN,N,NE,Y
18991,1041.32,Y,Elder,F,13,D,INDIGO,S,SW,Y
18992,469.58,N,Elder,M,15,A,MAGENTA,S,SE,N
18993,750.65,N,Elder,M,16,A,INDIGO,N,NE,N
18994,1337.32,N,Elder,F,16,A,INDIGO,M,ME,Y
18995,895.88,N,Elder,M,15,C,INDIGO,N,NE,N
18996,480.9,N,Elder,M,12,A,BROWN,N,NE,Y
18997,231.27,Y,Young,F,13,A,BROWN,M,ME,Y
18998,393.27,N,Elder,M,16,A,BROWN,M,MW,Y
18999,362.68,N,Elder,F,14,A,INDIGO,M,MW,N
19000,1032.84,N,Elder,F,17,C,INDIGO,N,NW,Y
19001,352.49,N,Elder,F,15,A,MAGENTA,M,MW,N
19002,691.47,N,Elder,M,15,B,PURPLE,S,SE,N
19003,893.56,N,Elder,F,14,B,PURPLE,S,SE,N
19004,1236.68,Y,Elder,F,17,C,MAGENTA,S,SW,Y
19005,874.52,N,Elder,M,17,B,BROWN,S,SE,N
19006,1359.07,Y,Elder,F,21,B,BROWN,S,SE,Y
19007,964.78,N,Elder,M,16,C,BROWN,S,SW,Y
19008,753.07,N,Young,F,15,B,INDIGO,M,MW,N
19009,484.12,N,Elder,M,15,A,INDIGO,M,MW,N
19010,1308.29,Y,Elder,M,18,D,INDIGO,S,SE,Y
19011,829.78,N,Elder,F,17,B,INDIGO,N,NW,N
19012,1492.46,N,Elder,M,18,B,MAGENTA,M,ME,N
19013,821.35,N,Elder,M,14,C,BROWN,N,NW,Y
19014,288.59,N,Elder,F,14,A,MAGENTA,S,SE,N
19015,779.96,N,Elder,M,17,B,BROWN,M,ME,Y
19016,1229.92,N,Elder,M,21,C,INDIGO,M,ME,N
19017,708.07,N,Young,F,16,B,BROWN,N,NE,Y
19018,636,Y,Young,F,14,B,PURPLE,S,SW,N
19019,660.31,N,Elder,M,16,B,PURPLE,M,MW,N
19020,1012.49,N,Elder,M,16,A,BROWN,N,NE,Y
19021,983.63,N,Elder,F,17,B,BROWN,N,NE,Y
19022,1052.57,N,Elder,F,19,B,BROWN,N,NW,Y
19023,1436.9,N,Elder,M,18,B,BROWN,M,ME,Y
19024,379.1,N,Elder,F,13,A,INDIGO,S,SW,Y
19025,796.12,N,Elder,F,17,B,BROWN,N,NW,N
19026,483,N,Elder,F,17,A,BROWN,N,NE,N
19027,690.52,N,Elder,M,19,A,INDIGO,S,SE,Y
19028,866.39,N,Elder,M,14,C,BROWN,S,SW,N
19029,662.91,N,Elder,F,16,B,BROWN,S,SE,Y
19030,1163.53,N,Elder,M,19,C,MAGENTA,N,NW,N
19031,776.77,N,Elder,M,18,B,MAGENTA,M,MW,N
19032,671.04,N,Elder,M,16,B,INDIGO,M,MW,Y
19033,997.8,N,Elder,F,14,A,BROWN,S,SW,Y
19034,317.43,N,Elder,M,14,A,BROWN,M,MW,N
19035,453.45,N,Elder,M,17,A,INDIGO,S,SW,N
19036,391.45,N,Elder,F,16,A,MAGENTA,M,ME,N
19037,731.98,N,Elder,M,16,A,BROWN,M,MW,Y
19038,312.35,N,Elder,M,14,A,INDIGO,M,ME,N
19039,1390.94,Y,Young,F,22,A,BROWN,M,ME,Y
19040,1130.83,N,Elder,M,14,C,MAGENTA,N,NE,N
19041,604.36,N,Elder,M,17,A,INDIGO,N,NW,Y
19042,832.08,N,Elder,M,16,B,INDIGO,M,MW,Y
19043,632.58,N,Elder,M,18,A,BROWN,N,NW,N
19044,941.52,N,Elder,F,15,C,BROWN,M,MW,Y
19045,435.3,N,Elder,M,15,A,INDIGO,N,NE,N
19046,607.87,N,Elder,F,18,A,INDIGO,M,MW,Y
19047,1144.04,N,Elder,F,16,B,MAGENTA,M,ME,N
19048,791.51,N,Young,M,13,C,MAGENTA,N,NE,N
19049,1111.88,N,Elder,M,11,B,INDIGO,N,NW,N
19050,1171.05,N,Elder,M,16,C,BROWN,N,NE,Y
19051,637.49,N,Elder,M,15,B,MAGENTA,N,NW,N
19052,1162.24,N,Elder,F,18,B,BROWN,N,NE,N
19053,1040.48,N,Elder,M,18,C,INDIGO,S,SW,Y
19054,547.76,N,Elder,F,14,B,BROWN,S,SE,Y
19055,1149.45,N,Elder,F,23,A,MAGENTA,N,NE,N
19056,935.72,N,Elder,F,15,C,MAGENTA,M,ME,N
19057,663.83,N,Elder,M,16,B,BROWN,N,NE,Y
19058,1213.42,Y,Elder,M,18,C,INDIGO,M,MW,Y
19059,1362.96,N,Elder,M,14,D,MAGENTA,N,NW,Y
19060,1161.59,N,Elder,M,13,B,BROWN,M,ME,Y
19061,804.07,N,Elder,M,18,B,BROWN,M,ME,Y
19062,633.84,N,Elder,M,19,A,BROWN,N,NW,N
19063,1022.37,N,Elder,M,17,C,INDIGO,S,SE,Y
19064,407.9,Y,Elder,M,16,A,MAGENTA,N,NW,N
19065,832.66,N,Elder,M,20,A,BROWN,N,NE,N
19066,780.54,N,Elder,F,18,B,INDIGO,M,MW,N
19067,697.01,N,Elder,M,21,A,MAGENTA,M,MW,Y
19068,890.41,N,Elder,M,19,B,INDIGO,N,NE,N
19069,878.9,Y,Elder,F,18,A,BROWN,M,MW,Y
19070,1891.99,N,Elder,M,18,C,INDIGO,S,SE,Y
19071,682.87,N,Elder,M,13,B,BROWN,M,MW,N
19072,993.51,N,Elder,F,16,C,MAGENTA,N,NE,N
19073,1561.62,N,Elder,M,14,C,MAGENTA,M,MW,Y
19074,1245.98,N,Elder,M,16,D,PURPLE,N,NE,N
19075,845.21,Y,Elder,M,17,B,BROWN,M,ME,Y
19076,634.85,Y,Elder,M,20,A,INDIGO,N,NE,Y
19077,760.52,Y,Elder,F,15,B,BROWN,M,MW,Y
19078,453.65,N,Elder,F,16,A,BROWN,M,MW,Y
19079,1174.69,N,Elder,F,20,C,MAGENTA,S,SW,N
19080,1098.6,N,Elder,M,18,C,BROWN,M,MW,Y
19081,1444.55,N,Elder,F,24,C,BROWN,M,ME,Y
19082,783.82,N,Elder,M,14,B,MAGENTA,M,MW,N
19083,769.04,N,Elder,M,16,B,INDIGO,N,NW,N
19084,895.78,N,Elder,M,20,B,MAGENTA,S,SE,N
19085,688.35,Y,Young,M,9,C,MAGENTA,N,NW,Y
19086,861.23,N,Elder,F,14,B,INDIGO,S,SW,N
19087,973.5,N,Elder,F,15,C,MAGENTA,M,MW,Y
19088,875.78,N,Elder,M,15,C,BROWN,N,NW,Y
19089,324.35,N,Elder,F,14,A,BROWN,N,NE,N
19090,497.48,N,Elder,M,18,A,INDIGO,M,ME,Y
19091,371.28,N,Elder,M,15,A,INDIGO,M,MW,Y
19092,722.56,N,Elder,F,12,C,BROWN,M,MW,Y
19093,614.98,N,Elder,M,17,A,INDIGO,N,NW,Y
19094,967.87,Y,Elder,M,17,B,MAGENTA,N,NE,N
19095,551.73,N,Young,F,13,B,INDIGO,M,ME,N
19096,388.95,N,Elder,M,16,A,INDIGO,M,MW,Y
19097,708.02,N,Elder,F,12,C,MAGENTA,S,SW,Y
19098,1054.85,N,Elder,M,19,B,INDIGO,N,NW,Y
19099,496.5,N,Elder,F,18,A,INDIGO,M,ME,N
19100,621.35,N,Elder,F,14,B,INDIGO,N,NE,N
19101,623.03,N,Elder,F,15,B,BROWN,M,MW,Y
19102,825.55,N,Elder,F,14,C,INDIGO,N,NE,Y
19103,721.91,N,Elder,F,17,B,INDIGO,S,SW,N
19104,828.32,N,Elder,M,17,B,BROWN,N,NW,N
19105,610.03,N,Elder,M,18,A,INDIGO,S,SE,Y
19106,1035.08,N,Elder,M,16,C,MAGENTA,N,NW,N
19107,1171.61,N,Elder,M,15,B,BROWN,S,SE,Y
19108,790.53,N,Elder,M,16,B,INDIGO,M,MW,N
19109,1058.13,N,Elder,F,18,C,BROWN,S,SW,Y
19110,1449.82,N,Elder,M,18,D,BROWN,N,NE,Y
19111,832.26,N,Elder,F,17,B,BROWN,S,SW,Y
19112,1420.09,N,Elder,M,17,D,INDIGO,S,SE,N
19113,576.56,N,Elder,F,19,A,BROWN,N,NE,Y
19114,1475.9,N,Elder,M,16,C,MAGENTA,S,SE,Y
19115,1021.76,Y,Young,F,9,D,BROWN,N,NE,Y
19116,876.45,N,Elder,F,11,C,BROWN,M,MW,Y
19117,1107.35,N,Elder,M,19,C,INDIGO,N,NW,N
19118,468.75,N,Elder,F,12,B,BROWN,M,ME,Y
19119,799.18,N,Elder,M,17,B,MAGENTA,M,MW,N
19120,588.22,Y,Elder,M,18,A,INDIGO,S,SW,Y
19121,691.75,N,Elder,F,13,B,INDIGO,S,SW,N
19122,1374.2,N,Elder,F,12,D,PURPLE,M,ME,N
19123,924.12,N,Elder,M,12,C,BROWN,M,MW,N
19124,627.99,N,Elder,M,12,B,INDIGO,S,SE,N
19125,289.74,N,Elder,M,14,A,BROWN,S,SW,N
19126,665.87,Y,Elder,F,16,B,BROWN,N,NW,Y
19127,1111.56,N,Elder,F,12,C,BROWN,S,SW,Y
19128,1013.69,N,Elder,M,22,B,BROWN,S,SW,Y
19129,1339.44,Y,Elder,F,16,D,BROWN,S,SW,Y
19130,606.37,N,Elder,M,15,B,MAGENTA,M,MW,Y
19131,1213.38,N,Elder,M,16,D,PURPLE,S,SE,N
19132,279.31,N,Elder,F,13,A,INDIGO,N,NW,N
19133,166.36,N,Elder,M,12,A,MAGENTA,M,MW,N
19134,1374.35,N,Elder,M,19,B,BROWN,M,MW,Y
19135,1132.68,N,Elder,M,18,B,BROWN,M,MW,N
19136,2343.34,N,Elder,M,16,D,INDIGO,N,NE,Y
19137,1106.24,N,Elder,M,18,A,BROWN,N,NE,Y
19138,1368.56,N,Elder,F,15,C,MAGENTA,S,SE,N
19139,1208.59,N,Elder,F,21,B,INDIGO,S,SW,Y
19140,529.89,N,Elder,M,13,B,PURPLE,S,SW,N
19141,368.12,N,Elder,M,15,A,BROWN,M,ME,N
19142,761.42,N,Elder,M,16,B,INDIGO,N,NE,Y
19143,832.88,N,Elder,M,19,B,BROWN,M,ME,N
19144,292.26,N,Elder,F,14,A,BROWN,M,ME,N
19145,435.68,N,Elder,M,17,A,INDIGO,M,MW,N
19146,374.25,Y,Young,F,9,B,INDIGO,N,NE,Y
19147,1308.72,N,Elder,M,18,B,INDIGO,S,SE,Y
19148,802.08,N,Elder,F,18,A,BROWN,N,NE,Y
19149,1539.89,N,Elder,M,21,C,BROWN,M,ME,Y
19150,856.68,N,Elder,M,18,A,MAGENTA,N,NW,Y
19151,365.61,N,Young,F,14,A,MAGENTA,N,NW,Y
19152,1405.63,N,Elder,M,19,D,MAGENTA,S,SE,N
19153,893.57,N,Elder,F,15,C,BROWN,M,ME,N
19154,1083.57,N,Elder,M,19,B,BROWN,M,MW,N
19155,473.91,N,Elder,M,14,A,PURPLE,S,SE,N
19156,740.64,N,Elder,M,19,A,BROWN,S,SW,Y
19157,1627.27,N,Elder,F,12,D,INDIGO,N,NW,Y
19158,660.74,N,Elder,F,16,B,BROWN,M,MW,Y
19159,617.5,N,Elder,M,11,B,PURPLE,N,NE,N
19160,841.42,Y,Elder,F,19,B,BROWN,N,NW,Y
19161,1131.89,N,Elder,M,16,C,INDIGO,M,ME,Y
19162,566.27,N,Elder,M,19,A,BROWN,N,NE,Y
19163,1094.46,N,Elder,F,14,D,MAGENTA,S,SW,Y
19164,461.16,N,Young,M,12,B,INDIGO,N,NW,Y
19165,911.92,N,Elder,M,14,C,MAGENTA,M,ME,N
19166,452.54,N,Elder,F,15,A,MAGENTA,N,NW,N
19167,712.04,N,Elder,M,14,B,BROWN,M,ME,Y
19168,633.76,N,Elder,M,19,A,BROWN,N,NW,Y
19169,1064.33,N,Elder,M,14,C,BROWN,N,NW,Y
19170,451.3,N,Elder,F,17,A,INDIGO,M,ME,N
19171,1334.07,N,Elder,M,16,C,BROWN,M,ME,Y
19172,339.8,N,Elder,M,15,A,BROWN,M,ME,Y
19173,656.22,N,Elder,F,19,A,INDIGO,N,NW,N
19174,1235.94,Y,Elder,M,17,C,BROWN,N,NE,Y
19175,945.6,N,Elder,M,16,C,BROWN,N,NW,N
19176,492.06,N,Elder,F,13,A,MAGENTA,N,NE,N
19177,845.31,N,Elder,M,18,B,INDIGO,S,SE,Y
19178,409.17,N,Young,F,11,B,BROWN,N,NW,Y
19179,641.18,N,Elder,F,15,B,BROWN,M,MW,Y
19180,709.51,N,Elder,M,14,A,BROWN,N,NW,Y
19181,844.51,N,Elder,F,19,B,BROWN,S,SE,Y
19182,548.82,N,Elder,M,14,B,INDIGO,N,NW,Y
19183,655.69,N,Elder,F,19,A,INDIGO,M,ME,N
19184,627.63,N,Elder,M,15,B,MAGENTA,S,SW,N
19185,912.08,N,Elder,M,14,C,INDIGO,M,MW,Y
19186,1056.4,N,Elder,M,15,B,MAGENTA,N,NW,N
19187,892.31,N,Elder,F,17,B,INDIGO,N,NW,Y
19188,687.65,N,Young,F,16,B,INDIGO,N,NW,N
19189,466.15,Y,Elder,M,16,A,INDIGO,M,MW,Y
19190,504.25,N,Elder,F,16,A,INDIGO,S,SW,Y
19191,719.01,N,Elder,M,17,B,INDIGO,M,ME,Y
19192,934.14,N,Elder,F,16,C,INDIGO,N,NW,Y
19193,585.14,N,Elder,F,19,A,INDIGO,M,ME,Y
19194,655.46,N,Elder,F,18,A,INDIGO,S,SW,N
19195,1541.99,N,Elder,M,16,C,INDIGO,S,SW,Y
19196,1122.77,N,Elder,M,15,B,BROWN,M,MW,N
19197,854.88,N,Elder,F,15,B,BROWN,M,ME,Y
19198,648.56,N,Elder,F,13,B,INDIGO,M,MW,N
19199,416.01,N,Elder,F,13,A,INDIGO,N,NW,Y
19200,440.21,N,Elder,M,12,B,BROWN,M,MW,Y
19201,679.57,N,Elder,F,21,A,INDIGO,S,SE,N
19202,707.74,Y,Elder,M,12,C,BROWN,S,SE,Y
19203,377.7,Y,Elder,F,15,A,BROWN,M,MW,Y
19204,848.86,N,Elder,F,14,C,INDIGO,N,NE,Y
19205,475.61,N,Elder,M,14,A,INDIGO,M,MW,Y
19206,597.79,N,Elder,M,18,A,BROWN,M,ME,Y
19207,808.26,N,Elder,M,18,A,INDIGO,S,SE,N
19208,1077.79,N,Elder,M,17,C,MAGENTA,N,NW,N
19209,473.37,N,Elder,M,12,B,INDIGO,M,MW,N
19210,1059.66,Y,Elder,F,15,C,INDIGO,S,SE,N
19211,1698.62,N,Elder,M,18,C,INDIGO,S,SW,Y
19212,1049.49,N,Elder,F,15,C,INDIGO,M,MW,Y
19213,388.01,N,Young,M,14,A,MAGENTA,N,NE,N
19214,1402.23,N,Elder,M,15,C,INDIGO,S,SW,N
19215,426.22,N,Elder,M,16,A,BROWN,M,ME,Y
19216,982.73,N,Elder,F,16,C,BROWN,M,ME,Y
19217,768.24,N,Elder,M,15,B,MAGENTA,M,MW,N
19218,865.24,N,Elder,M,19,B,BROWN,N,NE,Y
19219,937.67,N,Elder,M,16,B,BROWN,M,MW,N
19220,1195.61,N,Elder,F,15,D,INDIGO,M,MW,Y
19221,892.48,N,Elder,M,19,B,BROWN,M,MW,N
19222,1472.81,N,Elder,M,21,C,BROWN,M,ME,N
19223,1099.17,N,Elder,M,19,C,INDIGO,M,ME,Y
19224,676.15,N,Elder,M,19,A,MAGENTA,N,NW,N
19225,895.06,N,Elder,M,18,B,INDIGO,M,ME,Y
19226,1266.31,Y,Elder,F,17,D,BROWN,M,ME,Y
19227,894.13,N,Elder,F,18,B,MAGENTA,M,MW,N
19228,799.46,Y,Young,F,17,B,INDIGO,N,NW,Y
19229,916.87,N,Elder,F,13,C,INDIGO,M,ME,N
19230,614.29,N,Elder,M,14,B,BROWN,N,NW,N
19231,345.01,N,Young,F,10,A,INDIGO,N,NE,N
19232,491.46,N,Elder,M,17,A,MAGENTA,N,NE,N
19233,711.57,N,Elder,M,17,B,MAGENTA,M,MW,N
19234,1043.2,N,Elder,M,15,C,BROWN,N,NW,Y
19235,268.73,N,Elder,M,13,A,INDIGO,M,MW,Y
19236,1004.7,N,Elder,F,15,C,BROWN,N,NE,Y
19237,1108.77,N,Elder,M,18,C,BROWN,N,NE,Y
19238,1695.82,N,Elder,F,21,C,MAGENTA,N,NW,Y
19239,622.14,N,Elder,F,18,A,MAGENTA,S,SE,Y
19240,484.21,N,Elder,M,12,B,INDIGO,N,NW,Y
19241,1228.98,N,Elder,M,21,C,BROWN,N,NW,N
19242,1389.02,N,Elder,M,16,D,INDIGO,S,SW,Y
19243,686.83,N,Elder,M,16,B,INDIGO,M,MW,N
19244,905.37,N,Elder,M,15,C,MAGENTA,N,NW,Y
19245,711.89,N,Elder,M,17,B,INDIGO,N,NE,N
19246,766.43,N,Elder,F,17,A,INDIGO,S,SE,Y
19247,786.3,N,Elder,M,16,B,INDIGO,N,NE,Y
19248,823.59,N,Elder,F,14,C,MAGENTA,M,ME,N
19249,219.86,N,Elder,F,13,A,BROWN,N,NW,Y
19250,301.03,N,Elder,M,14,A,INDIGO,M,MW,Y
19251,397.06,Y,Elder,M,14,A,BROWN,M,MW,Y
19252,1047.34,N,Elder,M,15,C,INDIGO,N,NE,Y
19253,452.82,Y,Elder,M,12,B,BROWN,M,ME,Y
19254,1219.2,N,Elder,F,17,C,MAGENTA,S,SE,N
19255,1169.85,Y,Elder,M,20,C,BROWN,N,NE,Y
19256,271.37,N,Elder,M,13,A,INDIGO,M,ME,Y
19257,1053.98,N,Elder,F,13,A,INDIGO,S,SE,N
19258,720.64,N,Elder,F,16,B,BROWN,S,SW,Y
19259,298.06,N,Elder,F,14,A,PURPLE,M,ME,N
19260,1143.91,N,Elder,M,22,A,BROWN,M,ME,Y
19261,971.21,Y,Young,M,18,A,MAGENTA,N,NW,Y
19262,670.18,N,Elder,M,15,B,INDIGO,S,SW,N
19263,1480.95,N,Elder,M,20,C,MAGENTA,M,MW,Y
19264,670.45,N,Elder,M,20,A,INDIGO,S,SW,Y
19265,1190.76,N,Elder,M,20,C,INDIGO,S,SW,Y
19266,796.73,N,Elder,M,18,B,MAGENTA,S,SW,Y
19267,844.4,Y,Young,F,13,B,INDIGO,M,ME,Y
19268,847.11,N,Elder,M,18,B,BROWN,S,SW,Y
19269,620.77,N,Elder,M,14,B,MAGENTA,N,NW,N
19270,1219.19,N,Elder,M,11,D,BROWN,M,MW,Y
19271,1186.62,N,Elder,F,15,D,BROWN,M,MW,Y
19272,567.75,N,Elder,F,14,B,BROWN,S,SE,N
19273,304.36,N,Elder,M,14,A,BROWN,N,NE,N
19274,519.13,N,Elder,M,18,A,INDIGO,N,NE,Y
19275,974.49,N,Elder,M,17,B,INDIGO,S,SW,Y
19276,809.77,N,Elder,M,15,B,INDIGO,S,SW,Y
19277,967.36,N,Young,F,16,C,BROWN,N,NW,N
19278,748.76,N,Elder,M,16,A,INDIGO,N,NE,Y
19279,1179.58,N,Elder,M,22,B,BROWN,M,ME,Y
19280,959.86,N,Elder,M,15,B,MAGENTA,N,NE,N
19281,856.75,N,Elder,M,17,B,INDIGO,M,MW,N
19282,475.87,N,Elder,M,17,A,PURPLE,M,MW,N
19283,1276.6,Y,Elder,M,17,D,BROWN,N,NW,Y
19284,722.11,N,Elder,F,14,B,BROWN,S,SW,Y
19285,1172.49,Y,Elder,M,15,D,MAGENTA,M,ME,Y
19286,884.07,Y,Elder,M,12,B,MAGENTA,N,NE,Y
19287,252.76,N,Elder,F,13,A,MAGENTA,M,MW,N
19288,816.94,N,Elder,M,15,B,PURPLE,M,MW,N
19289,846.55,Y,Elder,F,17,B,INDIGO,N,NW,N
19290,1044.57,N,Elder,M,13,D,MAGENTA,S,SW,N
19291,825.58,N,Elder,M,14,B,INDIGO,S,SW,N
19292,1037.08,N,Elder,F,16,C,BROWN,S,SW,Y
19293,1130.76,N,Elder,F,19,C,INDIGO,N,NW,Y
19294,635.97,N,Elder,F,15,B,BROWN,S,SW,Y
19295,552.94,N,Elder,M,16,A,MAGENTA,N,NW,Y
19296,805.29,N,Young,M,15,A,INDIGO,N,NW,N
19297,1586.73,N,Elder,F,14,D,BROWN,N,NW,N
19298,882.2,N,Elder,F,15,C,BROWN,M,MW,Y
19299,430.35,N,Elder,M,16,A,BROWN,N,NE,Y
19300,519.98,Y,Young,F,16,A,MAGENTA,N,NW,Y
19301,328.2,N,Elder,F,13,A,INDIGO,N,NW,Y
19302,1190.77,N,Elder,F,15,B,INDIGO,N,NE,N
19303,572.37,Y,Elder,M,15,A,INDIGO,N,NW,Y
19304,773.89,N,Elder,M,13,C,BROWN,N,NW,Y
19305,849.49,N,Elder,F,19,B,BROWN,N,NW,Y
19306,813.45,N,Elder,M,15,A,BROWN,N,NW,Y
19307,980.91,N,Elder,M,18,A,INDIGO,N,NE,N
19308,650.36,N,Elder,M,15,B,MAGENTA,N,NW,N
19309,770.18,N,Elder,F,18,B,INDIGO,M,ME,N
19310,443.39,N,Elder,M,17,A,MAGENTA,M,MW,N
19311,605.77,N,Elder,M,15,B,BROWN,N,NE,Y
19312,1189.83,Y,Elder,M,17,C,BROWN,N,NE,Y
19313,205.81,N,Elder,F,12,A,BROWN,S,SE,N
19314,748.53,N,Elder,M,21,A,BROWN,S,SW,Y
19315,1734.67,N,Elder,M,21,C,MAGENTA,M,ME,Y
19316,1144.82,N,Elder,M,22,A,PURPLE,N,NW,N
19317,1251.57,N,Elder,M,16,C,BROWN,N,NE,Y
19318,615.88,N,Elder,M,14,B,MAGENTA,N,NW,N
19319,497.25,N,Elder,M,18,A,MAGENTA,M,MW,N
19320,1121.54,N,Young,M,17,A,INDIGO,M,MW,N
19321,673.08,N,Elder,M,16,B,BROWN,N,NW,N
19322,735.31,N,Elder,M,17,B,MAGENTA,M,MW,N
19323,1317.57,N,Elder,F,11,C,BROWN,M,ME,Y
19324,412.56,N,Elder,F,15,A,MAGENTA,M,MW,N
19325,1040.23,N,Elder,M,16,C,BROWN,N,NW,N
19326,853.81,N,Elder,F,12,B,BROWN,S,SE,N
19327,442.45,N,Elder,M,16,A,MAGENTA,M,MW,N
19328,1237.81,N,Elder,M,20,C,BROWN,N,NE,Y
19329,600.34,N,Elder,M,15,B,MAGENTA,S,SW,Y
19330,800.68,Y,Young,M,12,C,INDIGO,N,NW,Y
19331,876.24,N,Elder,F,20,B,MAGENTA,M,MW,N
19332,512.11,N,Elder,M,16,A,BROWN,M,ME,Y
19333,542.65,N,Elder,M,15,A,BROWN,N,NW,Y
19334,989.82,Y,Elder,F,17,C,MAGENTA,S,SW,Y
19335,1206.98,N,Elder,M,21,C,BROWN,S,SE,Y
19336,1155.02,Y,Elder,F,12,C,PURPLE,S,SW,N
19337,625.33,Y,Elder,M,14,B,MAGENTA,N,NW,N
19338,911.73,Y,Elder,M,17,B,INDIGO,M,ME,N
19339,759.95,N,Elder,F,16,B,MAGENTA,S,SW,N
19340,624.65,N,Elder,M,15,A,BROWN,M,MW,Y
19341,285.73,N,Elder,F,14,A,BROWN,M,MW,Y
19342,1090.87,N,Elder,F,19,C,BROWN,N,NE,N
19343,610.68,N,Elder,M,15,B,INDIGO,M,MW,N
19344,1041.8,N,Elder,M,15,C,MAGENTA,N,NW,N
19345,1116.81,N,Elder,M,19,B,PURPLE,M,ME,N
19346,1160.42,N,Young,F,15,B,BROWN,N,NE,N
19347,672.46,N,Elder,F,20,A,MAGENTA,M,MW,N
19348,679.39,Y,Elder,F,16,B,INDIGO,S,SE,Y
19349,678.18,N,Young,M,14,B,INDIGO,N,NE,Y
19350,294.54,N,Elder,M,14,A,INDIGO,S,SW,N
19351,1025.72,N,Elder,M,16,C,BROWN,S,SW,Y
19352,304.87,N,Elder,F,14,A,INDIGO,M,ME,N
19353,370.93,N,Elder,M,15,A,INDIGO,M,MW,N
19354,869.83,N,Elder,M,14,B,BROWN,N,NW,Y
19355,1272.34,N,Elder,F,21,C,MAGENTA,N,NW,N
19356,1079.83,N,Elder,F,12,D,MAGENTA,N,NE,N
19357,692.33,N,Elder,F,13,B,BROWN,N,NW,Y
19358,1063.83,N,Elder,F,17,C,MAGENTA,S,SW,N
19359,1520.01,N,Elder,M,15,C,INDIGO,N,NW,N
19360,766.46,Y,Elder,F,17,B,INDIGO,M,ME,Y
19361,644.81,N,Elder,M,13,B,INDIGO,N,NE,N
19362,762.1,N,Young,F,17,B,INDIGO,N,NW,N
19363,488.65,N,Elder,F,11,A,MAGENTA,S,SW,N
19364,131.41,Y,Elder,M,11,A,BROWN,S,SE,Y
19365,870.15,N,Elder,M,17,B,BROWN,S,SW,Y
19366,399.28,N,Elder,M,16,A,INDIGO,M,ME,N
19367,1052.58,N,Elder,M,19,B,MAGENTA,M,MW,N
19368,168.24,N,Elder,F,12,A,BROWN,S,SE,Y
19369,661.04,N,Elder,M,16,B,MAGENTA,M,ME,N
19370,318.01,N,Elder,F,12,A,MAGENTA,S,SW,N
19371,843.4,N,Elder,F,15,A,BROWN,M,MW,Y
19372,925.17,N,Elder,M,15,C,INDIGO,N,NW,N
19373,664.6,N,Elder,M,15,B,MAGENTA,S,SE,N
19374,879.25,N,Elder,F,14,C,MAGENTA,N,NE,N
19375,1047.69,N,Young,F,11,B,BROWN,M,ME,Y
19376,1352.51,N,Elder,M,19,B,BROWN,N,NW,Y
19377,1029.02,N,Elder,F,17,B,BROWN,S,SW,Y
19378,980.35,N,Elder,F,18,A,MAGENTA,S,SW,N
19379,858.57,N,Elder,F,16,B,INDIGO,N,NE,N
19380,550.3,N,Elder,F,14,B,INDIGO,M,MW,Y
19381,705.83,N,Elder,M,16,A,BROWN,N,NE,N
19382,1285.37,N,Elder,F,14,C,INDIGO,N,NW,N
19383,937.45,N,Elder,M,25,A,MAGENTA,M,ME,Y
19384,692.22,N,Elder,F,15,B,MAGENTA,N,NE,Y
19385,963.2,N,Elder,M,16,A,MAGENTA,N,NW,N
19386,492.55,N,Elder,F,18,A,MAGENTA,M,ME,N
19387,475.39,N,Elder,F,17,A,MAGENTA,M,MW,N
19388,441.19,N,Elder,M,13,A,BROWN,N,NE,N
19389,1185.95,N,Elder,F,18,C,MAGENTA,S,SW,Y
19390,563.24,N,Elder,M,14,A,MAGENTA,N,NE,N
19391,770,N,Elder,F,17,B,BROWN,N,NW,Y
19392,942.95,N,Young,M,19,B,INDIGO,N,NW,N
19393,808.09,N,Elder,M,16,B,INDIGO,M,MW,Y
19394,937.44,N,Elder,M,20,B,BROWN,M,MW,Y
19395,582.55,N,Elder,M,14,B,INDIGO,N,NE,N
19396,747.38,N,Elder,M,12,B,INDIGO,M,MW,N
19397,1217.75,Y,Elder,M,21,C,BROWN,M,MW,Y
19398,503.8,Y,Young,M,13,B,INDIGO,S,SE,Y
19399,1655.09,Y,Elder,M,18,D,INDIGO,N,NW,Y
19400,1267,N,Elder,M,18,C,INDIGO,S,SW,N
19401,844.69,N,Elder,M,13,C,BROWN,M,ME,Y
19402,955.12,N,Elder,M,15,B,INDIGO,S,SW,N
19403,1253.54,N,Elder,F,16,D,MAGENTA,N,NE,Y
19404,497.31,N,Elder,M,18,A,INDIGO,N,NW,Y
19405,1112.07,N,Elder,F,14,D,MAGENTA,S,SW,N
19406,763.27,N,Elder,F,15,B,INDIGO,N,NW,N
19407,584.61,N,Elder,F,17,A,MAGENTA,N,NE,N
19408,398.6,N,Elder,M,16,A,BROWN,S,SW,Y
19409,1346.38,N,Elder,F,16,D,BROWN,S,SE,Y
19410,1473.85,Y,Elder,M,16,D,MAGENTA,M,ME,N
19411,1307.38,N,Elder,F,16,C,BROWN,M,ME,Y
19412,568.67,N,Elder,M,19,A,MAGENTA,S,SW,Y
19413,1314.22,N,Young,M,18,C,INDIGO,S,SE,N
19414,487.9,N,Elder,M,16,A,INDIGO,N,NW,Y
19415,1079.5,N,Elder,F,20,B,BROWN,M,ME,N
19416,988.16,Y,Elder,M,15,C,INDIGO,M,ME,Y
19417,825.57,N,Elder,M,18,B,INDIGO,N,NW,N
19418,1427.41,N,Elder,F,18,D,BROWN,N,NW,Y
19419,1139.23,N,Elder,M,19,B,MAGENTA,S,SE,N
19420,1326.67,N,Elder,M,19,C,MAGENTA,N,NW,Y
19421,923.18,N,Elder,M,15,C,BROWN,S,SW,Y
19422,1024.66,Y,Elder,M,17,C,INDIGO,N,NE,Y
19423,394.43,N,Young,F,15,A,INDIGO,S,SE,Y
19424,854.06,N,Elder,M,17,B,BROWN,N,NW,Y
19425,1443.35,N,Elder,M,19,D,INDIGO,M,MW,Y
19426,587.73,N,Elder,M,18,A,INDIGO,S,SE,Y
19427,1861.79,N,Elder,F,16,A,BROWN,M,ME,Y
19428,766.61,N,Elder,F,18,B,BROWN,M,MW,Y
19429,971.47,N,Elder,M,21,B,BROWN,M,ME,Y
19430,501.62,N,Elder,M,13,B,MAGENTA,S,SW,N
19431,890.07,N,Elder,M,17,B,BROWN,N,NW,Y
19432,471.44,N,Elder,F,15,A,MAGENTA,M,MW,N
19433,982.8,N,Elder,F,17,B,BROWN,M,ME,Y
19434,1510.1,N,Elder,M,20,C,INDIGO,N,NE,Y
19435,602.83,N,Elder,M,17,A,MAGENTA,M,ME,N
19436,288.33,N,Young,F,14,A,BROWN,N,NE,N
19437,532.31,N,Elder,M,18,A,INDIGO,N,NW,Y
19438,644.99,Y,Young,M,13,B,INDIGO,M,MW,Y
19439,298.28,N,Elder,F,12,A,MAGENTA,S,SW,N
19440,786.97,N,Elder,M,22,A,MAGENTA,N,NE,Y
19441,997.84,N,Elder,M,19,B,BROWN,M,ME,N
19442,425.44,N,Elder,F,11,B,INDIGO,M,ME,Y
19443,389.65,N,Elder,F,16,A,BROWN,S,SW,Y
19444,932.72,Y,Elder,F,16,C,BROWN,M,ME,Y
19445,1472.21,N,Elder,M,21,D,MAGENTA,M,MW,N
19446,431.06,N,Elder,F,16,A,MAGENTA,S,SE,Y
19447,810.81,N,Young,M,17,B,BROWN,M,MW,N
19448,319.01,N,Elder,M,13,A,BROWN,M,ME,Y
19449,1461.91,N,Elder,M,19,C,MAGENTA,M,MW,Y
19450,678.63,N,Elder,M,15,B,BROWN,M,MW,N
19451,756.56,N,Elder,M,16,B,INDIGO,M,MW,N
19452,605.12,Y,Elder,F,20,A,BROWN,M,ME,Y
19453,700.89,N,Elder,M,15,B,BROWN,M,MW,Y
19454,1151.57,N,Elder,M,19,C,MAGENTA,M,ME,N
19455,361.89,N,Elder,M,15,A,INDIGO,N,NE,N
19456,991.81,N,Elder,M,15,B,BROWN,N,NW,N
19457,1043.35,N,Young,M,11,D,BROWN,S,SW,N
19458,477.75,Y,Young,F,12,B,INDIGO,N,NW,Y
19459,733.68,N,Elder,F,17,A,INDIGO,M,MW,Y
19460,1338.51,N,Elder,F,18,B,BROWN,M,MW,Y
19461,488.41,Y,Elder,M,15,A,BROWN,N,NW,Y
19462,1195.97,N,Elder,F,17,C,INDIGO,N,NW,Y
19463,331.84,N,Elder,F,13,A,BROWN,N,NW,N
19464,565.75,N,Elder,F,13,B,INDIGO,N,NE,N
19465,1273.34,N,Elder,M,20,C,INDIGO,M,ME,Y
19466,1019.61,N,Elder,M,22,B,BROWN,M,ME,Y
19467,350.57,N,Elder,F,15,A,BROWN,M,MW,Y
19468,998.13,N,Elder,F,16,C,INDIGO,M,MW,N
19469,744.07,N,Elder,F,17,B,INDIGO,S,SW,Y
19470,2587.93,N,Elder,F,16,B,BROWN,M,ME,Y
19471,1170.17,N,Young,M,15,D,MAGENTA,M,ME,N
19472,1000.95,N,Elder,F,21,B,BROWN,N,NE,Y
19473,565.31,N,Elder,F,13,B,BROWN,M,ME,Y
19474,1018.79,N,Elder,M,16,B,MAGENTA,S,SE,N
19475,662.15,N,Elder,M,15,B,INDIGO,N,NE,Y
19476,996.72,N,Elder,M,17,C,PURPLE,M,MW,N
19477,638.19,N,Elder,F,15,B,BROWN,M,ME,N
19478,267.76,N,Elder,M,13,A,BROWN,N,NW,Y
19479,1308.96,N,Elder,M,17,D,INDIGO,N,NE,Y
19480,1279.3,N,Elder,M,13,B,INDIGO,M,MW,N
19481,850.64,N,Elder,M,14,C,BROWN,N,NW,Y
19482,665.65,N,Elder,M,18,A,MAGENTA,N,NW,N
19483,879.4,N,Elder,F,15,C,BROWN,M,MW,N
19484,666.56,N,Elder,F,18,A,BROWN,N,NW,Y
19485,499.56,N,Elder,F,13,B,INDIGO,N,NE,N
19486,526.57,N,Elder,M,13,B,BROWN,S,SW,Y
19487,500.85,N,Elder,M,18,A,MAGENTA,M,ME,N
19488,384.44,N,Elder,F,12,A,MAGENTA,N,NW,N
19489,742.38,N,Elder,M,17,B,BROWN,M,MW,Y
19490,788.2,N,Elder,M,18,B,BROWN,N,NW,Y
19491,320.47,N,Elder,M,14,A,BROWN,S,SE,Y
19492,786.8,N,Elder,F,13,A,MAGENTA,M,ME,Y
19493,721.03,N,Elder,M,17,B,BROWN,M,ME,Y
19494,999.2,N,Elder,M,16,C,MAGENTA,N,NW,N
19495,587.97,N,Elder,M,19,A,INDIGO,N,NE,Y
19496,1260.31,N,Elder,F,16,C,INDIGO,M,MW,N
19497,183.32,N,Elder,F,12,A,MAGENTA,N,NE,Y
19498,690.35,N,Elder,F,16,B,MAGENTA,M,ME,N
19499,1125.78,N,Elder,F,16,C,MAGENTA,M,ME,N
19500,990.9,N,Elder,M,21,B,INDIGO,M,ME,Y
19501,1490.52,Y,Elder,F,13,D,BROWN,S,SE,Y
19502,350.58,N,Elder,M,15,A,BROWN,N,NW,Y
19503,731.45,N,Elder,F,17,B,MAGENTA,S,SW,N
19504,769.54,N,Elder,F,18,B,INDIGO,M,ME,Y
19505,1409.64,N,Elder,M,16,C,PURPLE,N,NW,N
19506,1236.4,N,Elder,M,16,C,BROWN,M,MW,Y
19507,737.48,N,Elder,M,16,B,BROWN,N,NW,Y
19508,954.77,N,Elder,M,21,B,BROWN,M,ME,Y
19509,443.32,N,Elder,M,14,A,BROWN,S,SE,Y
19510,1092.11,N,Elder,F,16,B,BROWN,N,NE,Y
19511,841.6,N,Elder,F,14,C,BROWN,S,SE,N
19512,1005.37,N,Young,F,15,C,BROWN,S,SE,Y
19513,881.1,N,Elder,F,12,B,BROWN,M,MW,Y
19514,762.41,N,Elder,F,16,B,BROWN,M,MW,Y
19515,900.8,N,Elder,M,15,C,BROWN,M,ME,Y
19516,1480.79,N,Elder,M,22,C,BROWN,M,MW,Y
19517,1203.67,N,Elder,M,15,D,INDIGO,M,MW,N
19518,952.65,N,Elder,M,19,B,BROWN,M,ME,Y
19519,661.84,N,Elder,M,20,A,MAGENTA,S,SE,N
19520,791.17,N,Elder,M,18,B,INDIGO,S,SW,N
19521,838.02,N,Elder,M,18,B,BROWN,N,NW,Y
19522,975.13,N,Elder,F,12,B,INDIGO,M,ME,Y
19523,710.57,N,Elder,F,17,B,BROWN,M,ME,N
19524,928.86,N,Elder,M,18,B,MAGENTA,S,SW,N
19525,779.41,Y,Young,F,22,A,BROWN,S,SE,Y
19526,758.77,N,Young,F,12,C,BROWN,S,SE,Y
19527,1096.65,N,Elder,M,19,C,INDIGO,M,ME,Y
19528,770.12,N,Elder,M,18,B,INDIGO,S,SW,Y
19529,1055.15,N,Elder,M,21,B,MAGENTA,N,NE,N
19530,896.62,N,Elder,F,13,B,MAGENTA,N,NW,Y
19531,753.99,Y,Elder,M,16,B,MAGENTA,N,NW,Y
19532,779.33,N,Elder,M,18,B,BROWN,N,NE,Y
19533,1017.95,N,Elder,M,14,B,BROWN,S,SE,N
19534,846.38,N,Elder,F,14,B,INDIGO,M,MW,Y
19535,500.44,N,Elder,F,15,A,BROWN,S,SW,Y
19536,792.67,N,Elder,M,16,B,INDIGO,S,SW,N
19537,1315.38,N,Elder,F,18,C,BROWN,N,NE,Y
19538,447.73,N,Elder,M,14,A,INDIGO,S,SE,Y
19539,772.59,N,Elder,M,16,B,BROWN,S,SW,Y
19540,376.88,N,Elder,F,13,A,BROWN,M,ME,Y
19541,556.75,Y,Young,F,12,B,BROWN,N,NW,Y
19542,1252.98,N,Elder,M,18,B,INDIGO,M,ME,N
19543,1098.65,N,Elder,F,17,C,INDIGO,M,ME,Y
19544,1277.16,N,Elder,M,13,A,INDIGO,M,MW,Y
19545,1222.94,N,Elder,M,20,C,INDIGO,N,NW,N
19546,394.9,N,Elder,F,13,A,BROWN,S,SE,Y
19547,671.19,N,Elder,F,15,B,MAGENTA,M,ME,N
19548,773.7,N,Elder,F,18,B,BROWN,M,MW,Y
19549,725.3,N,Elder,M,16,B,INDIGO,M,ME,N
19550,507.31,N,Elder,M,16,A,INDIGO,M,MW,N
19551,1202.35,N,Elder,M,21,C,MAGENTA,M,MW,N
19552,638.15,N,Elder,M,16,A,INDIGO,M,ME,N
19553,671.42,N,Elder,M,16,A,BROWN,N,NE,N
19554,395.51,N,Elder,M,16,A,MAGENTA,M,MW,Y
19555,1015.48,N,Elder,M,18,B,INDIGO,N,NW,Y
19556,828.28,N,Elder,M,18,B,INDIGO,N,NE,N
19557,284.94,N,Elder,F,14,A,INDIGO,N,NE,Y
19558,1542.36,N,Elder,F,11,C,PURPLE,M,MW,N
19559,242.04,N,Elder,F,13,A,INDIGO,N,NE,Y
19560,389.25,N,Elder,M,11,B,INDIGO,N,NW,N
19561,776.12,N,Elder,M,18,A,MAGENTA,S,SW,N
19562,826.92,N,Elder,F,14,C,BROWN,S,SW,Y
19563,561.64,N,Young,F,14,B,MAGENTA,N,NE,Y
19564,483.23,N,Elder,M,14,A,INDIGO,M,MW,N
19565,1601.48,N,Elder,M,18,D,BROWN,N,NW,N
19566,562.3,N,Elder,F,14,B,BROWN,M,ME,Y
19567,516.02,N,Elder,F,13,B,BROWN,M,MW,Y
19568,654.73,N,Elder,M,18,A,MAGENTA,N,NW,N
19569,722.99,N,Elder,M,12,C,BROWN,N,NE,Y
19570,491.94,N,Elder,F,13,B,BROWN,S,SW,N
19571,497.56,N,Elder,M,16,A,MAGENTA,S,SE,Y
19572,1292.93,N,Elder,M,14,C,MAGENTA,N,NW,Y
19573,923.59,N,Elder,F,16,B,BROWN,M,ME,Y
19574,881.34,N,Elder,M,13,B,PURPLE,M,ME,N
19575,845.51,N,Elder,F,17,B,MAGENTA,S,SW,N
19576,597.46,N,Elder,F,14,B,INDIGO,N,NE,N
19577,909.05,N,Elder,F,13,B,INDIGO,M,MW,Y
19578,703.11,N,Elder,M,14,B,INDIGO,N,NE,N
19579,1460.01,N,Young,M,18,B,BROWN,S,SE,Y
19580,1171.41,N,Elder,M,19,C,MAGENTA,S,SE,N
19581,723.39,N,Young,M,16,B,BROWN,S,SW,N
19582,1253.99,N,Elder,M,19,C,INDIGO,M,MW,Y
19583,611.34,N,Elder,F,19,A,BROWN,M,MW,Y
19584,881.47,N,Elder,M,19,B,BROWN,N,NW,Y
19585,1003.81,N,Elder,M,18,B,INDIGO,N,NE,N
19586,882.31,N,Elder,M,16,B,INDIGO,M,MW,N
19587,518.32,N,Elder,M,18,A,INDIGO,N,NW,Y
19588,1037.82,N,Elder,F,14,C,PURPLE,N,NW,N
19589,658.59,N,Elder,M,16,B,BROWN,S,SW,Y
19590,1323.32,N,Elder,M,19,C,INDIGO,N,NE,Y
19591,1060.21,N,Young,M,13,D,MAGENTA,S,SW,N
19592,1077.95,N,Elder,M,17,C,MAGENTA,M,MW,N
19593,608.04,N,Elder,M,19,A,MAGENTA,M,MW,Y
19594,690.68,N,Elder,M,16,B,BROWN,N,NE,Y
19595,1367.49,N,Elder,F,19,D,PURPLE,S,SE,N
19596,592.81,N,Young,M,19,A,INDIGO,N,NW,N
19597,534.93,Y,Young,F,13,B,MAGENTA,S,SE,N
19598,688.26,N,Elder,M,16,A,MAGENTA,N,NE,Y
19599,969.31,N,Elder,F,14,C,BROWN,N,NW,Y
19600,1064.48,N,Elder,M,17,C,INDIGO,N,NE,N
19601,479.3,N,Elder,F,15,A,INDIGO,N,NW,N
19602,401.56,N,Elder,M,16,A,INDIGO,M,MW,N
19603,990.37,N,Elder,F,17,C,BROWN,M,MW,Y
19604,1239.75,Y,Young,M,19,C,MAGENTA,M,MW,N
19605,377.31,N,Elder,M,15,A,INDIGO,M,MW,N
19606,1516.77,N,Elder,M,16,C,PURPLE,M,MW,N
19607,906.56,N,Elder,M,18,B,MAGENTA,S,SE,N
19608,449.87,N,Elder,F,17,A,INDIGO,M,MW,Y
19609,567.88,N,Elder,F,17,A,BROWN,N,NE,N
19610,725.45,N,Elder,M,16,B,BROWN,M,ME,Y
19611,289.1,N,Elder,M,14,A,PURPLE,N,NE,N
19612,820.91,N,Young,M,16,B,INDIGO,N,NW,N
19613,1263.54,N,Elder,M,20,B,INDIGO,N,NE,N
19614,879.36,N,Elder,F,12,C,INDIGO,N,NW,Y
19615,1057.97,N,Elder,M,19,B,INDIGO,M,ME,Y
19616,883.37,N,Elder,F,16,B,INDIGO,N,NW,N
19617,1308.31,N,Elder,M,18,C,INDIGO,N,NW,N
19618,1548.21,N,Elder,M,15,D,BROWN,S,SE,N
19619,1664.39,N,Elder,F,18,C,BROWN,S,SE,Y
19620,454.93,N,Elder,M,12,B,BROWN,S,SE,Y
19621,624.98,N,Elder,F,13,B,BROWN,N,NW,Y
19622,1154.49,N,Elder,M,20,C,INDIGO,S,SW,Y
19623,1418.79,N,Elder,M,21,C,BROWN,M,MW,Y
19624,334.33,Y,Elder,M,15,A,INDIGO,M,ME,N
19625,554.68,N,Elder,M,19,A,BROWN,N,NW,Y
19626,755.8,N,Elder,M,16,B,INDIGO,M,MW,N
19627,782.54,N,Elder,F,12,C,MAGENTA,N,NW,N
19628,980.5,N,Elder,M,16,C,PURPLE,M,ME,N
19629,868.55,N,Elder,M,14,C,BROWN,S,SW,Y
19630,2053.18,Y,Elder,F,19,D,MAGENTA,S,SW,Y
19631,552.84,Y,Elder,F,14,B,INDIGO,N,NE,Y
19632,916.82,N,Elder,F,18,B,MAGENTA,M,MW,N
19633,138.96,N,Elder,M,11,A,INDIGO,S,SW,Y
19634,862.61,N,Elder,M,24,A,MAGENTA,N,NW,Y
19635,493.98,Y,Young,M,11,B,INDIGO,S,SE,Y
19636,578.06,N,Elder,F,14,B,BROWN,N,NW,Y
19637,788.87,N,Elder,M,13,C,MAGENTA,M,MW,N
19638,1060.71,N,Elder,F,12,D,BROWN,S,SW,Y
19639,776.27,N,Elder,M,18,B,BROWN,M,MW,Y
19640,619.92,N,Elder,M,15,B,MAGENTA,M,ME,Y
19641,1587.07,N,Elder,M,20,C,MAGENTA,N,NW,N
19642,872.08,N,Elder,F,17,B,INDIGO,N,NW,Y
19643,971.76,Y,Elder,F,16,B,BROWN,N,NW,Y
19644,758.38,N,Elder,F,13,B,BROWN,M,ME,N
19645,1283.94,N,Elder,M,14,B,MAGENTA,S,SE,Y
19646,682.89,Y,Young,M,21,A,MAGENTA,M,MW,Y
19647,851.56,N,Elder,F,18,B,INDIGO,N,NW,Y
19648,779.53,N,Elder,M,19,A,INDIGO,M,MW,Y
19649,452.66,Y,Elder,M,17,A,BROWN,N,NW,Y
19650,1062.96,N,Elder,F,19,B,INDIGO,M,ME,N
19651,1446.83,Y,Elder,M,19,D,BROWN,S,SE,Y
19652,531.9,N,Young,F,13,A,MAGENTA,N,NE,N
19653,1113.51,N,Elder,F,17,C,INDIGO,M,MW,Y
19654,1070.68,N,Elder,M,15,C,INDIGO,S,SW,N
19655,607.38,N,Elder,M,14,B,INDIGO,S,SW,N
19656,490.54,N,Elder,M,16,A,INDIGO,N,NW,Y
19657,459.55,N,Elder,M,14,A,MAGENTA,N,NW,N
19658,714.88,N,Elder,M,15,A,INDIGO,M,MW,N
19659,1044.3,N,Elder,M,22,B,INDIGO,N,NE,Y
19660,809.15,N,Elder,M,17,B,MAGENTA,N,NW,N
19661,647.63,N,Elder,F,11,A,MAGENTA,S,SE,Y
19662,733.16,N,Elder,M,15,A,INDIGO,S,SW,N
19663,490.9,N,Elder,F,18,A,PURPLE,M,MW,N
19664,1059.99,N,Elder,M,17,B,BROWN,M,MW,N
19665,395.01,N,Elder,F,14,A,BROWN,M,ME,Y
19666,1717.82,N,Elder,M,19,D,INDIGO,N,NW,Y
19667,772.26,N,Elder,F,18,B,BROWN,S,SW,Y
19668,199.79,N,Elder,M,12,A,MAGENTA,S,SW,Y
19669,725.67,N,Elder,M,17,A,INDIGO,N,NE,N
19670,390.58,N,Elder,F,13,A,INDIGO,N,NW,N
19671,276.9,N,Elder,M,14,A,PURPLE,M,MW,N
19672,887.46,N,Elder,F,19,B,BROWN,S,SE,Y
19673,831.62,N,Elder,F,17,A,BROWN,M,MW,N
19674,531.44,N,Elder,F,14,A,INDIGO,M,ME,Y
19675,725.26,N,Elder,F,15,B,MAGENTA,N,NE,N
19676,359.41,N,Elder,M,15,A,INDIGO,M,ME,Y
19677,850.27,N,Elder,F,14,C,INDIGO,M,ME,Y
19678,552.09,N,Elder,M,14,B,BROWN,S,SE,Y
19679,861.06,N,Elder,M,18,B,INDIGO,N,NW,N
19680,447.88,N,Elder,M,16,A,INDIGO,N,NW,N
19681,389.62,N,Young,M,12,A,MAGENTA,S,SE,N
19682,919,N,Elder,F,16,B,INDIGO,S,SW,Y
19683,463.51,N,Elder,F,15,A,BROWN,M,ME,Y
19684,554.5,N,Elder,M,16,A,BROWN,N,NW,N
19685,462.03,N,Elder,F,17,A,BROWN,S,SW,Y
19686,1102.83,N,Elder,F,12,A,MAGENTA,N,NW,Y
19687,450.73,N,Elder,M,17,A,MAGENTA,N,NE,Y
19688,895.86,N,Elder,F,17,B,INDIGO,M,ME,N
19689,850.9,N,Elder,M,18,B,BROWN,S,SW,Y
19690,1241.38,N,Elder,F,17,C,INDIGO,N,NE,Y
19691,505.12,N,Elder,F,13,B,PURPLE,N,NE,N
19692,1099.93,N,Elder,M,19,C,BROWN,M,MW,N
19693,1314.57,N,Elder,M,17,C,BROWN,M,MW,N
19694,613.31,Y,Young,M,15,B,BROWN,N,NE,Y
19695,823.04,Y,Elder,M,14,C,PURPLE,N,NE,N
19696,805,N,Elder,F,13,A,BROWN,S,SW,Y
19697,1475.86,N,Young,M,13,A,BROWN,M,MW,Y
19698,985.41,N,Young,M,20,B,MAGENTA,N,NW,N
19699,761.45,N,Elder,M,19,A,INDIGO,S,SW,N
19700,656.94,N,Elder,M,21,A,MAGENTA,N,NW,N
19701,969.38,N,Elder,F,16,C,BROWN,S,SW,Y
19702,1055.54,N,Elder,F,14,B,BROWN,N,NE,N
19703,546.26,N,Elder,F,18,A,MAGENTA,M,MW,N
19704,494.89,N,Elder,F,12,B,MAGENTA,M,ME,N
19705,679.55,N,Elder,M,20,A,BROWN,M,MW,N
19706,1290.47,N,Elder,M,19,C,MAGENTA,M,MW,N
19707,985.5,Y,Elder,M,15,C,INDIGO,N,NE,Y
19708,849.64,N,Elder,M,16,B,INDIGO,S,SW,N
19709,554.31,N,Elder,F,14,B,BROWN,N,NE,N
19710,781.04,N,Elder,M,20,A,BROWN,M,ME,Y
19711,779.64,Y,Elder,F,13,C,MAGENTA,S,SE,Y
19712,719.36,N,Elder,M,17,B,BROWN,N,NW,Y
19713,724.24,N,Elder,F,15,B,MAGENTA,M,MW,Y
19714,1140.35,Y,Elder,M,16,C,BROWN,N,NE,Y
19715,231.95,N,Elder,M,13,A,MAGENTA,M,MW,N
19716,439.97,N,Elder,F,17,A,MAGENTA,N,NW,Y
19717,1228.42,N,Elder,M,21,C,BROWN,N,NE,Y
19718,597.38,N,Elder,M,18,A,BROWN,S,SE,N
19719,1054.1,N,Elder,M,16,C,INDIGO,N,NE,N
19720,573.59,N,Elder,F,19,A,BROWN,N,NW,Y
19721,559.75,N,Elder,M,16,A,INDIGO,N,NE,Y
19722,541.54,N,Elder,M,16,A,INDIGO,S,SE,Y
19723,720.67,N,Elder,M,17,B,PURPLE,M,ME,N
19724,677.13,N,Elder,F,11,C,BROWN,M,MW,N
19725,875.12,N,Elder,F,14,C,BROWN,M,ME,Y
19726,1726.5,N,Elder,M,21,D,MAGENTA,N,NE,N
19727,559.91,N,Elder,M,12,B,INDIGO,N,NW,Y
19728,697.84,N,Elder,M,18,A,BROWN,M,MW,N
19729,1343.65,N,Elder,F,19,C,INDIGO,N,NW,N
19730,294.06,N,Elder,F,14,A,INDIGO,S,SW,Y
19731,1363.46,N,Elder,M,16,A,MAGENTA,M,MW,N
19732,1215.95,N,Elder,M,17,C,INDIGO,S,SW,Y
19733,809.8,N,Elder,F,17,B,INDIGO,M,MW,N
19734,850.77,N,Elder,F,17,B,BROWN,M,ME,Y
19735,1722.29,N,Elder,F,14,A,INDIGO,S,SW,Y
19736,516.8,N,Elder,F,16,A,BROWN,N,NE,N
19737,984.99,N,Elder,M,16,B,INDIGO,M,MW,N
19738,1087.89,N,Elder,M,16,C,BROWN,N,NW,Y
19739,727.42,N,Elder,M,17,A,BROWN,N,NE,N
19740,652.87,N,Elder,F,14,B,INDIGO,N,NE,Y
19741,664.77,N,Elder,M,16,B,MAGENTA,M,MW,Y
19742,998.66,N,Elder,F,22,B,BROWN,S,SW,Y
19743,472.88,N,Elder,F,17,A,INDIGO,S,SW,Y
19744,1603.03,N,Elder,F,18,B,MAGENTA,S,SE,Y
19745,525.8,N,Elder,F,13,B,INDIGO,M,ME,Y
19746,1020.85,N,Elder,F,14,C,MAGENTA,S,SE,Y
19747,557.48,N,Elder,F,14,B,MAGENTA,M,MW,N
19748,920.77,N,Elder,F,14,B,INDIGO,M,MW,Y
19749,1067.61,N,Elder,F,17,B,PURPLE,M,MW,N
19750,542.54,Y,Elder,M,19,A,INDIGO,M,ME,Y
19751,1357.85,N,Elder,M,13,D,MAGENTA,S,SW,N
19752,1182.81,N,Elder,M,20,C,BROWN,N,NW,N
19753,928.13,Y,Elder,F,14,C,BROWN,N,NE,Y
19754,1028.89,N,Young,F,16,C,MAGENTA,N,NW,N
19755,883.69,N,Young,F,19,B,MAGENTA,M,MW,Y
19756,1320.73,N,Elder,F,20,B,BROWN,N,NW,N
19757,1059.69,N,Elder,M,15,B,BROWN,M,MW,Y
19758,947.38,N,Young,M,16,C,MAGENTA,N,NE,N
19759,580.86,N,Elder,F,14,B,MAGENTA,M,MW,N
19760,830.63,Y,Elder,F,14,C,BROWN,M,ME,Y
19761,1088.94,N,Elder,M,17,C,BROWN,N,NE,Y
19762,1086.31,N,Young,M,17,C,MAGENTA,M,ME,N
19763,643.23,N,Elder,M,19,A,INDIGO,N,NE,N
19764,1615.51,N,Elder,F,15,A,PURPLE,N,NE,N
19765,540.53,N,Elder,F,16,A,INDIGO,M,ME,N
19766,437.61,N,Elder,M,14,A,INDIGO,N,NE,N
19767,385.88,N,Elder,F,16,A,MAGENTA,N,NW,N
19768,623.46,N,Elder,F,19,A,PURPLE,M,MW,N
19769,577.49,Y,Young,F,13,A,INDIGO,N,NE,Y
19770,1703.26,N,Elder,F,12,C,INDIGO,N,NE,Y
19771,708.33,N,Elder,F,15,B,BROWN,N,NW,Y
19772,940.43,Y,Elder,F,14,A,INDIGO,M,MW,Y
19773,540.62,N,Elder,F,17,A,BROWN,N,NE,Y
19774,949.88,N,Elder,M,17,B,PURPLE,M,MW,N
19775,1690.48,N,Elder,F,14,D,BROWN,S,SE,Y
19776,361.1,N,Elder,F,15,A,MAGENTA,M,MW,N
19777,896.04,Y,Young,M,15,C,INDIGO,S,SW,N
19778,823.8,N,Elder,M,18,B,INDIGO,M,MW,N
19779,678.6,Y,Elder,F,14,B,INDIGO,M,ME,Y
19780,583.66,N,Elder,M,18,A,BROWN,M,MW,Y
19781,673.91,N,Elder,F,13,B,BROWN,M,ME,Y
19782,933.42,N,Elder,F,15,B,INDIGO,N,NE,N
19783,730.6,N,Elder,F,15,B,INDIGO,N,NW,N
19784,1064.31,N,Elder,F,22,B,INDIGO,N,NW,Y
19785,765.01,N,Elder,M,16,B,INDIGO,M,MW,N
19786,831.32,N,Elder,F,19,A,BROWN,M,ME,N
19787,632.94,N,Elder,F,15,B,MAGENTA,M,MW,N
19788,814.16,N,Elder,M,16,B,INDIGO,S,SW,N
19789,1042.49,N,Elder,M,18,C,INDIGO,N,NW,Y
19790,822.92,N,Elder,M,19,B,BROWN,S,SW,Y
19791,1565.68,N,Elder,M,19,D,BROWN,S,SW,Y
19792,1007.23,N,Elder,M,17,C,INDIGO,N,NE,N
19793,1108.58,N,Elder,F,17,B,BROWN,M,ME,Y
19794,792.84,N,Elder,M,16,B,BROWN,N,NW,N
19795,564.62,Y,Elder,F,17,A,BROWN,M,ME,Y
19796,1009.57,N,Elder,M,17,A,MAGENTA,M,MW,N
19797,1203.74,N,Young,M,18,C,INDIGO,S,SW,N
19798,758.94,N,Elder,F,18,A,BROWN,S,SW,Y
19799,630.17,N,Elder,M,15,B,INDIGO,N,NE,Y
19800,330.3,N,Young,F,12,A,MAGENTA,M,MW,N
19801,877.78,N,Elder,M,20,B,MAGENTA,N,NW,N
19802,555.61,N,Elder,M,14,B,PURPLE,S,SE,N
19803,189.66,N,Elder,M,12,A,BROWN,M,MW,Y
19804,1192.71,N,Elder,M,19,C,BROWN,N,NE,Y
19805,962.2,N,Elder,F,18,B,MAGENTA,N,NW,Y
19806,1130.7,N,Elder,M,19,C,INDIGO,M,MW,N
19807,308.78,N,Young,F,13,A,INDIGO,N,NW,N
19808,721.18,N,Elder,M,15,A,BROWN,N,NE,N
19809,786.14,N,Elder,F,13,C,INDIGO,M,MW,Y
19810,310.66,Y,Elder,F,13,A,INDIGO,S,SE,Y
19811,385.31,N,Elder,M,16,A,INDIGO,N,NW,Y
19812,586.39,N,Elder,M,19,A,MAGENTA,N,NW,Y
19813,396.73,N,Elder,M,16,A,BROWN,M,ME,Y
19814,555.3,N,Elder,M,19,A,INDIGO,S,SW,Y
19815,1448.85,Y,Elder,M,17,D,INDIGO,S,SE,Y
19816,1044.3,N,Elder,M,17,C,BROWN,S,SE,Y
19817,688.11,Y,Young,F,15,B,BROWN,N,NW,Y
19818,815.16,N,Elder,M,19,A,INDIGO,N,NW,Y
19819,1278.75,N,Elder,F,12,D,MAGENTA,S,SW,N
19820,571.76,Y,Young,F,14,B,BROWN,M,MW,Y
19821,725.04,N,Elder,M,14,B,BROWN,N,NE,Y
19822,686.88,N,Elder,F,15,B,BROWN,M,MW,Y
19823,1054.55,N,Elder,F,15,C,INDIGO,N,NE,N
19824,1114.9,N,Elder,F,15,C,MAGENTA,S,SE,Y
19825,656.37,N,Elder,M,16,B,MAGENTA,S,SW,N
19826,714.23,N,Elder,F,17,A,MAGENTA,N,NW,N
19827,374.47,N,Elder,M,14,A,INDIGO,S,SE,Y
19828,918.17,N,Elder,M,17,B,BROWN,N,NW,Y
19829,333.89,N,Elder,M,15,A,PURPLE,M,MW,N
19830,491.44,N,Young,M,15,A,MAGENTA,N,NW,N
19831,540,N,Elder,F,12,B,INDIGO,S,SE,N
19832,920.66,N,Elder,F,16,C,PURPLE,M,MW,N
19833,614.41,N,Elder,M,15,B,MAGENTA,S,SW,N
19834,353.78,N,Young,F,15,A,BROWN,M,MW,Y
19835,616.94,Y,Elder,M,18,A,BROWN,M,MW,Y
19836,838.98,N,Elder,M,17,A,BROWN,M,MW,Y
19837,1067.06,N,Elder,F,13,D,BROWN,M,MW,Y
19838,1038.24,N,Elder,M,14,B,BROWN,S,SE,N
19839,992.1,N,Elder,M,21,B,BROWN,S,SE,N
19840,660.05,N,Elder,F,16,B,BROWN,M,MW,Y
19841,888.58,N,Elder,M,20,B,MAGENTA,N,NW,N
19842,727.98,N,Young,F,15,A,BROWN,N,NE,Y
19843,434,N,Elder,F,16,A,BROWN,N,NW,Y
19844,369.66,N,Elder,F,15,A,MAGENTA,S,SW,N
19845,1595.43,N,Elder,M,19,D,BROWN,N,NW,Y
19846,1608.23,N,Elder,M,20,D,BROWN,S,SW,Y
19847,452.04,N,Elder,M,14,A,INDIGO,M,MW,N
19848,890.33,Y,Elder,M,20,B,INDIGO,N,NE,N
19849,1011.04,N,Elder,F,17,C,MAGENTA,S,SW,Y
19850,809.24,N,Elder,M,17,B,BROWN,N,NW,N
19851,675.95,N,Elder,F,15,B,INDIGO,S,SW,N
19852,1380.78,N,Elder,F,19,C,BROWN,M,ME,Y
19853,872.17,N,Elder,M,13,C,BROWN,M,ME,Y
19854,514.63,N,Elder,F,13,B,INDIGO,S,SW,N
19855,857.06,N,Elder,M,12,A,INDIGO,M,ME,Y
19856,809.72,Y,Elder,M,18,B,INDIGO,S,SW,Y
19857,949.7,N,Elder,M,19,B,INDIGO,M,ME,N
19858,418.94,N,Elder,F,16,A,MAGENTA,M,ME,N
19859,189.13,N,Elder,M,12,A,MAGENTA,S,SE,N
19860,446.12,N,Elder,F,13,A,MAGENTA,M,ME,N
19861,982.8,N,Elder,M,18,A,BROWN,S,SW,Y
19862,1107.69,Y,Young,M,14,B,BROWN,N,NW,N
19863,732.45,N,Young,M,18,A,MAGENTA,M,ME,N
19864,514.89,N,Elder,M,13,B,BROWN,N,NW,Y
19865,363.79,N,Elder,F,12,A,BROWN,S,SW,N
19866,743.62,N,Elder,M,21,A,BROWN,N,NW,Y
19867,251.7,N,Elder,M,13,A,BROWN,N,NE,Y
19868,567.53,N,Elder,F,18,A,MAGENTA,M,MW,N
19869,2545.3,N,Elder,M,19,A,INDIGO,M,ME,N
19870,475.37,N,Elder,M,16,A,INDIGO,N,NE,N
19871,1093.86,N,Elder,M,18,C,INDIGO,M,MW,N
19872,1038.27,N,Elder,M,18,B,INDIGO,N,NE,Y
19873,377.64,N,Elder,F,13,A,INDIGO,N,NE,Y
19874,694.57,N,Elder,M,16,B,INDIGO,M,MW,N
19875,988.45,N,Elder,F,16,C,BROWN,S,SE,N
19876,892.81,N,Elder,M,16,B,INDIGO,M,ME,Y
19877,630.18,Y,Elder,F,14,B,INDIGO,N,NW,Y
19878,691.17,N,Elder,F,18,A,BROWN,M,ME,N
19879,1038.82,N,Elder,F,15,C,INDIGO,N,NE,N
19880,1005.61,N,Elder,M,15,C,INDIGO,M,ME,N
19881,453.01,N,Elder,M,17,A,INDIGO,M,ME,Y
19882,340.85,N,Young,M,14,A,MAGENTA,S,SE,Y
19883,946.79,Y,Elder,M,15,B,BROWN,N,NW,Y
19884,927.2,N,Elder,M,16,B,BROWN,S,SW,N
19885,1738.69,N,Elder,M,19,C,INDIGO,M,ME,N
19886,670.56,N,Young,F,11,B,MAGENTA,N,NW,N
19887,711.23,N,Elder,F,16,B,BROWN,S,SW,Y
19888,447.16,N,Elder,M,17,A,INDIGO,N,NE,Y
19889,649.92,N,Elder,F,16,B,BROWN,M,MW,Y
19890,919.82,N,Elder,M,16,B,BROWN,N,NE,Y
19891,1267.75,Y,Elder,M,21,C,BROWN,N,NE,Y
19892,819.66,N,Elder,F,17,B,BROWN,M,MW,N
19893,695.66,N,Elder,M,19,A,MAGENTA,M,MW,N
19894,937.72,Y,Elder,F,15,B,INDIGO,M,MW,Y
19895,756.54,N,Elder,F,20,A,INDIGO,N,NW,Y
19896,678.33,N,Elder,F,16,B,BROWN,M,MW,N
19897,984.51,N,Elder,F,21,A,INDIGO,M,ME,Y
19898,1137.37,Y,Elder,F,18,B,INDIGO,M,ME,Y
19899,1648.03,N,Elder,F,14,D,INDIGO,N,NW,N
19900,1158.33,N,Elder,M,17,C,MAGENTA,N,NE,N
19901,807.52,N,Elder,F,18,B,INDIGO,N,NE,N
19902,1120.78,N,Elder,M,19,C,BROWN,N,NE,Y
19903,1303.92,Y,Elder,M,19,C,BROWN,M,ME,Y
19904,368.41,N,Elder,F,14,A,INDIGO,N,NW,N
19905,871.92,N,Elder,F,16,B,INDIGO,S,SW,Y
19906,901.31,N,Elder,M,20,B,PURPLE,S,SE,N
19907,657.77,N,Elder,M,16,B,PURPLE,N,NW,N
19908,470.92,N,Elder,F,13,A,INDIGO,N,NW,N
19909,376.04,N,Elder,M,15,A,INDIGO,M,MW,N
19910,416.06,N,Elder,M,15,A,INDIGO,N,NW,Y
19911,582.17,N,Elder,M,18,A,MAGENTA,M,ME,N
19912,1000.3,N,Elder,M,15,C,BROWN,S,SE,Y
19913,413.26,N,Elder,F,16,A,BROWN,M,ME,N
19914,1011.5,Y,Elder,M,18,B,BROWN,N,NE,Y
19915,726.05,N,Elder,M,17,B,INDIGO,N,NW,Y
19916,574.54,N,Elder,M,19,A,PURPLE,N,NE,N
19917,976.11,N,Elder,F,16,B,BROWN,N,NW,Y
19918,1017.13,N,Young,M,17,C,PURPLE,S,SW,N
19919,827.37,N,Elder,F,15,B,INDIGO,M,MW,Y
19920,991.01,N,Elder,M,16,B,MAGENTA,M,MW,N
19921,1858.19,N,Elder,M,20,A,BROWN,M,ME,Y
19922,953.33,N,Elder,M,19,B,INDIGO,N,NE,Y
19923,465.13,N,Elder,M,12,B,MAGENTA,N,NW,Y
19924,437.27,N,Elder,M,17,A,MAGENTA,N,NW,N
19925,1104.41,N,Young,F,13,C,BROWN,N,NE,Y
19926,331.03,N,Elder,M,15,A,MAGENTA,N,NW,N
19927,278.02,N,Elder,F,11,A,BROWN,N,NE,N
19928,495.49,N,Elder,M,17,A,BROWN,M,MW,Y
19929,713.31,Y,Elder,M,20,A,MAGENTA,N,NW,N
19930,868.61,N,Elder,M,16,B,BROWN,M,ME,N
19931,533.73,N,Young,F,15,A,BROWN,M,ME,Y
19932,929.24,N,Elder,M,19,B,MAGENTA,S,SE,N
19933,489.81,N,Elder,M,16,A,MAGENTA,S,SE,N
19934,1147.28,N,Elder,M,15,D,MAGENTA,S,SW,N
19935,833.7,N,Elder,M,15,A,INDIGO,M,ME,Y
19936,845.86,N,Elder,M,16,A,BROWN,N,NW,Y
19937,870.19,N,Elder,F,18,B,BROWN,N,NW,Y
19938,913.87,N,Elder,M,19,B,BROWN,M,MW,Y
19939,839.94,N,Elder,M,13,C,MAGENTA,M,ME,Y
19940,459.42,N,Elder,M,14,A,INDIGO,M,ME,N
19941,514.85,N,Elder,M,17,A,INDIGO,N,NE,N
19942,945.49,N,Elder,M,16,C,INDIGO,M,MW,Y
19943,1338.7,N,Elder,M,22,C,INDIGO,M,MW,N
19944,732.61,N,Elder,F,16,B,INDIGO,S,SW,N
19945,1298.62,Y,Elder,M,17,C,BROWN,N,NE,N
19946,667.48,N,Elder,M,18,A,INDIGO,N,NW,Y
19947,918.71,N,Elder,F,14,C,MAGENTA,M,MW,N
19948,451.27,N,Elder,M,16,A,INDIGO,N,NE,N
19949,1940.95,N,Elder,F,15,D,MAGENTA,N,NE,Y
19950,935.96,Y,Young,F,15,B,BROWN,S,SE,Y
19951,1168.46,N,Elder,M,19,C,INDIGO,N,NW,N
19952,318.55,N,Elder,F,13,A,BROWN,M,ME,Y
19953,597.03,N,Elder,M,14,B,MAGENTA,M,MW,N
19954,1200.66,N,Elder,M,17,B,BROWN,N,NE,N
19955,767.88,Y,Elder,M,18,B,INDIGO,M,MW,Y
19956,578.52,N,Elder,M,13,B,MAGENTA,M,ME,N
19957,1324.07,N,Elder,M,15,B,BROWN,S,SE,Y
19958,386.36,N,Elder,F,15,A,BROWN,M,ME,Y
19959,2095.9,N,Elder,M,20,B,BROWN,N,NW,Y
19960,874.16,N,Elder,F,15,C,INDIGO,M,MW,Y
19961,668.98,N,Elder,M,16,B,BROWN,N,NW,Y
19962,825.94,N,Elder,M,18,B,BROWN,M,MW,Y
19963,379.97,N,Elder,F,15,A,INDIGO,N,NW,Y
19964,397.7,N,Elder,M,13,A,INDIGO,M,MW,Y
19965,636.22,N,Elder,F,15,A,INDIGO,M,MW,Y
19966,276.57,N,Elder,F,13,A,BROWN,M,ME,Y
19967,1001.4,N,Elder,F,17,C,MAGENTA,N,NW,N
19968,820.9,N,Elder,F,17,A,MAGENTA,S,SE,Y
19969,826.58,N,Elder,M,14,C,PURPLE,N,NE,N
19970,989.19,Y,Elder,M,16,C,INDIGO,S,SE,Y
19971,1109.02,N,Young,M,12,D,BROWN,N,NW,N
19972,633.99,N,Elder,M,14,B,INDIGO,S,SW,Y
19973,712.09,Y,Elder,M,15,B,INDIGO,M,ME,Y
19974,553.67,N,Elder,F,15,A,PURPLE,N,NW,N
19975,803.56,N,Elder,F,17,A,MAGENTA,N,NE,N
19976,1548.65,N,Young,F,14,D,BROWN,M,MW,N
19977,934.49,N,Elder,F,14,C,INDIGO,S,SE,N
19978,1284.99,N,Elder,M,17,D,BROWN,M,MW,Y
19979,299.62,N,Young,M,13,A,MAGENTA,M,MW,N
19980,939.43,N,Elder,F,18,B,INDIGO,M,ME,N
19981,1487.42,N,Elder,M,17,D,BROWN,N,NE,Y
19982,1020.38,N,Elder,M,15,C,BROWN,S,SW,Y
19983,164.82,N,Elder,F,12,A,MAGENTA,S,SE,N
19984,335.97,N,Elder,M,15,A,INDIGO,M,ME,Y
19985,400.79,N,Young,F,10,B,INDIGO,N,NW,Y
19986,1241.03,N,Elder,F,19,C,BROWN,M,MW,N
19987,652.19,N,Elder,M,15,B,MAGENTA,M,MW,N
19988,1019.23,Y,Elder,F,17,C,BROWN,S,SW,Y
19989,940.18,Y,Young,M,16,C,MAGENTA,M,ME,Y
19990,567.96,N,Elder,M,17,A,BROWN,N,NW,Y
19991,942.76,N,Elder,F,17,B,MAGENTA,S,SW,Y
19992,1183.35,N,Elder,F,16,C,BROWN,M,MW,Y
19993,1545.16,N,Elder,M,17,D,BROWN,N,NW,Y
19994,433.24,N,Elder,F,16,A,MAGENTA,M,ME,N
19995,966.84,N,Elder,F,16,C,BROWN,S,SW,Y
19996,577.95,N,Elder,F,14,B,BROWN,N,NW,Y
19997,777.33,N,Elder,M,17,A,BROWN,N,NW,Y
19998,785.59,N,Elder,M,16,B,BROWN,M,ME,Y
19999,662.98,N,Young,M,15,B,INDIGO,N,NE,Y
20000,1009.53,N,Elder,F,13,B,INDIGO,S,SW,Y